C:\Program Files\dotnet\sdk\10.0.102\MSBuild.dll -nologo --property:NuGetInteractive=false --target:Restore --verbosity:m --verbosity:diag -distributedlogger:Microsoft.DotNet.Cli.Commands.MSBuild.MSBuildLogger,C:\Program Files\dotnet\sdk\10.0.102\dotnet.dll*Microsoft.DotNet.Cli.Commands.MSBuild.MSBuildForwardingLogger,C:\Program Files\dotnet\sdk\10.0.102\dotnet.dll -maxcpucount -tlp:default=auto KIOSK\KIOSK.csproj
Build started 2026-02-19 오전 10:37:45.
Environment at start of build:
DOTNET_CLI_UI_LANGUAGE = en
MSBUILDFAILONDRIVEENUMERATINGWILDCARD = 1
MSBuildExtensionsPath = C:\Program Files\dotnet\sdk\10.0.102\
MSBuildLoadMicrosoftTargetsReadOnly = true
MSBUILDUSESERVER = 0
DOTNET_CLI_TELEMETRY_SESSIONID = 33de97b0-c82b-4708-9101-efc10ea18c95
DOTNET_HOST_PATH = C:\Program Files\dotnet\dotnet.exe
MSBuildSDKsPath = C:\Program Files\dotnet\sdk\10.0.102\Sdks

10:37:45.999     0>Terminal Logger was not used because the output is being redirected to a file.
                   Process = "C:\Program Files\dotnet\dotnet.exe"
                   MSBuild executable path = "C:\Program Files\dotnet\sdk\10.0.102\MSBuild.dll"
                   Command line arguments = "C:\Program Files\dotnet\sdk\10.0.102\MSBuild.dll -maxcpucount --verbosity:m -tlp:default=auto --property:NuGetInteractive=false --target:Restore --verbosity:diag KIOSK\KIOSK.csproj -distributedlogger:Microsoft.DotNet.Cli.Commands.MSBuild.MSBuildLogger,C:\Program Files\dotnet\sdk\10.0.102\dotnet.dll*Microsoft.DotNet.Cli.Commands.MSBuild.MSBuildForwardingLogger,C:\Program Files\dotnet\sdk\10.0.102\dotnet.dll -nologo"
                   Current directory = "c:\Users\niaci\RiderProjects\moenybox_devicecontroller"
                   MSBuild version = "18.0.7+445250245"
                   Based on the Windows registry key LongPathsEnabled, the LongPaths feature is disabled.
                   Based on the Windows registry key VerifiedAndReputablePolicyState, SAC state = 0: turned off.
                   The SDK "Microsoft.NET.Sdk" was successfully resolved by the "DefaultSdkResolver" resolver to location "C:\Program Files\dotnet\sdk\10.0.102\Sdks\Microsoft.NET.Sdk\Sdk" and version "".
                   C:\Program Files\dotnet\sdk\10.0.102\Sdks\Microsoft.NET.Sdk\Sdk\Sdk.props(49,11): message : Property 'MSBuildExtensionsPath' with value 'C:\Program Files\dotnet\sdk\10.0.102\' expanded from the environment.
                   C:\Program Files\dotnet\sdk\10.0.102\Current\Microsoft.Common.props(60,5): message : Property reassignment: $(MSBuildProjectExtensionsPath)="c:\Users\niaci\RiderProjects\moenybox_devicecontroller\KIOSK\obj\" (previous value: "obj\") at C:\Program Files\dotnet\sdk\10.0.102\Current\Microsoft.Common.props (60,5)
                   C:\Program Files\dotnet\sdk\10.0.102\Current\Microsoft.Common.props(84,119): message : Property 'MSBuildUserExtensionsPath' with value 'C:\Users\niaci\AppData\Local\Microsoft\MSBuild' expanded from the environment.
                   Assembly loaded during Evaluation: System.Threading.Tasks.Parallel, Version=10.0.0.0, Culture=neutral, PublicKeyToken=b03f5f7f11d50a3a (location: C:\Program Files\dotnet\shared\Microsoft.NETCore.App\10.0.2\System.Threading.Tasks.Parallel.dll, MVID: c827d93a-622c-403f-b635-e7389c8accaa, AssemblyLoadContext: Default)
                   C:\Program Files\dotnet\sdk\10.0.102\Sdks\Microsoft.NET.Sdk\targets\Microsoft.NET.Sdk.props(90,5): message : Property reassignment: $(AssemblySearchPaths)="{CandidateAssemblyFiles};{HintPathFromItem}" (previous value: "{CandidateAssemblyFiles}") at C:\Program Files\dotnet\sdk\10.0.102\Sdks\Microsoft.NET.Sdk\targets\Microsoft.NET.Sdk.props (90,5)
                   C:\Program Files\dotnet\sdk\10.0.102\Sdks\Microsoft.NET.Sdk\targets\Microsoft.NET.Sdk.props(91,5): message : Property reassignment: $(AssemblySearchPaths)="{CandidateAssemblyFiles};{HintPathFromItem};{TargetFrameworkDirectory}" (previous value: "{CandidateAssemblyFiles};{HintPathFromItem}") at C:\Program Files\dotnet\sdk\10.0.102\Sdks\Microsoft.NET.Sdk\targets\Microsoft.NET.Sdk.props (91,5)
                   C:\Program Files\dotnet\sdk\10.0.102\Sdks\Microsoft.NET.Sdk\targets\Microsoft.NET.Sdk.props(92,5): message : Property reassignment: $(AssemblySearchPaths)="{CandidateAssemblyFiles};{HintPathFromItem};{TargetFrameworkDirectory};{RawFileName}" (previous value: "{CandidateAssemblyFiles};{HintPathFromItem};{TargetFrameworkDirectory}") at C:\Program Files\dotnet\sdk\10.0.102\Sdks\Microsoft.NET.Sdk\targets\Microsoft.NET.Sdk.props (92,5)
                   The "DefaultSdkResolver" resolver attempted to resolve the SDK "Microsoft.NET.SDK.WorkloadAutoImportPropsLocator".
                   Warnings: null
                   Errors: MSB4276: The default SDK resolver failed to resolve SDK "Microsoft.NET.SDK.WorkloadAutoImportPropsLocator" because directory "C:\Program Files\dotnet\sdk\10.0.102\Sdks\Microsoft.NET.SDK.WorkloadAutoImportPropsLocator\Sdk" did not exist.
                   Assembly loaded during Evaluation: Microsoft.Build.NuGetSdkResolver, Version=7.0.2.0, Culture=neutral, PublicKeyToken=31bf3856ad364e35 (location: C:\Program Files\dotnet\sdk\10.0.102\Microsoft.Build.NuGetSdkResolver.dll, MVID: 9c3f2b84-100e-4a53-8b3c-dbc6cc5ca608, AssemblyLoadContext: MSBuild plugin C:\Program Files\dotnet\sdk\10.0.102\Microsoft.Build.NuGetSdkResolver.dll)
                   Assembly loaded during Evaluation: NuGet.Common, Version=7.0.2.0, Culture=neutral, PublicKeyToken=31bf3856ad364e35 (location: C:\Program Files\dotnet\sdk\10.0.102\NuGet.Common.dll, MVID: 0ebddcbc-c0d1-4562-9772-1cc3c243691f, AssemblyLoadContext: MSBuild plugin C:\Program Files\dotnet\sdk\10.0.102\Microsoft.Build.NuGetSdkResolver.dll)
                   Assembly loaded during Evaluation: Microsoft.NET.Sdk.WorkloadMSBuildSdkResolver, Version=10.0.102.0, Culture=neutral, PublicKeyToken=31bf3856ad364e35 (location: C:\Program Files\dotnet\sdk\10.0.102\Microsoft.NET.Sdk.WorkloadMSBuildSdkResolver.dll, MVID: 0e66cf43-0163-4488-bd51-f0846c45fc40, AssemblyLoadContext: MSBuild plugin C:\Program Files\dotnet\sdk\10.0.102\Microsoft.NET.Sdk.WorkloadMSBuildSdkResolver.dll)
                   Assembly loaded during Evaluation: Microsoft.DotNet.Cli.Utils, Version=10.0.102.0, Culture=neutral, PublicKeyToken=adb9793829ddae60 (location: C:\Program Files\dotnet\sdk\10.0.102\Microsoft.DotNet.Cli.Utils.dll, MVID: cae0198e-8b37-4d9c-86e8-b59957899232, AssemblyLoadContext: MSBuild plugin C:\Program Files\dotnet\sdk\10.0.102\Microsoft.NET.Sdk.WorkloadMSBuildSdkResolver.dll)
                   Assembly loaded during Evaluation: Microsoft.NET.Sdk.WorkloadManifestReader, Version=10.0.102.0, Culture=neutral, PublicKeyToken=adb9793829ddae60 (location: C:\Program Files\dotnet\sdk\10.0.102\Microsoft.NET.Sdk.WorkloadManifestReader.dll, MVID: f3389ec6-0253-4ad5-bd68-28bf0a66ae27, AssemblyLoadContext: MSBuild plugin C:\Program Files\dotnet\sdk\10.0.102\Microsoft.NET.Sdk.WorkloadMSBuildSdkResolver.dll)
                   Assembly loaded during Evaluation: Microsoft.Deployment.DotNet.Releases, Version=2.0.0.0, Culture=neutral, PublicKeyToken=31bf3856ad364e35 (location: C:\Program Files\dotnet\sdk\10.0.102\Microsoft.Deployment.DotNet.Releases.dll, MVID: 80b7d375-dc3e-433d-9d6a-803f8910de16, AssemblyLoadContext: MSBuild plugin C:\Program Files\dotnet\sdk\10.0.102\Microsoft.NET.Sdk.WorkloadMSBuildSdkResolver.dll)
                   The SDK "Microsoft.NET.SDK.WorkloadAutoImportPropsLocator" was successfully resolved by the "Microsoft.DotNet.MSBuildWorkloadSdkResolver" resolver to location "C:\Program Files\dotnet\packs\Microsoft.Android.Sdk.Windows\36.1.2\Sdk" and version "null".
                   c:\Users\niaci\RiderProjects\moenybox_devicecontroller\KIOSK\KIOSK.csproj(4,9): message : Property reassignment: $(OutputType)="WinExe" (previous value: "Library") at c:\Users\niaci\RiderProjects\moenybox_devicecontroller\KIOSK\KIOSK.csproj (4,9)
                   c:\Users\niaci\RiderProjects\moenybox_devicecontroller\KIOSK\KIOSK.csproj(10,3): message : Property reassignment: $(Platforms)="AnyCPU;x86;x64" (previous value: "AnyCPU") at c:\Users\niaci\RiderProjects\moenybox_devicecontroller\KIOSK\KIOSK.csproj (10,3)
                   c:\Users\niaci\RiderProjects\moenybox_devicecontroller\KIOSK\KIOSK.csproj(11,3): message : Property reassignment: $(Configurations)="Debug;Release;Remote" (previous value: "Debug;Release") at c:\Users\niaci\RiderProjects\moenybox_devicecontroller\KIOSK\KIOSK.csproj (11,3)
                   C:\Program Files\dotnet\sdk\10.0.102\Sdks\Microsoft.NET.Sdk\targets\Microsoft.NET.Sdk.ImportPublishProfile.targets(28,5): message : Property reassignment: $(PublishProfileImported)="false" (previous value: "true") at C:\Program Files\dotnet\sdk\10.0.102\Sdks\Microsoft.NET.Sdk\targets\Microsoft.NET.Sdk.ImportPublishProfile.targets (28,5)
                   Assembly loaded during Evaluation: NuGet.Frameworks, Version=7.0.2.0, Culture=neutral, PublicKeyToken=31bf3856ad364e35 (location: C:\Program Files\dotnet\sdk\10.0.102\NuGet.Frameworks.dll, MVID: 49dfecd1-88f8-4b59-9e85-1a519567a742, AssemblyLoadContext: Assembly.LoadFile(C:\Program Files\dotnet\sdk\10.0.102\NuGet.Frameworks.dll))
                   C:\Program Files\dotnet\sdk\10.0.102\Sdks\Microsoft.NET.Sdk\targets\Microsoft.NET.TargetFrameworkInference.targets(84,5): message : Property reassignment: $(TargetPlatformIdentifier)="Windows" (previous value: "windows") at C:\Program Files\dotnet\sdk\10.0.102\Sdks\Microsoft.NET.Sdk\targets\Microsoft.NET.TargetFrameworkInference.targets (84,5)
                   C:\Program Files\dotnet\sdk\10.0.102\Sdks\Microsoft.NET.Sdk\targets\Microsoft.NET.DefaultOutputPaths.targets(102,5): message : Property reassignment: $(BaseOutputPath)="bin\" (previous value: "") at C:\Program Files\dotnet\sdk\10.0.102\Sdks\Microsoft.NET.Sdk\targets\Microsoft.NET.DefaultOutputPaths.targets (102,5)
                   C:\Program Files\dotnet\sdk\10.0.102\Sdks\Microsoft.NET.Sdk\targets\Microsoft.NET.DefaultOutputPaths.targets(119,5): message : Property reassignment: $(PackageOutputPath)="bin\Debug\" (previous value: "") at C:\Program Files\dotnet\sdk\10.0.102\Sdks\Microsoft.NET.Sdk\targets\Microsoft.NET.DefaultOutputPaths.targets (119,5)
                   C:\Program Files\dotnet\sdk\10.0.102\Sdks\Microsoft.NET.Sdk\targets\Microsoft.NET.DefaultOutputPaths.targets(127,5): message : Property reassignment: $(DefaultItemExcludes)=";bin\Debug\/**;obj\Debug\/**" (previous value: ";bin\Debug\/**") at C:\Program Files\dotnet\sdk\10.0.102\Sdks\Microsoft.NET.Sdk\targets\Microsoft.NET.DefaultOutputPaths.targets (127,5)
                   C:\Program Files\dotnet\sdk\10.0.102\Sdks\Microsoft.NET.Sdk\targets\Microsoft.NET.DefaultOutputPaths.targets(142,5): message : Property reassignment: $(OutputPath)="bin\Debug\net9.0-windows10.0.17763.0\" (previous value: "bin\Debug\") at C:\Program Files\dotnet\sdk\10.0.102\Sdks\Microsoft.NET.Sdk\targets\Microsoft.NET.DefaultOutputPaths.targets (142,5)
                   C:\Program Files\dotnet\sdk\10.0.102\Sdks\Microsoft.NET.Sdk\targets\Microsoft.NET.DefaultOutputPaths.targets(147,5): message : Property reassignment: $(IntermediateOutputPath)="obj\Debug\net9.0-windows10.0.17763.0\" (previous value: "obj\Debug\") at C:\Program Files\dotnet\sdk\10.0.102\Sdks\Microsoft.NET.Sdk\targets\Microsoft.NET.DefaultOutputPaths.targets (147,5)
                   The "DefaultSdkResolver" resolver attempted to resolve the SDK "Microsoft.NET.SDK.WorkloadManifestTargetsLocator".
                   Warnings: null
                   Errors: MSB4276: The default SDK resolver failed to resolve SDK "Microsoft.NET.SDK.WorkloadManifestTargetsLocator" because directory "C:\Program Files\dotnet\sdk\10.0.102\Sdks\Microsoft.NET.SDK.WorkloadManifestTargetsLocator\Sdk" did not exist.
                   The SDK "Microsoft.NET.SDK.WorkloadManifestTargetsLocator" was successfully resolved by the "Microsoft.DotNet.MSBuildWorkloadSdkResolver" resolver to location "C:\Program Files\dotnet\sdk-manifests\10.0.100\microsoft.net.sdk.android\36.1.2" and version "null".
                   C:\Program Files\dotnet\sdk\10.0.102\Sdks\Microsoft.NET.Sdk\targets\Microsoft.NET.Sdk.BeforeCommon.targets(371,5): message : Property reassignment: $(RoslynTargetsPath)="C:\Program Files\dotnet\sdk\10.0.102\Sdks\Microsoft.NET.Sdk\targets\..\..\..\Roslyn" (previous value: "C:\Program Files\dotnet\sdk\10.0.102\Roslyn") at C:\Program Files\dotnet\sdk\10.0.102\Sdks\Microsoft.NET.Sdk\targets\Microsoft.NET.Sdk.BeforeCommon.targets (371,5)
                   C:\Program Files\dotnet\sdk\10.0.102\Roslyn\Microsoft.Managed.Core.targets(6,5): message : Property reassignment: $(_BuildTasksDirectory)="C:\Program Files\dotnet\sdk\10.0.102\Sdks\Microsoft.NET.Sdk\targets\..\..\..\Roslyn\" (previous value: "C:\Program Files\dotnet\sdk\10.0.102\Roslyn\") at C:\Program Files\dotnet\sdk\10.0.102\Roslyn\Microsoft.Managed.Core.targets (6,5)
                   C:\Program Files\dotnet\sdk\10.0.102\Roslyn\Microsoft.CSharp.Core.targets(200,5): message : Property reassignment: $(CommandLineArgsForDesignTimeEvaluation)="-langversion:13.0 -define:TRACE" (previous value: "-langversion:13.0") at C:\Program Files\dotnet\sdk\10.0.102\Roslyn\Microsoft.CSharp.Core.targets (200,5)
                   Assembly loaded during Evaluation: Microsoft.Build.Utilities.Core, Version=15.1.0.0, Culture=neutral, PublicKeyToken=b03f5f7f11d50a3a (location: C:\Program Files\dotnet\sdk\10.0.102\Microsoft.Build.Utilities.Core.dll, MVID: 1b1ea269-399d-4129-bea4-5e805d608f5b, AssemblyLoadContext: Default)
                   C:\Program Files\dotnet\sdk\10.0.102\Microsoft.Common.CurrentVersion.targets(175,5): message : Property reassignment: $(_DebugSymbolsProduced)="true" (previous value: "false") at C:\Program Files\dotnet\sdk\10.0.102\Microsoft.Common.CurrentVersion.targets (175,5)
                   C:\Program Files\dotnet\sdk\10.0.102\Microsoft.Common.CurrentVersion.targets(185,5): message : Property reassignment: $(_DocumentationFileProduced)="false" (previous value: "true") at C:\Program Files\dotnet\sdk\10.0.102\Microsoft.Common.CurrentVersion.targets (185,5)
                   C:\Program Files\dotnet\sdk\10.0.102\Microsoft.Common.CurrentVersion.targets(393,5): message : Property reassignment: $(MSBuildCopyMarkerName)="KIOSK.csproj.Up2Date" (previous value: "KIOSK.csproj") at C:\Program Files\dotnet\sdk\10.0.102\Microsoft.Common.CurrentVersion.targets (393,5)
                   C:\Program Files\dotnet\sdk\10.0.102\Microsoft.Common.CurrentVersion.targets(541,5): message : Property reassignment: $(ProcessorArchitecture)="msil" (previous value: "") at C:\Program Files\dotnet\sdk\10.0.102\Microsoft.Common.CurrentVersion.targets (541,5)
                   C:\Program Files\dotnet\sdk\10.0.102\Microsoft.Common.CurrentVersion.targets(580,5): message : Property reassignment: $(DelaySign)="" (previous value: "false") at C:\Program Files\dotnet\sdk\10.0.102\Microsoft.Common.CurrentVersion.targets (580,5)
                   C:\Program Files\dotnet\sdk\10.0.102\Microsoft.Common.CurrentVersion.targets(2606,5): message : Property 'LOCALAPPDATA' with value 'C:\Users\niaci\AppData\Local' expanded from the environment.
                   C:\Program Files\dotnet\sdk\10.0.102\Microsoft.Common.CurrentVersion.targets(3934,5): message : Property reassignment: $(_SGenGenerateSerializationAssembliesConfig)="Auto" (previous value: "") at C:\Program Files\dotnet\sdk\10.0.102\Microsoft.Common.CurrentVersion.targets (3934,5)
                   C:\Program Files\dotnet\sdk\10.0.102\Microsoft.Common.CurrentVersion.targets(3935,5): message : Property reassignment: $(_SGenGenerateSerializationAssembliesConfig)="Off" (previous value: "Auto") at C:\Program Files\dotnet\sdk\10.0.102\Microsoft.Common.CurrentVersion.targets (3935,5)
                   C:\Program Files\dotnet\sdk\10.0.102\Microsoft.Common.CurrentVersion.targets(5146,5): message : Property reassignment: $(_TargetsThatPrepareProjectReferences)="
                   C:\Program Files\dotnet\sdk\10.0.102\Microsoft.Common.CurrentVersion.targets(5146,5): message :       AssignProjectConfiguration;
                   C:\Program Files\dotnet\sdk\10.0.102\Microsoft.Common.CurrentVersion.targets(5146,5): message :       _SplitProjectReferencesByFileExistence
                   C:\Program Files\dotnet\sdk\10.0.102\Microsoft.Common.CurrentVersion.targets(5146,5): message :     " (previous value: "_SplitProjectReferencesByFileExistence") at C:\Program Files\dotnet\sdk\10.0.102\Microsoft.Common.CurrentVersion.targets (5146,5)
                   C:\Program Files\dotnet\sdk\10.0.102\Microsoft.Common.CurrentVersion.targets(6959,5): message : Property 'MSBuildExtensionsPath32' with value 'C:\Program Files\dotnet\sdk\10.0.102' expanded from the environment.
                   The "NuGetInteractive" property is a global property, and cannot be modified.
                   C:\Program Files\dotnet\sdk\10.0.102\Sdks\Microsoft.NET.Sdk\targets\Microsoft.PackageDependencyResolution.targets(24,5): message : Property reassignment: $(ProjectAssetsFile)="c:\Users\niaci\RiderProjects\moenybox_devicecontroller\KIOSK\obj\project.assets.json" (previous value: "c:\Users\niaci\RiderProjects\moenybox_devicecontroller\KIOSK\obj\/project.assets.json") at C:\Program Files\dotnet\sdk\10.0.102\Sdks\Microsoft.NET.Sdk\targets\Microsoft.PackageDependencyResolution.targets (24,5)
                   C:\Program Files\dotnet\sdk\10.0.102\Sdks\Microsoft.NET.Sdk\targets\Microsoft.PackageDependencyResolution.targets(29,5): message : Property reassignment: $(ProjectAssetsCacheFile)="c:\Users\niaci\RiderProjects\moenybox_devicecontroller\KIOSK\obj\Debug\net9.0-windows10.0.17763.0\KIOSK.assets.cache" (previous value: "obj\Debug\net9.0-windows10.0.17763.0\KIOSK.assets.cache") at C:\Program Files\dotnet\sdk\10.0.102\Sdks\Microsoft.NET.Sdk\targets\Microsoft.PackageDependencyResolution.targets (29,5)
                   C:\Program Files\dotnet\sdk\10.0.102\Sdks\Microsoft.NET.Sdk\targets\Microsoft.PackageDependencyResolution.targets(80,5): message : Property reassignment: $(ResolveAssemblyReferencesDependsOn)="
                   C:\Program Files\dotnet\sdk\10.0.102\Sdks\Microsoft.NET.Sdk\targets\Microsoft.PackageDependencyResolution.targets(80,5): message :       
                   C:\Program Files\dotnet\sdk\10.0.102\Sdks\Microsoft.NET.Sdk\targets\Microsoft.PackageDependencyResolution.targets(80,5): message :       ResolveProjectReferences;
                   C:\Program Files\dotnet\sdk\10.0.102\Sdks\Microsoft.NET.Sdk\targets\Microsoft.PackageDependencyResolution.targets(80,5): message :       FindInvalidProjectReferences;
                   C:\Program Files\dotnet\sdk\10.0.102\Sdks\Microsoft.NET.Sdk\targets\Microsoft.PackageDependencyResolution.targets(80,5): message :       GetFrameworkPaths;
                   C:\Program Files\dotnet\sdk\10.0.102\Sdks\Microsoft.NET.Sdk\targets\Microsoft.PackageDependencyResolution.targets(80,5): message :       GetReferenceAssemblyPaths;
                   C:\Program Files\dotnet\sdk\10.0.102\Sdks\Microsoft.NET.Sdk\targets\Microsoft.PackageDependencyResolution.targets(80,5): message :       PrepareForBuild;
                   C:\Program Files\dotnet\sdk\10.0.102\Sdks\Microsoft.NET.Sdk\targets\Microsoft.PackageDependencyResolution.targets(80,5): message :       ResolveSDKReferences;
                   C:\Program Files\dotnet\sdk\10.0.102\Sdks\Microsoft.NET.Sdk\targets\Microsoft.PackageDependencyResolution.targets(80,5): message :       ExpandSDKReferences;
                   C:\Program Files\dotnet\sdk\10.0.102\Sdks\Microsoft.NET.Sdk\targets\Microsoft.PackageDependencyResolution.targets(80,5): message :     ;
                   C:\Program Files\dotnet\sdk\10.0.102\Sdks\Microsoft.NET.Sdk\targets\Microsoft.PackageDependencyResolution.targets(80,5): message :       ResolvePackageDependenciesForBuild;
                   C:\Program Files\dotnet\sdk\10.0.102\Sdks\Microsoft.NET.Sdk\targets\Microsoft.PackageDependencyResolution.targets(80,5): message :       _HandlePackageFileConflicts;
                   C:\Program Files\dotnet\sdk\10.0.102\Sdks\Microsoft.NET.Sdk\targets\Microsoft.PackageDependencyResolution.targets(80,5): message :     " (previous value: "
                   C:\Program Files\dotnet\sdk\10.0.102\Sdks\Microsoft.NET.Sdk\targets\Microsoft.PackageDependencyResolution.targets(80,5): message :       ResolveProjectReferences;
                   C:\Program Files\dotnet\sdk\10.0.102\Sdks\Microsoft.NET.Sdk\targets\Microsoft.PackageDependencyResolution.targets(80,5): message :       FindInvalidProjectReferences;
                   C:\Program Files\dotnet\sdk\10.0.102\Sdks\Microsoft.NET.Sdk\targets\Microsoft.PackageDependencyResolution.targets(80,5): message :       GetFrameworkPaths;
                   C:\Program Files\dotnet\sdk\10.0.102\Sdks\Microsoft.NET.Sdk\targets\Microsoft.PackageDependencyResolution.targets(80,5): message :       GetReferenceAssemblyPaths;
                   C:\Program Files\dotnet\sdk\10.0.102\Sdks\Microsoft.NET.Sdk\targets\Microsoft.PackageDependencyResolution.targets(80,5): message :       PrepareForBuild;
                   C:\Program Files\dotnet\sdk\10.0.102\Sdks\Microsoft.NET.Sdk\targets\Microsoft.PackageDependencyResolution.targets(80,5): message :       ResolveSDKReferences;
                   C:\Program Files\dotnet\sdk\10.0.102\Sdks\Microsoft.NET.Sdk\targets\Microsoft.PackageDependencyResolution.targets(80,5): message :       ExpandSDKReferences;
                   C:\Program Files\dotnet\sdk\10.0.102\Sdks\Microsoft.NET.Sdk\targets\Microsoft.PackageDependencyResolution.targets(80,5): message :     ") at C:\Program Files\dotnet\sdk\10.0.102\Sdks\Microsoft.NET.Sdk\targets\Microsoft.PackageDependencyResolution.targets (80,5)
                   C:\Program Files\dotnet\sdk\10.0.102\Sdks\Microsoft.NET.Sdk\targets\Microsoft.PackageDependencyResolution.targets(86,5): message : Property reassignment: $(PrepareResourcesDependsOn)="
                   C:\Program Files\dotnet\sdk\10.0.102\Sdks\Microsoft.NET.Sdk\targets\Microsoft.PackageDependencyResolution.targets(86,5): message :       ResolvePackageDependenciesForBuild;
                   C:\Program Files\dotnet\sdk\10.0.102\Sdks\Microsoft.NET.Sdk\targets\Microsoft.PackageDependencyResolution.targets(86,5): message :       _HandlePackageFileConflicts;
                   C:\Program Files\dotnet\sdk\10.0.102\Sdks\Microsoft.NET.Sdk\targets\Microsoft.PackageDependencyResolution.targets(86,5): message :       
                   C:\Program Files\dotnet\sdk\10.0.102\Sdks\Microsoft.NET.Sdk\targets\Microsoft.PackageDependencyResolution.targets(86,5): message :       ;
                   C:\Program Files\dotnet\sdk\10.0.102\Sdks\Microsoft.NET.Sdk\targets\Microsoft.PackageDependencyResolution.targets(86,5): message :       PrepareResourceNames;
                   C:\Program Files\dotnet\sdk\10.0.102\Sdks\Microsoft.NET.Sdk\targets\Microsoft.PackageDependencyResolution.targets(86,5): message :       ResGen;
                   C:\Program Files\dotnet\sdk\10.0.102\Sdks\Microsoft.NET.Sdk\targets\Microsoft.PackageDependencyResolution.targets(86,5): message :       CompileLicxFiles
                   C:\Program Files\dotnet\sdk\10.0.102\Sdks\Microsoft.NET.Sdk\targets\Microsoft.PackageDependencyResolution.targets(86,5): message :     
                   C:\Program Files\dotnet\sdk\10.0.102\Sdks\Microsoft.NET.Sdk\targets\Microsoft.PackageDependencyResolution.targets(86,5): message :     " (previous value: "
                   C:\Program Files\dotnet\sdk\10.0.102\Sdks\Microsoft.NET.Sdk\targets\Microsoft.PackageDependencyResolution.targets(86,5): message :       ;
                   C:\Program Files\dotnet\sdk\10.0.102\Sdks\Microsoft.NET.Sdk\targets\Microsoft.PackageDependencyResolution.targets(86,5): message :       PrepareResourceNames;
                   C:\Program Files\dotnet\sdk\10.0.102\Sdks\Microsoft.NET.Sdk\targets\Microsoft.PackageDependencyResolution.targets(86,5): message :       ResGen;
                   C:\Program Files\dotnet\sdk\10.0.102\Sdks\Microsoft.NET.Sdk\targets\Microsoft.PackageDependencyResolution.targets(86,5): message :       CompileLicxFiles
                   C:\Program Files\dotnet\sdk\10.0.102\Sdks\Microsoft.NET.Sdk\targets\Microsoft.PackageDependencyResolution.targets(86,5): message :     ") at C:\Program Files\dotnet\sdk\10.0.102\Sdks\Microsoft.NET.Sdk\targets\Microsoft.PackageDependencyResolution.targets (86,5)
                   C:\Program Files\dotnet\sdk\10.0.102\Sdks\Microsoft.NET.Sdk\targets\Microsoft.NET.Sdk.DefaultItems.targets(35,5): message : Property reassignment: $(DefaultItemExcludes)=";bin\Debug\/**;obj\Debug\/**;bin\/**" (previous value: ";bin\Debug\/**;obj\Debug\/**") at C:\Program Files\dotnet\sdk\10.0.102\Sdks\Microsoft.NET.Sdk\targets\Microsoft.NET.Sdk.DefaultItems.targets (35,5)
                   C:\Program Files\dotnet\sdk\10.0.102\Sdks\Microsoft.NET.Sdk\targets\Microsoft.NET.Sdk.DefaultItems.targets(37,5): message : Property reassignment: $(DefaultItemExcludes)=";bin\Debug\/**;obj\Debug\/**;bin\/**;obj\/**" (previous value: ";bin\Debug\/**;obj\Debug\/**;bin\/**") at C:\Program Files\dotnet\sdk\10.0.102\Sdks\Microsoft.NET.Sdk\targets\Microsoft.NET.Sdk.DefaultItems.targets (37,5)
                   C:\Program Files\dotnet\sdk\10.0.102\Sdks\Microsoft.NET.Sdk\targets\Microsoft.NET.Sdk.DefaultItems.targets(40,5): message : Property reassignment: $(DefaultItemExcludes)=";bin\Debug\/**;obj\Debug\/**;bin\/**;obj\/**;**/*.user" (previous value: ";bin\Debug\/**;obj\Debug\/**;bin\/**;obj\/**") at C:\Program Files\dotnet\sdk\10.0.102\Sdks\Microsoft.NET.Sdk\targets\Microsoft.NET.Sdk.DefaultItems.targets (40,5)
                   C:\Program Files\dotnet\sdk\10.0.102\Sdks\Microsoft.NET.Sdk\targets\Microsoft.NET.Sdk.DefaultItems.targets(41,5): message : Property reassignment: $(DefaultItemExcludes)=";bin\Debug\/**;obj\Debug\/**;bin\/**;obj\/**;**/*.user;**/*.*proj" (previous value: ";bin\Debug\/**;obj\Debug\/**;bin\/**;obj\/**;**/*.user") at C:\Program Files\dotnet\sdk\10.0.102\Sdks\Microsoft.NET.Sdk\targets\Microsoft.NET.Sdk.DefaultItems.targets (41,5)
                   C:\Program Files\dotnet\sdk\10.0.102\Sdks\Microsoft.NET.Sdk\targets\Microsoft.NET.Sdk.DefaultItems.targets(42,5): message : Property reassignment: $(DefaultItemExcludes)=";bin\Debug\/**;obj\Debug\/**;bin\/**;obj\/**;**/*.user;**/*.*proj;**/*.sln" (previous value: ";bin\Debug\/**;obj\Debug\/**;bin\/**;obj\/**;**/*.user;**/*.*proj") at C:\Program Files\dotnet\sdk\10.0.102\Sdks\Microsoft.NET.Sdk\targets\Microsoft.NET.Sdk.DefaultItems.targets (42,5)
                   C:\Program Files\dotnet\sdk\10.0.102\Sdks\Microsoft.NET.Sdk\targets\Microsoft.NET.Sdk.DefaultItems.targets(43,5): message : Property reassignment: $(DefaultItemExcludes)=";bin\Debug\/**;obj\Debug\/**;bin\/**;obj\/**;**/*.user;**/*.*proj;**/*.sln;**/*.slnx" (previous value: ";bin\Debug\/**;obj\Debug\/**;bin\/**;obj\/**;**/*.user;**/*.*proj;**/*.sln") at C:\Program Files\dotnet\sdk\10.0.102\Sdks\Microsoft.NET.Sdk\targets\Microsoft.NET.Sdk.DefaultItems.targets (43,5)
                   C:\Program Files\dotnet\sdk\10.0.102\Sdks\Microsoft.NET.Sdk\targets\Microsoft.NET.Sdk.DefaultItems.targets(44,5): message : Property reassignment: $(DefaultItemExcludes)=";bin\Debug\/**;obj\Debug\/**;bin\/**;obj\/**;**/*.user;**/*.*proj;**/*.sln;**/*.slnx;**/*.vssscc" (previous value: ";bin\Debug\/**;obj\Debug\/**;bin\/**;obj\/**;**/*.user;**/*.*proj;**/*.sln;**/*.slnx") at C:\Program Files\dotnet\sdk\10.0.102\Sdks\Microsoft.NET.Sdk\targets\Microsoft.NET.Sdk.DefaultItems.targets (44,5)
                   C:\Program Files\dotnet\sdk\10.0.102\Sdks\Microsoft.NET.Sdk\targets\Microsoft.NET.Sdk.DefaultItems.targets(45,5): message : Property reassignment: $(DefaultItemExcludes)=";bin\Debug\/**;obj\Debug\/**;bin\/**;obj\/**;**/*.user;**/*.*proj;**/*.sln;**/*.slnx;**/*.vssscc;**/.DS_Store" (previous value: ";bin\Debug\/**;obj\Debug\/**;bin\/**;obj\/**;**/*.user;**/*.*proj;**/*.sln;**/*.slnx;**/*.vssscc") at C:\Program Files\dotnet\sdk\10.0.102\Sdks\Microsoft.NET.Sdk\targets\Microsoft.NET.Sdk.DefaultItems.targets (45,5)
                   C:\Program Files\dotnet\sdk\10.0.102\Sdks\Microsoft.NET.Sdk\targets\Microsoft.NET.Sdk.FrameworkReferenceResolution.targets(14,5): message : Property reassignment: $(ResolveAssemblyReferencesDependsOn)="
                   C:\Program Files\dotnet\sdk\10.0.102\Sdks\Microsoft.NET.Sdk\targets\Microsoft.NET.Sdk.FrameworkReferenceResolution.targets(14,5): message :       
                   C:\Program Files\dotnet\sdk\10.0.102\Sdks\Microsoft.NET.Sdk\targets\Microsoft.NET.Sdk.FrameworkReferenceResolution.targets(14,5): message :       
                   C:\Program Files\dotnet\sdk\10.0.102\Sdks\Microsoft.NET.Sdk\targets\Microsoft.NET.Sdk.FrameworkReferenceResolution.targets(14,5): message :       ResolveProjectReferences;
                   C:\Program Files\dotnet\sdk\10.0.102\Sdks\Microsoft.NET.Sdk\targets\Microsoft.NET.Sdk.FrameworkReferenceResolution.targets(14,5): message :       FindInvalidProjectReferences;
                   C:\Program Files\dotnet\sdk\10.0.102\Sdks\Microsoft.NET.Sdk\targets\Microsoft.NET.Sdk.FrameworkReferenceResolution.targets(14,5): message :       GetFrameworkPaths;
                   C:\Program Files\dotnet\sdk\10.0.102\Sdks\Microsoft.NET.Sdk\targets\Microsoft.NET.Sdk.FrameworkReferenceResolution.targets(14,5): message :       GetReferenceAssemblyPaths;
                   C:\Program Files\dotnet\sdk\10.0.102\Sdks\Microsoft.NET.Sdk\targets\Microsoft.NET.Sdk.FrameworkReferenceResolution.targets(14,5): message :       PrepareForBuild;
                   C:\Program Files\dotnet\sdk\10.0.102\Sdks\Microsoft.NET.Sdk\targets\Microsoft.NET.Sdk.FrameworkReferenceResolution.targets(14,5): message :       ResolveSDKReferences;
                   C:\Program Files\dotnet\sdk\10.0.102\Sdks\Microsoft.NET.Sdk\targets\Microsoft.NET.Sdk.FrameworkReferenceResolution.targets(14,5): message :       ExpandSDKReferences;
                   C:\Program Files\dotnet\sdk\10.0.102\Sdks\Microsoft.NET.Sdk\targets\Microsoft.NET.Sdk.FrameworkReferenceResolution.targets(14,5): message :     ;
                   C:\Program Files\dotnet\sdk\10.0.102\Sdks\Microsoft.NET.Sdk\targets\Microsoft.NET.Sdk.FrameworkReferenceResolution.targets(14,5): message :       ResolvePackageDependenciesForBuild;
                   C:\Program Files\dotnet\sdk\10.0.102\Sdks\Microsoft.NET.Sdk\targets\Microsoft.NET.Sdk.FrameworkReferenceResolution.targets(14,5): message :       _HandlePackageFileConflicts;
                   C:\Program Files\dotnet\sdk\10.0.102\Sdks\Microsoft.NET.Sdk\targets\Microsoft.NET.Sdk.FrameworkReferenceResolution.targets(14,5): message :     ;
                   C:\Program Files\dotnet\sdk\10.0.102\Sdks\Microsoft.NET.Sdk\targets\Microsoft.NET.Sdk.FrameworkReferenceResolution.targets(14,5): message :       ResolveTargetingPackAssets;
                   C:\Program Files\dotnet\sdk\10.0.102\Sdks\Microsoft.NET.Sdk\targets\Microsoft.NET.Sdk.FrameworkReferenceResolution.targets(14,5): message :     " (previous value: "
                   C:\Program Files\dotnet\sdk\10.0.102\Sdks\Microsoft.NET.Sdk\targets\Microsoft.NET.Sdk.FrameworkReferenceResolution.targets(14,5): message :       
                   C:\Program Files\dotnet\sdk\10.0.102\Sdks\Microsoft.NET.Sdk\targets\Microsoft.NET.Sdk.FrameworkReferenceResolution.targets(14,5): message :       ResolveProjectReferences;
                   C:\Program Files\dotnet\sdk\10.0.102\Sdks\Microsoft.NET.Sdk\targets\Microsoft.NET.Sdk.FrameworkReferenceResolution.targets(14,5): message :       FindInvalidProjectReferences;
                   C:\Program Files\dotnet\sdk\10.0.102\Sdks\Microsoft.NET.Sdk\targets\Microsoft.NET.Sdk.FrameworkReferenceResolution.targets(14,5): message :       GetFrameworkPaths;
                   C:\Program Files\dotnet\sdk\10.0.102\Sdks\Microsoft.NET.Sdk\targets\Microsoft.NET.Sdk.FrameworkReferenceResolution.targets(14,5): message :       GetReferenceAssemblyPaths;
                   C:\Program Files\dotnet\sdk\10.0.102\Sdks\Microsoft.NET.Sdk\targets\Microsoft.NET.Sdk.FrameworkReferenceResolution.targets(14,5): message :       PrepareForBuild;
                   C:\Program Files\dotnet\sdk\10.0.102\Sdks\Microsoft.NET.Sdk\targets\Microsoft.NET.Sdk.FrameworkReferenceResolution.targets(14,5): message :       ResolveSDKReferences;
                   C:\Program Files\dotnet\sdk\10.0.102\Sdks\Microsoft.NET.Sdk\targets\Microsoft.NET.Sdk.FrameworkReferenceResolution.targets(14,5): message :       ExpandSDKReferences;
                   C:\Program Files\dotnet\sdk\10.0.102\Sdks\Microsoft.NET.Sdk\targets\Microsoft.NET.Sdk.FrameworkReferenceResolution.targets(14,5): message :     ;
                   C:\Program Files\dotnet\sdk\10.0.102\Sdks\Microsoft.NET.Sdk\targets\Microsoft.NET.Sdk.FrameworkReferenceResolution.targets(14,5): message :       ResolvePackageDependenciesForBuild;
                   C:\Program Files\dotnet\sdk\10.0.102\Sdks\Microsoft.NET.Sdk\targets\Microsoft.NET.Sdk.FrameworkReferenceResolution.targets(14,5): message :       _HandlePackageFileConflicts;
                   C:\Program Files\dotnet\sdk\10.0.102\Sdks\Microsoft.NET.Sdk\targets\Microsoft.NET.Sdk.FrameworkReferenceResolution.targets(14,5): message :     ") at C:\Program Files\dotnet\sdk\10.0.102\Sdks\Microsoft.NET.Sdk\targets\Microsoft.NET.Sdk.FrameworkReferenceResolution.targets (14,5)
                   C:\Program Files\dotnet\sdk\10.0.102\Sdks\Microsoft.NET.Sdk\targets\Microsoft.NET.Sdk.targets(44,5): message : Property reassignment: $(_GenerateRuntimeConfigurationPropertyInputsCache)="c:\Users\niaci\RiderProjects\moenybox_devicecontroller\KIOSK\obj\Debug\net9.0-windows10.0.17763.0\KIOSK.genruntimeconfig.cache" (previous value: "obj\Debug\net9.0-windows10.0.17763.0\KIOSK.genruntimeconfig.cache") at C:\Program Files\dotnet\sdk\10.0.102\Sdks\Microsoft.NET.Sdk\targets\Microsoft.NET.Sdk.targets (44,5)
                   C:\Program Files\dotnet\sdk\10.0.102\Sdks\Microsoft.NET.Sdk\targets\Microsoft.NET.Sdk.targets(46,5): message : Property reassignment: $(_GeneratePublishDependencyFilePropertyInputsCache)="c:\Users\niaci\RiderProjects\moenybox_devicecontroller\KIOSK\obj\Debug\net9.0-windows10.0.17763.0\KIOSK.genpublishdeps.cache" (previous value: "obj\Debug\net9.0-windows10.0.17763.0\KIOSK.genpublishdeps.cache") at C:\Program Files\dotnet\sdk\10.0.102\Sdks\Microsoft.NET.Sdk\targets\Microsoft.NET.Sdk.targets (46,5)
                   C:\Program Files\dotnet\sdk\10.0.102\Sdks\Microsoft.NET.Sdk\targets\Microsoft.NET.Sdk.targets(48,5): message : Property reassignment: $(_GenerateSingleFileBundlePropertyInputsCache)="c:\Users\niaci\RiderProjects\moenybox_devicecontroller\KIOSK\obj\Debug\net9.0-windows10.0.17763.0\KIOSK.genbundle.cache" (previous value: "obj\Debug\net9.0-windows10.0.17763.0\KIOSK.genbundle.cache") at C:\Program Files\dotnet\sdk\10.0.102\Sdks\Microsoft.NET.Sdk\targets\Microsoft.NET.Sdk.targets (48,5)
                   C:\Program Files\dotnet\sdk\10.0.102\Sdks\Microsoft.NET.Sdk\targets\Microsoft.NET.Sdk.targets(81,5): message : Property reassignment: $(GenerateRuntimeConfigDevFile)="false" (previous value: "true") at C:\Program Files\dotnet\sdk\10.0.102\Sdks\Microsoft.NET.Sdk\targets\Microsoft.NET.Sdk.targets (81,5)
                   C:\Program Files\dotnet\sdk\10.0.102\Sdks\Microsoft.NET.Sdk\targets\Microsoft.NET.Sdk.targets(98,5): message : Property 'USERPROFILE' with value 'C:\Users\niaci' expanded from the environment.
                   C:\Program Files\dotnet\sdk\10.0.102\Sdks\Microsoft.NET.Sdk\targets\Microsoft.NET.Sdk.targets(98,5): message : Property reassignment: $(_DefaultUserProfileRuntimeStorePath)="C:\Users\niaci" (previous value: "") at C:\Program Files\dotnet\sdk\10.0.102\Sdks\Microsoft.NET.Sdk\targets\Microsoft.NET.Sdk.targets (98,5)
                   C:\Program Files\dotnet\sdk\10.0.102\Sdks\Microsoft.NET.Sdk\targets\Microsoft.NET.Sdk.targets(99,5): message : Property reassignment: $(_DefaultUserProfileRuntimeStorePath)="C:\Users\niaci\.dotnet\store" (previous value: "C:\Users\niaci") at C:\Program Files\dotnet\sdk\10.0.102\Sdks\Microsoft.NET.Sdk\targets\Microsoft.NET.Sdk.targets (99,5)
                   C:\Program Files\dotnet\sdk\10.0.102\Sdks\Microsoft.NET.Sdk\targets\Microsoft.NET.Sdk.targets(144,5): message : Property reassignment: $(AvailablePlatforms)="Any CPU,x86,x64,ARM32" (previous value: "Any CPU,x86,x64") at C:\Program Files\dotnet\sdk\10.0.102\Sdks\Microsoft.NET.Sdk\targets\Microsoft.NET.Sdk.targets (144,5)
                   C:\Program Files\dotnet\sdk\10.0.102\Sdks\Microsoft.NET.Sdk\targets\Microsoft.NET.Sdk.targets(148,5): message : Property reassignment: $(AvailablePlatforms)="Any CPU,x86,x64,ARM32,ARM64" (previous value: "Any CPU,x86,x64,ARM32") at C:\Program Files\dotnet\sdk\10.0.102\Sdks\Microsoft.NET.Sdk\targets\Microsoft.NET.Sdk.targets (148,5)
                   C:\Program Files\dotnet\sdk\10.0.102\Sdks\Microsoft.NET.Sdk\targets\Microsoft.NET.Sdk.targets(204,5): message : Property reassignment: $(CoreBuildDependsOn)="
                   C:\Program Files\dotnet\sdk\10.0.102\Sdks\Microsoft.NET.Sdk\targets\Microsoft.NET.Sdk.targets(204,5): message :       _CheckForBuildWithNoBuild;
                   C:\Program Files\dotnet\sdk\10.0.102\Sdks\Microsoft.NET.Sdk\targets\Microsoft.NET.Sdk.targets(204,5): message :       
                   C:\Program Files\dotnet\sdk\10.0.102\Sdks\Microsoft.NET.Sdk\targets\Microsoft.NET.Sdk.targets(204,5): message :       BuildOnlySettings;
                   C:\Program Files\dotnet\sdk\10.0.102\Sdks\Microsoft.NET.Sdk\targets\Microsoft.NET.Sdk.targets(204,5): message :       PrepareForBuild;
                   C:\Program Files\dotnet\sdk\10.0.102\Sdks\Microsoft.NET.Sdk\targets\Microsoft.NET.Sdk.targets(204,5): message :       PreBuildEvent;
                   C:\Program Files\dotnet\sdk\10.0.102\Sdks\Microsoft.NET.Sdk\targets\Microsoft.NET.Sdk.targets(204,5): message :       ResolveReferences;
                   C:\Program Files\dotnet\sdk\10.0.102\Sdks\Microsoft.NET.Sdk\targets\Microsoft.NET.Sdk.targets(204,5): message :       PrepareResources;
                   C:\Program Files\dotnet\sdk\10.0.102\Sdks\Microsoft.NET.Sdk\targets\Microsoft.NET.Sdk.targets(204,5): message :       ResolveKeySource;
                   C:\Program Files\dotnet\sdk\10.0.102\Sdks\Microsoft.NET.Sdk\targets\Microsoft.NET.Sdk.targets(204,5): message :       Compile;
                   C:\Program Files\dotnet\sdk\10.0.102\Sdks\Microsoft.NET.Sdk\targets\Microsoft.NET.Sdk.targets(204,5): message :       ExportWindowsMDFile;
                   C:\Program Files\dotnet\sdk\10.0.102\Sdks\Microsoft.NET.Sdk\targets\Microsoft.NET.Sdk.targets(204,5): message :       UnmanagedUnregistration;
                   C:\Program Files\dotnet\sdk\10.0.102\Sdks\Microsoft.NET.Sdk\targets\Microsoft.NET.Sdk.targets(204,5): message :       GenerateSerializationAssemblies;
                   C:\Program Files\dotnet\sdk\10.0.102\Sdks\Microsoft.NET.Sdk\targets\Microsoft.NET.Sdk.targets(204,5): message :       CreateSatelliteAssemblies;
                   C:\Program Files\dotnet\sdk\10.0.102\Sdks\Microsoft.NET.Sdk\targets\Microsoft.NET.Sdk.targets(204,5): message :       GenerateManifests;
                   C:\Program Files\dotnet\sdk\10.0.102\Sdks\Microsoft.NET.Sdk\targets\Microsoft.NET.Sdk.targets(204,5): message :       GetTargetPath;
                   C:\Program Files\dotnet\sdk\10.0.102\Sdks\Microsoft.NET.Sdk\targets\Microsoft.NET.Sdk.targets(204,5): message :       PrepareForRun;
                   C:\Program Files\dotnet\sdk\10.0.102\Sdks\Microsoft.NET.Sdk\targets\Microsoft.NET.Sdk.targets(204,5): message :       UnmanagedRegistration;
                   C:\Program Files\dotnet\sdk\10.0.102\Sdks\Microsoft.NET.Sdk\targets\Microsoft.NET.Sdk.targets(204,5): message :       IncrementalClean;
                   C:\Program Files\dotnet\sdk\10.0.102\Sdks\Microsoft.NET.Sdk\targets\Microsoft.NET.Sdk.targets(204,5): message :       PostBuildEvent
                   C:\Program Files\dotnet\sdk\10.0.102\Sdks\Microsoft.NET.Sdk\targets\Microsoft.NET.Sdk.targets(204,5): message :     ;
                   C:\Program Files\dotnet\sdk\10.0.102\Sdks\Microsoft.NET.Sdk\targets\Microsoft.NET.Sdk.targets(204,5): message :       GenerateBuildDependencyFile;
                   C:\Program Files\dotnet\sdk\10.0.102\Sdks\Microsoft.NET.Sdk\targets\Microsoft.NET.Sdk.targets(204,5): message :       GenerateBuildRuntimeConfigurationFiles
                   C:\Program Files\dotnet\sdk\10.0.102\Sdks\Microsoft.NET.Sdk\targets\Microsoft.NET.Sdk.targets(204,5): message :     " (previous value: "
                   C:\Program Files\dotnet\sdk\10.0.102\Sdks\Microsoft.NET.Sdk\targets\Microsoft.NET.Sdk.targets(204,5): message :       BuildOnlySettings;
                   C:\Program Files\dotnet\sdk\10.0.102\Sdks\Microsoft.NET.Sdk\targets\Microsoft.NET.Sdk.targets(204,5): message :       PrepareForBuild;
                   C:\Program Files\dotnet\sdk\10.0.102\Sdks\Microsoft.NET.Sdk\targets\Microsoft.NET.Sdk.targets(204,5): message :       PreBuildEvent;
                   C:\Program Files\dotnet\sdk\10.0.102\Sdks\Microsoft.NET.Sdk\targets\Microsoft.NET.Sdk.targets(204,5): message :       ResolveReferences;
                   C:\Program Files\dotnet\sdk\10.0.102\Sdks\Microsoft.NET.Sdk\targets\Microsoft.NET.Sdk.targets(204,5): message :       PrepareResources;
                   C:\Program Files\dotnet\sdk\10.0.102\Sdks\Microsoft.NET.Sdk\targets\Microsoft.NET.Sdk.targets(204,5): message :       ResolveKeySource;
                   C:\Program Files\dotnet\sdk\10.0.102\Sdks\Microsoft.NET.Sdk\targets\Microsoft.NET.Sdk.targets(204,5): message :       Compile;
                   C:\Program Files\dotnet\sdk\10.0.102\Sdks\Microsoft.NET.Sdk\targets\Microsoft.NET.Sdk.targets(204,5): message :       ExportWindowsMDFile;
                   C:\Program Files\dotnet\sdk\10.0.102\Sdks\Microsoft.NET.Sdk\targets\Microsoft.NET.Sdk.targets(204,5): message :       UnmanagedUnregistration;
                   C:\Program Files\dotnet\sdk\10.0.102\Sdks\Microsoft.NET.Sdk\targets\Microsoft.NET.Sdk.targets(204,5): message :       GenerateSerializationAssemblies;
                   C:\Program Files\dotnet\sdk\10.0.102\Sdks\Microsoft.NET.Sdk\targets\Microsoft.NET.Sdk.targets(204,5): message :       CreateSatelliteAssemblies;
                   C:\Program Files\dotnet\sdk\10.0.102\Sdks\Microsoft.NET.Sdk\targets\Microsoft.NET.Sdk.targets(204,5): message :       GenerateManifests;
                   C:\Program Files\dotnet\sdk\10.0.102\Sdks\Microsoft.NET.Sdk\targets\Microsoft.NET.Sdk.targets(204,5): message :       GetTargetPath;
                   C:\Program Files\dotnet\sdk\10.0.102\Sdks\Microsoft.NET.Sdk\targets\Microsoft.NET.Sdk.targets(204,5): message :       PrepareForRun;
                   C:\Program Files\dotnet\sdk\10.0.102\Sdks\Microsoft.NET.Sdk\targets\Microsoft.NET.Sdk.targets(204,5): message :       UnmanagedRegistration;
                   C:\Program Files\dotnet\sdk\10.0.102\Sdks\Microsoft.NET.Sdk\targets\Microsoft.NET.Sdk.targets(204,5): message :       IncrementalClean;
                   C:\Program Files\dotnet\sdk\10.0.102\Sdks\Microsoft.NET.Sdk\targets\Microsoft.NET.Sdk.targets(204,5): message :       PostBuildEvent
                   C:\Program Files\dotnet\sdk\10.0.102\Sdks\Microsoft.NET.Sdk\targets\Microsoft.NET.Sdk.targets(204,5): message :     ") at C:\Program Files\dotnet\sdk\10.0.102\Sdks\Microsoft.NET.Sdk\targets\Microsoft.NET.Sdk.targets (204,5)
                   C:\Program Files\dotnet\sdk\10.0.102\Sdks\Microsoft.NET.Sdk\targets\Microsoft.NET.Sdk.targets(213,5): message : Property reassignment: $(CoreCleanDependsOn)="
                   C:\Program Files\dotnet\sdk\10.0.102\Sdks\Microsoft.NET.Sdk\targets\Microsoft.NET.Sdk.targets(213,5): message :       _SdkBeforeClean;
                   C:\Program Files\dotnet\sdk\10.0.102\Sdks\Microsoft.NET.Sdk\targets\Microsoft.NET.Sdk.targets(213,5): message :       
                   C:\Program Files\dotnet\sdk\10.0.102\Sdks\Microsoft.NET.Sdk\targets\Microsoft.NET.Sdk.targets(213,5): message :     " (previous value: "") at C:\Program Files\dotnet\sdk\10.0.102\Sdks\Microsoft.NET.Sdk\targets\Microsoft.NET.Sdk.targets (213,5)
                   C:\Program Files\dotnet\sdk\10.0.102\Sdks\Microsoft.NET.Sdk\targets\Microsoft.NET.Sdk.targets(220,5): message : Property reassignment: $(RebuildDependsOn)="
                   C:\Program Files\dotnet\sdk\10.0.102\Sdks\Microsoft.NET.Sdk\targets\Microsoft.NET.Sdk.targets(220,5): message :       _SdkBeforeRebuild;
                   C:\Program Files\dotnet\sdk\10.0.102\Sdks\Microsoft.NET.Sdk\targets\Microsoft.NET.Sdk.targets(220,5): message :       
                   C:\Program Files\dotnet\sdk\10.0.102\Sdks\Microsoft.NET.Sdk\targets\Microsoft.NET.Sdk.targets(220,5): message :       BeforeRebuild;
                   C:\Program Files\dotnet\sdk\10.0.102\Sdks\Microsoft.NET.Sdk\targets\Microsoft.NET.Sdk.targets(220,5): message :       Clean;
                   C:\Program Files\dotnet\sdk\10.0.102\Sdks\Microsoft.NET.Sdk\targets\Microsoft.NET.Sdk.targets(220,5): message :       Build;
                   C:\Program Files\dotnet\sdk\10.0.102\Sdks\Microsoft.NET.Sdk\targets\Microsoft.NET.Sdk.targets(220,5): message :       AfterRebuild;
                   C:\Program Files\dotnet\sdk\10.0.102\Sdks\Microsoft.NET.Sdk\targets\Microsoft.NET.Sdk.targets(220,5): message :     
                   C:\Program Files\dotnet\sdk\10.0.102\Sdks\Microsoft.NET.Sdk\targets\Microsoft.NET.Sdk.targets(220,5): message :     " (previous value: "
                   C:\Program Files\dotnet\sdk\10.0.102\Sdks\Microsoft.NET.Sdk\targets\Microsoft.NET.Sdk.targets(220,5): message :       BeforeRebuild;
                   C:\Program Files\dotnet\sdk\10.0.102\Sdks\Microsoft.NET.Sdk\targets\Microsoft.NET.Sdk.targets(220,5): message :       Clean;
                   C:\Program Files\dotnet\sdk\10.0.102\Sdks\Microsoft.NET.Sdk\targets\Microsoft.NET.Sdk.targets(220,5): message :       Build;
                   C:\Program Files\dotnet\sdk\10.0.102\Sdks\Microsoft.NET.Sdk\targets\Microsoft.NET.Sdk.targets(220,5): message :       AfterRebuild;
                   C:\Program Files\dotnet\sdk\10.0.102\Sdks\Microsoft.NET.Sdk\targets\Microsoft.NET.Sdk.targets(220,5): message :     ") at C:\Program Files\dotnet\sdk\10.0.102\Sdks\Microsoft.NET.Sdk\targets\Microsoft.NET.Sdk.targets (220,5)
                   C:\Program Files\dotnet\sdk\10.0.102\Sdks\Microsoft.NET.Sdk\targets\Microsoft.NET.Sdk.targets(799,5): message : Property reassignment: $(CompileDependsOn)="
                   C:\Program Files\dotnet\sdk\10.0.102\Sdks\Microsoft.NET.Sdk\targets\Microsoft.NET.Sdk.targets(799,5): message :       
                   C:\Program Files\dotnet\sdk\10.0.102\Sdks\Microsoft.NET.Sdk\targets\Microsoft.NET.Sdk.targets(799,5): message :       ResolveReferences;
                   C:\Program Files\dotnet\sdk\10.0.102\Sdks\Microsoft.NET.Sdk\targets\Microsoft.NET.Sdk.targets(799,5): message :       ResolveKeySource;
                   C:\Program Files\dotnet\sdk\10.0.102\Sdks\Microsoft.NET.Sdk\targets\Microsoft.NET.Sdk.targets(799,5): message :       SetWin32ManifestProperties;
                   C:\Program Files\dotnet\sdk\10.0.102\Sdks\Microsoft.NET.Sdk\targets\Microsoft.NET.Sdk.targets(799,5): message :       _SetPreferNativeArm64Win32ManifestProperties;
                   C:\Program Files\dotnet\sdk\10.0.102\Sdks\Microsoft.NET.Sdk\targets\Microsoft.NET.Sdk.targets(799,5): message :       FindReferenceAssembliesForReferences;
                   C:\Program Files\dotnet\sdk\10.0.102\Sdks\Microsoft.NET.Sdk\targets\Microsoft.NET.Sdk.targets(799,5): message :       _GenerateCompileInputs;
                   C:\Program Files\dotnet\sdk\10.0.102\Sdks\Microsoft.NET.Sdk\targets\Microsoft.NET.Sdk.targets(799,5): message :       BeforeCompile;
                   C:\Program Files\dotnet\sdk\10.0.102\Sdks\Microsoft.NET.Sdk\targets\Microsoft.NET.Sdk.targets(799,5): message :       _TimeStampBeforeCompile;
                   C:\Program Files\dotnet\sdk\10.0.102\Sdks\Microsoft.NET.Sdk\targets\Microsoft.NET.Sdk.targets(799,5): message :       _GenerateCompileDependencyCache;
                   C:\Program Files\dotnet\sdk\10.0.102\Sdks\Microsoft.NET.Sdk\targets\Microsoft.NET.Sdk.targets(799,5): message :       CoreCompile;
                   C:\Program Files\dotnet\sdk\10.0.102\Sdks\Microsoft.NET.Sdk\targets\Microsoft.NET.Sdk.targets(799,5): message :       _TimeStampAfterCompile;
                   C:\Program Files\dotnet\sdk\10.0.102\Sdks\Microsoft.NET.Sdk\targets\Microsoft.NET.Sdk.targets(799,5): message :       AfterCompile;
                   C:\Program Files\dotnet\sdk\10.0.102\Sdks\Microsoft.NET.Sdk\targets\Microsoft.NET.Sdk.targets(799,5): message :     ;
                   C:\Program Files\dotnet\sdk\10.0.102\Sdks\Microsoft.NET.Sdk\targets\Microsoft.NET.Sdk.targets(799,5): message :       _CreateAppHost;
                   C:\Program Files\dotnet\sdk\10.0.102\Sdks\Microsoft.NET.Sdk\targets\Microsoft.NET.Sdk.targets(799,5): message :       _CreateComHost;
                   C:\Program Files\dotnet\sdk\10.0.102\Sdks\Microsoft.NET.Sdk\targets\Microsoft.NET.Sdk.targets(799,5): message :       _GetIjwHostPaths;
                   C:\Program Files\dotnet\sdk\10.0.102\Sdks\Microsoft.NET.Sdk\targets\Microsoft.NET.Sdk.targets(799,5): message :     " (previous value: "
                   C:\Program Files\dotnet\sdk\10.0.102\Sdks\Microsoft.NET.Sdk\targets\Microsoft.NET.Sdk.targets(799,5): message :       ResolveReferences;
                   C:\Program Files\dotnet\sdk\10.0.102\Sdks\Microsoft.NET.Sdk\targets\Microsoft.NET.Sdk.targets(799,5): message :       ResolveKeySource;
                   C:\Program Files\dotnet\sdk\10.0.102\Sdks\Microsoft.NET.Sdk\targets\Microsoft.NET.Sdk.targets(799,5): message :       SetWin32ManifestProperties;
                   C:\Program Files\dotnet\sdk\10.0.102\Sdks\Microsoft.NET.Sdk\targets\Microsoft.NET.Sdk.targets(799,5): message :       _SetPreferNativeArm64Win32ManifestProperties;
                   C:\Program Files\dotnet\sdk\10.0.102\Sdks\Microsoft.NET.Sdk\targets\Microsoft.NET.Sdk.targets(799,5): message :       FindReferenceAssembliesForReferences;
                   C:\Program Files\dotnet\sdk\10.0.102\Sdks\Microsoft.NET.Sdk\targets\Microsoft.NET.Sdk.targets(799,5): message :       _GenerateCompileInputs;
                   C:\Program Files\dotnet\sdk\10.0.102\Sdks\Microsoft.NET.Sdk\targets\Microsoft.NET.Sdk.targets(799,5): message :       BeforeCompile;
                   C:\Program Files\dotnet\sdk\10.0.102\Sdks\Microsoft.NET.Sdk\targets\Microsoft.NET.Sdk.targets(799,5): message :       _TimeStampBeforeCompile;
                   C:\Program Files\dotnet\sdk\10.0.102\Sdks\Microsoft.NET.Sdk\targets\Microsoft.NET.Sdk.targets(799,5): message :       _GenerateCompileDependencyCache;
                   C:\Program Files\dotnet\sdk\10.0.102\Sdks\Microsoft.NET.Sdk\targets\Microsoft.NET.Sdk.targets(799,5): message :       CoreCompile;
                   C:\Program Files\dotnet\sdk\10.0.102\Sdks\Microsoft.NET.Sdk\targets\Microsoft.NET.Sdk.targets(799,5): message :       _TimeStampAfterCompile;
                   C:\Program Files\dotnet\sdk\10.0.102\Sdks\Microsoft.NET.Sdk\targets\Microsoft.NET.Sdk.targets(799,5): message :       AfterCompile;
                   C:\Program Files\dotnet\sdk\10.0.102\Sdks\Microsoft.NET.Sdk\targets\Microsoft.NET.Sdk.targets(799,5): message :     ") at C:\Program Files\dotnet\sdk\10.0.102\Sdks\Microsoft.NET.Sdk\targets\Microsoft.NET.Sdk.targets (799,5)
                   C:\Program Files\dotnet\sdk\10.0.102\Sdks\Microsoft.NET.Sdk\targets\Microsoft.NET.Sdk.targets(1131,5): message : Property reassignment: $(CreateSatelliteAssembliesDependsOn)="
                   C:\Program Files\dotnet\sdk\10.0.102\Sdks\Microsoft.NET.Sdk\targets\Microsoft.NET.Sdk.targets(1131,5): message :       
                   C:\Program Files\dotnet\sdk\10.0.102\Sdks\Microsoft.NET.Sdk\targets\Microsoft.NET.Sdk.targets(1131,5): message :       ;
                   C:\Program Files\dotnet\sdk\10.0.102\Sdks\Microsoft.NET.Sdk\targets\Microsoft.NET.Sdk.targets(1131,5): message :       _GenerateSatelliteAssemblyInputs;
                   C:\Program Files\dotnet\sdk\10.0.102\Sdks\Microsoft.NET.Sdk\targets\Microsoft.NET.Sdk.targets(1131,5): message :       ComputeIntermediateSatelliteAssemblies;
                   C:\Program Files\dotnet\sdk\10.0.102\Sdks\Microsoft.NET.Sdk\targets\Microsoft.NET.Sdk.targets(1131,5): message :       GenerateSatelliteAssemblies
                   C:\Program Files\dotnet\sdk\10.0.102\Sdks\Microsoft.NET.Sdk\targets\Microsoft.NET.Sdk.targets(1131,5): message :     ;
                   C:\Program Files\dotnet\sdk\10.0.102\Sdks\Microsoft.NET.Sdk\targets\Microsoft.NET.Sdk.targets(1131,5): message :       CoreGenerateSatelliteAssemblies
                   C:\Program Files\dotnet\sdk\10.0.102\Sdks\Microsoft.NET.Sdk\targets\Microsoft.NET.Sdk.targets(1131,5): message :     " (previous value: "
                   C:\Program Files\dotnet\sdk\10.0.102\Sdks\Microsoft.NET.Sdk\targets\Microsoft.NET.Sdk.targets(1131,5): message :       ;
                   C:\Program Files\dotnet\sdk\10.0.102\Sdks\Microsoft.NET.Sdk\targets\Microsoft.NET.Sdk.targets(1131,5): message :       _GenerateSatelliteAssemblyInputs;
                   C:\Program Files\dotnet\sdk\10.0.102\Sdks\Microsoft.NET.Sdk\targets\Microsoft.NET.Sdk.targets(1131,5): message :       ComputeIntermediateSatelliteAssemblies;
                   C:\Program Files\dotnet\sdk\10.0.102\Sdks\Microsoft.NET.Sdk\targets\Microsoft.NET.Sdk.targets(1131,5): message :       GenerateSatelliteAssemblies
                   C:\Program Files\dotnet\sdk\10.0.102\Sdks\Microsoft.NET.Sdk\targets\Microsoft.NET.Sdk.targets(1131,5): message :     ") at C:\Program Files\dotnet\sdk\10.0.102\Sdks\Microsoft.NET.Sdk\targets\Microsoft.NET.Sdk.targets (1131,5)
                   C:\Program Files\dotnet\sdk\10.0.102\Sdks\Microsoft.SourceLink.GitLab\build\Microsoft.SourceLink.GitLab.targets(12,5): message : Property reassignment: $(SourceLinkUrlInitializerTargets)=";_InitializeGitHubSourceLinkUrl;_InitializeGitLabSourceLinkUrl" (previous value: ";_InitializeGitHubSourceLinkUrl") at C:\Program Files\dotnet\sdk\10.0.102\Sdks\Microsoft.SourceLink.GitLab\build\Microsoft.SourceLink.GitLab.targets (12,5)
                   C:\Program Files\dotnet\sdk\10.0.102\Sdks\Microsoft.SourceLink.GitLab\build\Microsoft.SourceLink.GitLab.targets(13,5): message : Property reassignment: $(SourceControlManagerUrlTranslationTargets)=";TranslateGitHubUrlsInSourceControlInformation;TranslateGitLabUrlsInSourceControlInformation" (previous value: ";TranslateGitHubUrlsInSourceControlInformation") at C:\Program Files\dotnet\sdk\10.0.102\Sdks\Microsoft.SourceLink.GitLab\build\Microsoft.SourceLink.GitLab.targets (13,5)
                   C:\Program Files\dotnet\sdk\10.0.102\Sdks\Microsoft.SourceLink.AzureRepos.Git\build\Microsoft.SourceLink.AzureRepos.Git.targets(12,5): message : Property reassignment: $(SourceLinkUrlInitializerTargets)=";_InitializeGitHubSourceLinkUrl;_InitializeGitLabSourceLinkUrl;_InitializeAzureReposGitSourceLinkUrl" (previous value: ";_InitializeGitHubSourceLinkUrl;_InitializeGitLabSourceLinkUrl") at C:\Program Files\dotnet\sdk\10.0.102\Sdks\Microsoft.SourceLink.AzureRepos.Git\build\Microsoft.SourceLink.AzureRepos.Git.targets (12,5)
                   C:\Program Files\dotnet\sdk\10.0.102\Sdks\Microsoft.SourceLink.AzureRepos.Git\build\Microsoft.SourceLink.AzureRepos.Git.targets(13,5): message : Property reassignment: $(SourceControlManagerUrlTranslationTargets)=";TranslateGitHubUrlsInSourceControlInformation;TranslateGitLabUrlsInSourceControlInformation;TranslateAzureReposGitUrlsInSourceControlInformation" (previous value: ";TranslateGitHubUrlsInSourceControlInformation;TranslateGitLabUrlsInSourceControlInformation") at C:\Program Files\dotnet\sdk\10.0.102\Sdks\Microsoft.SourceLink.AzureRepos.Git\build\Microsoft.SourceLink.AzureRepos.Git.targets (13,5)
                   C:\Program Files\dotnet\sdk\10.0.102\Sdks\Microsoft.SourceLink.Bitbucket.Git\build\Microsoft.SourceLink.Bitbucket.Git.targets(12,5): message : Property reassignment: $(SourceLinkUrlInitializerTargets)=";_InitializeGitHubSourceLinkUrl;_InitializeGitLabSourceLinkUrl;_InitializeAzureReposGitSourceLinkUrl;_InitializeBitbucketGitSourceLinkUrl" (previous value: ";_InitializeGitHubSourceLinkUrl;_InitializeGitLabSourceLinkUrl;_InitializeAzureReposGitSourceLinkUrl") at C:\Program Files\dotnet\sdk\10.0.102\Sdks\Microsoft.SourceLink.Bitbucket.Git\build\Microsoft.SourceLink.Bitbucket.Git.targets (12,5)
                   C:\Program Files\dotnet\sdk\10.0.102\Sdks\Microsoft.SourceLink.Bitbucket.Git\build\Microsoft.SourceLink.Bitbucket.Git.targets(13,5): message : Property reassignment: $(SourceControlManagerUrlTranslationTargets)=";TranslateGitHubUrlsInSourceControlInformation;TranslateGitLabUrlsInSourceControlInformation;TranslateAzureReposGitUrlsInSourceControlInformation;TranslateBitbucketGitUrlsInSourceControlInformation" (previous value: ";TranslateGitHubUrlsInSourceControlInformation;TranslateGitLabUrlsInSourceControlInformation;TranslateAzureReposGitUrlsInSourceControlInformation") at C:\Program Files\dotnet\sdk\10.0.102\Sdks\Microsoft.SourceLink.Bitbucket.Git\build\Microsoft.SourceLink.Bitbucket.Git.targets (13,5)
                   C:\Program Files\dotnet\sdk\10.0.102\Sdks\Microsoft.NET.Sdk\targets\Microsoft.NET.DesignerSupport.targets(21,5): message : Property reassignment: $(DesignerRuntimeImplementationProjectOutputGroupDependsOn)="
                   C:\Program Files\dotnet\sdk\10.0.102\Sdks\Microsoft.NET.Sdk\targets\Microsoft.NET.DesignerSupport.targets(21,5): message :       
                   C:\Program Files\dotnet\sdk\10.0.102\Sdks\Microsoft.NET.Sdk\targets\Microsoft.NET.DesignerSupport.targets(21,5): message :       ;
                   C:\Program Files\dotnet\sdk\10.0.102\Sdks\Microsoft.NET.Sdk\targets\Microsoft.NET.DesignerSupport.targets(21,5): message :       
                   C:\Program Files\dotnet\sdk\10.0.102\Sdks\Microsoft.NET.Sdk\targets\Microsoft.NET.DesignerSupport.targets(21,5): message :       ;
                   C:\Program Files\dotnet\sdk\10.0.102\Sdks\Microsoft.NET.Sdk\targets\Microsoft.NET.DesignerSupport.targets(21,5): message :       BuildOnlySettings;
                   C:\Program Files\dotnet\sdk\10.0.102\Sdks\Microsoft.NET.Sdk\targets\Microsoft.NET.DesignerSupport.targets(21,5): message :       PrepareForBuild;
                   C:\Program Files\dotnet\sdk\10.0.102\Sdks\Microsoft.NET.Sdk\targets\Microsoft.NET.DesignerSupport.targets(21,5): message :       AssignTargetPaths;
                   C:\Program Files\dotnet\sdk\10.0.102\Sdks\Microsoft.NET.Sdk\targets\Microsoft.NET.DesignerSupport.targets(21,5): message :       ResolveReferences
                   C:\Program Files\dotnet\sdk\10.0.102\Sdks\Microsoft.NET.Sdk\targets\Microsoft.NET.DesignerSupport.targets(21,5): message :     
                   C:\Program Files\dotnet\sdk\10.0.102\Sdks\Microsoft.NET.Sdk\targets\Microsoft.NET.DesignerSupport.targets(21,5): message :     ;
                   C:\Program Files\dotnet\sdk\10.0.102\Sdks\Microsoft.NET.Sdk\targets\Microsoft.NET.DesignerSupport.targets(21,5): message :       _GenerateDesignerDepsFile;
                   C:\Program Files\dotnet\sdk\10.0.102\Sdks\Microsoft.NET.Sdk\targets\Microsoft.NET.DesignerSupport.targets(21,5): message :       _GenerateDesignerRuntimeConfigFile;
                   C:\Program Files\dotnet\sdk\10.0.102\Sdks\Microsoft.NET.Sdk\targets\Microsoft.NET.DesignerSupport.targets(21,5): message :       GetCopyToOutputDirectoryItems;
                   C:\Program Files\dotnet\sdk\10.0.102\Sdks\Microsoft.NET.Sdk\targets\Microsoft.NET.DesignerSupport.targets(21,5): message :       _GatherDesignerShadowCopyFiles;
                   C:\Program Files\dotnet\sdk\10.0.102\Sdks\Microsoft.NET.Sdk\targets\Microsoft.NET.DesignerSupport.targets(21,5): message :     " (previous value: "
                   C:\Program Files\dotnet\sdk\10.0.102\Sdks\Microsoft.NET.Sdk\targets\Microsoft.NET.DesignerSupport.targets(21,5): message :       ;
                   C:\Program Files\dotnet\sdk\10.0.102\Sdks\Microsoft.NET.Sdk\targets\Microsoft.NET.DesignerSupport.targets(21,5): message :       
                   C:\Program Files\dotnet\sdk\10.0.102\Sdks\Microsoft.NET.Sdk\targets\Microsoft.NET.DesignerSupport.targets(21,5): message :       ;
                   C:\Program Files\dotnet\sdk\10.0.102\Sdks\Microsoft.NET.Sdk\targets\Microsoft.NET.DesignerSupport.targets(21,5): message :       BuildOnlySettings;
                   C:\Program Files\dotnet\sdk\10.0.102\Sdks\Microsoft.NET.Sdk\targets\Microsoft.NET.DesignerSupport.targets(21,5): message :       PrepareForBuild;
                   C:\Program Files\dotnet\sdk\10.0.102\Sdks\Microsoft.NET.Sdk\targets\Microsoft.NET.DesignerSupport.targets(21,5): message :       AssignTargetPaths;
                   C:\Program Files\dotnet\sdk\10.0.102\Sdks\Microsoft.NET.Sdk\targets\Microsoft.NET.DesignerSupport.targets(21,5): message :       ResolveReferences
                   C:\Program Files\dotnet\sdk\10.0.102\Sdks\Microsoft.NET.Sdk\targets\Microsoft.NET.DesignerSupport.targets(21,5): message :     
                   C:\Program Files\dotnet\sdk\10.0.102\Sdks\Microsoft.NET.Sdk\targets\Microsoft.NET.DesignerSupport.targets(21,5): message :     ") at C:\Program Files\dotnet\sdk\10.0.102\Sdks\Microsoft.NET.Sdk\targets\Microsoft.NET.DesignerSupport.targets (21,5)
                   C:\Program Files\dotnet\sdk\10.0.102\Sdks\Microsoft.NET.Sdk\targets\Microsoft.NET.Sdk.CSharp.targets(31,5): message : Property reassignment: $(DefineConstants)="TRACE;DEBUG" (previous value: "TRACE") at C:\Program Files\dotnet\sdk\10.0.102\Sdks\Microsoft.NET.Sdk\targets\Microsoft.NET.Sdk.CSharp.targets (31,5)
                   C:\Program Files\dotnet\sdk\10.0.102\Sdks\Microsoft.NET.Sdk\targets\Microsoft.NET.Sdk.CSharp.targets(45,5): message : Property reassignment: $(WarningsAsErrors)=";NU1605;SYSLIB0011" (previous value: ";NU1605") at C:\Program Files\dotnet\sdk\10.0.102\Sdks\Microsoft.NET.Sdk\targets\Microsoft.NET.Sdk.CSharp.targets (45,5)
                   C:\Program Files\dotnet\sdk\10.0.102\Sdks\Microsoft.NET.Sdk\targets\Microsoft.NET.Windows.targets(60,5): message : Property reassignment: $(SupportedOSPlatformVersion)="10.0.17763.0" (previous value: "") at C:\Program Files\dotnet\sdk\10.0.102\Sdks\Microsoft.NET.Sdk\targets\Microsoft.NET.Windows.targets (60,5)
                   C:\Program Files\dotnet\sdk\10.0.102\Sdks\Microsoft.NET.Sdk\targets\Microsoft.NET.Windows.targets(61,5): message : Property reassignment: $(TargetPlatformMinVersion)="10.0.17763.0" (previous value: "") at C:\Program Files\dotnet\sdk\10.0.102\Sdks\Microsoft.NET.Sdk\targets\Microsoft.NET.Windows.targets (61,5)
                   C:\Program Files\dotnet\sdk\10.0.102\Sdks\Microsoft.NET.Sdk\targets\Microsoft.NET.Windows.targets(239,5): message : Property reassignment: $(_RunCsWinRTGeneratorPropertyInputsCachePath)="c:\Users\niaci\RiderProjects\moenybox_devicecontroller\KIOSK\obj\Debug\net9.0-windows10.0.17763.0\KIOSK.cswinrtgen.cache" (previous value: "obj\Debug\net9.0-windows10.0.17763.0\KIOSK.cswinrtgen.cache") at C:\Program Files\dotnet\sdk\10.0.102\Sdks\Microsoft.NET.Sdk\targets\Microsoft.NET.Windows.targets (239,5)
                   C:\Program Files\dotnet\sdk\10.0.102\Sdks\Microsoft.NET.Sdk.WindowsDesktop\targets\Microsoft.NET.Sdk.WindowsDesktop.targets(51,5): message : Property reassignment: $(_TargetFrameworkVersionValue)="9.0" (previous value: "0.0") at C:\Program Files\dotnet\sdk\10.0.102\Sdks\Microsoft.NET.Sdk.WindowsDesktop\targets\Microsoft.NET.Sdk.WindowsDesktop.targets (51,5)
                   C:\Program Files\dotnet\sdk\10.0.102\Sdks\Microsoft.NET.Sdk.WindowsDesktop\targets\Microsoft.WinFX.targets(61,7): message : Property reassignment: $(PrepareResourceNamesDependsOn)="
                   C:\Program Files\dotnet\sdk\10.0.102\Sdks\Microsoft.NET.Sdk.WindowsDesktop\targets\Microsoft.WinFX.targets(61,7): message :                     AssignWinFXEmbeddedResource;
                   C:\Program Files\dotnet\sdk\10.0.102\Sdks\Microsoft.NET.Sdk.WindowsDesktop\targets\Microsoft.WinFX.targets(61,7): message :                     
                   C:\Program Files\dotnet\sdk\10.0.102\Sdks\Microsoft.NET.Sdk.WindowsDesktop\targets\Microsoft.WinFX.targets(61,7): message :       AssignTargetPaths;
                   C:\Program Files\dotnet\sdk\10.0.102\Sdks\Microsoft.NET.Sdk.WindowsDesktop\targets\Microsoft.WinFX.targets(61,7): message :       SplitResourcesByCulture;
                   C:\Program Files\dotnet\sdk\10.0.102\Sdks\Microsoft.NET.Sdk.WindowsDesktop\targets\Microsoft.WinFX.targets(61,7): message :       CreateManifestResourceNames;
                   C:\Program Files\dotnet\sdk\10.0.102\Sdks\Microsoft.NET.Sdk.WindowsDesktop\targets\Microsoft.WinFX.targets(61,7): message :       CreateCustomManifestResourceNames
                   C:\Program Files\dotnet\sdk\10.0.102\Sdks\Microsoft.NET.Sdk.WindowsDesktop\targets\Microsoft.WinFX.targets(61,7): message :     
                   C:\Program Files\dotnet\sdk\10.0.102\Sdks\Microsoft.NET.Sdk.WindowsDesktop\targets\Microsoft.WinFX.targets(61,7): message :       " (previous value: "
                   C:\Program Files\dotnet\sdk\10.0.102\Sdks\Microsoft.NET.Sdk.WindowsDesktop\targets\Microsoft.WinFX.targets(61,7): message :       AssignTargetPaths;
                   C:\Program Files\dotnet\sdk\10.0.102\Sdks\Microsoft.NET.Sdk.WindowsDesktop\targets\Microsoft.WinFX.targets(61,7): message :       SplitResourcesByCulture;
                   C:\Program Files\dotnet\sdk\10.0.102\Sdks\Microsoft.NET.Sdk.WindowsDesktop\targets\Microsoft.WinFX.targets(61,7): message :       CreateManifestResourceNames;
                   C:\Program Files\dotnet\sdk\10.0.102\Sdks\Microsoft.NET.Sdk.WindowsDesktop\targets\Microsoft.WinFX.targets(61,7): message :       CreateCustomManifestResourceNames
                   C:\Program Files\dotnet\sdk\10.0.102\Sdks\Microsoft.NET.Sdk.WindowsDesktop\targets\Microsoft.WinFX.targets(61,7): message :     ") at C:\Program Files\dotnet\sdk\10.0.102\Sdks\Microsoft.NET.Sdk.WindowsDesktop\targets\Microsoft.WinFX.targets (61,7)
                   C:\Program Files\dotnet\sdk\10.0.102\Sdks\Microsoft.NET.Sdk.WindowsDesktop\targets\Microsoft.WinFX.targets(69,7): message : Property reassignment: $(PrepareResourcesDependsOn)="
                   C:\Program Files\dotnet\sdk\10.0.102\Sdks\Microsoft.NET.Sdk.WindowsDesktop\targets\Microsoft.WinFX.targets(69,7): message :                 MarkupCompilePass1;
                   C:\Program Files\dotnet\sdk\10.0.102\Sdks\Microsoft.NET.Sdk.WindowsDesktop\targets\Microsoft.WinFX.targets(69,7): message :                 AfterMarkupCompilePass1;
                   C:\Program Files\dotnet\sdk\10.0.102\Sdks\Microsoft.NET.Sdk.WindowsDesktop\targets\Microsoft.WinFX.targets(69,7): message :                 MarkupCompilePass2ForMainAssembly;
                   C:\Program Files\dotnet\sdk\10.0.102\Sdks\Microsoft.NET.Sdk.WindowsDesktop\targets\Microsoft.WinFX.targets(69,7): message :                 FileClassification;
                   C:\Program Files\dotnet\sdk\10.0.102\Sdks\Microsoft.NET.Sdk.WindowsDesktop\targets\Microsoft.WinFX.targets(69,7): message :                 MainResourcesGeneration;
                   C:\Program Files\dotnet\sdk\10.0.102\Sdks\Microsoft.NET.Sdk.WindowsDesktop\targets\Microsoft.WinFX.targets(69,7): message :                 
                   C:\Program Files\dotnet\sdk\10.0.102\Sdks\Microsoft.NET.Sdk.WindowsDesktop\targets\Microsoft.WinFX.targets(69,7): message :       ResolvePackageDependenciesForBuild;
                   C:\Program Files\dotnet\sdk\10.0.102\Sdks\Microsoft.NET.Sdk.WindowsDesktop\targets\Microsoft.WinFX.targets(69,7): message :       _HandlePackageFileConflicts;
                   C:\Program Files\dotnet\sdk\10.0.102\Sdks\Microsoft.NET.Sdk.WindowsDesktop\targets\Microsoft.WinFX.targets(69,7): message :       
                   C:\Program Files\dotnet\sdk\10.0.102\Sdks\Microsoft.NET.Sdk.WindowsDesktop\targets\Microsoft.WinFX.targets(69,7): message :       ;
                   C:\Program Files\dotnet\sdk\10.0.102\Sdks\Microsoft.NET.Sdk.WindowsDesktop\targets\Microsoft.WinFX.targets(69,7): message :       PrepareResourceNames;
                   C:\Program Files\dotnet\sdk\10.0.102\Sdks\Microsoft.NET.Sdk.WindowsDesktop\targets\Microsoft.WinFX.targets(69,7): message :       ResGen;
                   C:\Program Files\dotnet\sdk\10.0.102\Sdks\Microsoft.NET.Sdk.WindowsDesktop\targets\Microsoft.WinFX.targets(69,7): message :       CompileLicxFiles
                   C:\Program Files\dotnet\sdk\10.0.102\Sdks\Microsoft.NET.Sdk.WindowsDesktop\targets\Microsoft.WinFX.targets(69,7): message :     
                   C:\Program Files\dotnet\sdk\10.0.102\Sdks\Microsoft.NET.Sdk.WindowsDesktop\targets\Microsoft.WinFX.targets(69,7): message :     
                   C:\Program Files\dotnet\sdk\10.0.102\Sdks\Microsoft.NET.Sdk.WindowsDesktop\targets\Microsoft.WinFX.targets(69,7): message :       " (previous value: "
                   C:\Program Files\dotnet\sdk\10.0.102\Sdks\Microsoft.NET.Sdk.WindowsDesktop\targets\Microsoft.WinFX.targets(69,7): message :       ResolvePackageDependenciesForBuild;
                   C:\Program Files\dotnet\sdk\10.0.102\Sdks\Microsoft.NET.Sdk.WindowsDesktop\targets\Microsoft.WinFX.targets(69,7): message :       _HandlePackageFileConflicts;
                   C:\Program Files\dotnet\sdk\10.0.102\Sdks\Microsoft.NET.Sdk.WindowsDesktop\targets\Microsoft.WinFX.targets(69,7): message :       
                   C:\Program Files\dotnet\sdk\10.0.102\Sdks\Microsoft.NET.Sdk.WindowsDesktop\targets\Microsoft.WinFX.targets(69,7): message :       ;
                   C:\Program Files\dotnet\sdk\10.0.102\Sdks\Microsoft.NET.Sdk.WindowsDesktop\targets\Microsoft.WinFX.targets(69,7): message :       PrepareResourceNames;
                   C:\Program Files\dotnet\sdk\10.0.102\Sdks\Microsoft.NET.Sdk.WindowsDesktop\targets\Microsoft.WinFX.targets(69,7): message :       ResGen;
                   C:\Program Files\dotnet\sdk\10.0.102\Sdks\Microsoft.NET.Sdk.WindowsDesktop\targets\Microsoft.WinFX.targets(69,7): message :       CompileLicxFiles
                   C:\Program Files\dotnet\sdk\10.0.102\Sdks\Microsoft.NET.Sdk.WindowsDesktop\targets\Microsoft.WinFX.targets(69,7): message :     
                   C:\Program Files\dotnet\sdk\10.0.102\Sdks\Microsoft.NET.Sdk.WindowsDesktop\targets\Microsoft.WinFX.targets(69,7): message :     ") at C:\Program Files\dotnet\sdk\10.0.102\Sdks\Microsoft.NET.Sdk.WindowsDesktop\targets\Microsoft.WinFX.targets (69,7)
                   C:\Program Files\dotnet\sdk\10.0.102\Sdks\Microsoft.NET.Sdk.WindowsDesktop\targets\Microsoft.WinFX.targets(136,5): message : Property reassignment: $(CompileDependsOn)="
                   C:\Program Files\dotnet\sdk\10.0.102\Sdks\Microsoft.NET.Sdk.WindowsDesktop\targets\Microsoft.WinFX.targets(136,5): message :         
                   C:\Program Files\dotnet\sdk\10.0.102\Sdks\Microsoft.NET.Sdk.WindowsDesktop\targets\Microsoft.WinFX.targets(136,5): message :       
                   C:\Program Files\dotnet\sdk\10.0.102\Sdks\Microsoft.NET.Sdk.WindowsDesktop\targets\Microsoft.WinFX.targets(136,5): message :       ResolveReferences;
                   C:\Program Files\dotnet\sdk\10.0.102\Sdks\Microsoft.NET.Sdk.WindowsDesktop\targets\Microsoft.WinFX.targets(136,5): message :       ResolveKeySource;
                   C:\Program Files\dotnet\sdk\10.0.102\Sdks\Microsoft.NET.Sdk.WindowsDesktop\targets\Microsoft.WinFX.targets(136,5): message :       SetWin32ManifestProperties;
                   C:\Program Files\dotnet\sdk\10.0.102\Sdks\Microsoft.NET.Sdk.WindowsDesktop\targets\Microsoft.WinFX.targets(136,5): message :       _SetPreferNativeArm64Win32ManifestProperties;
                   C:\Program Files\dotnet\sdk\10.0.102\Sdks\Microsoft.NET.Sdk.WindowsDesktop\targets\Microsoft.WinFX.targets(136,5): message :       FindReferenceAssembliesForReferences;
                   C:\Program Files\dotnet\sdk\10.0.102\Sdks\Microsoft.NET.Sdk.WindowsDesktop\targets\Microsoft.WinFX.targets(136,5): message :       _GenerateCompileInputs;
                   C:\Program Files\dotnet\sdk\10.0.102\Sdks\Microsoft.NET.Sdk.WindowsDesktop\targets\Microsoft.WinFX.targets(136,5): message :       BeforeCompile;
                   C:\Program Files\dotnet\sdk\10.0.102\Sdks\Microsoft.NET.Sdk.WindowsDesktop\targets\Microsoft.WinFX.targets(136,5): message :       _TimeStampBeforeCompile;
                   C:\Program Files\dotnet\sdk\10.0.102\Sdks\Microsoft.NET.Sdk.WindowsDesktop\targets\Microsoft.WinFX.targets(136,5): message :       _GenerateCompileDependencyCache;
                   C:\Program Files\dotnet\sdk\10.0.102\Sdks\Microsoft.NET.Sdk.WindowsDesktop\targets\Microsoft.WinFX.targets(136,5): message :       CoreCompile;
                   C:\Program Files\dotnet\sdk\10.0.102\Sdks\Microsoft.NET.Sdk.WindowsDesktop\targets\Microsoft.WinFX.targets(136,5): message :       _TimeStampAfterCompile;
                   C:\Program Files\dotnet\sdk\10.0.102\Sdks\Microsoft.NET.Sdk.WindowsDesktop\targets\Microsoft.WinFX.targets(136,5): message :       AfterCompile;
                   C:\Program Files\dotnet\sdk\10.0.102\Sdks\Microsoft.NET.Sdk.WindowsDesktop\targets\Microsoft.WinFX.targets(136,5): message :     ;
                   C:\Program Files\dotnet\sdk\10.0.102\Sdks\Microsoft.NET.Sdk.WindowsDesktop\targets\Microsoft.WinFX.targets(136,5): message :       _CreateAppHost;
                   C:\Program Files\dotnet\sdk\10.0.102\Sdks\Microsoft.NET.Sdk.WindowsDesktop\targets\Microsoft.WinFX.targets(136,5): message :       _CreateComHost;
                   C:\Program Files\dotnet\sdk\10.0.102\Sdks\Microsoft.NET.Sdk.WindowsDesktop\targets\Microsoft.WinFX.targets(136,5): message :       _GetIjwHostPaths;
                   C:\Program Files\dotnet\sdk\10.0.102\Sdks\Microsoft.NET.Sdk.WindowsDesktop\targets\Microsoft.WinFX.targets(136,5): message :     ;
                   C:\Program Files\dotnet\sdk\10.0.102\Sdks\Microsoft.NET.Sdk.WindowsDesktop\targets\Microsoft.WinFX.targets(136,5): message :         _AfterCompileWinFXInternal
                   C:\Program Files\dotnet\sdk\10.0.102\Sdks\Microsoft.NET.Sdk.WindowsDesktop\targets\Microsoft.WinFX.targets(136,5): message :     " (previous value: "
                   C:\Program Files\dotnet\sdk\10.0.102\Sdks\Microsoft.NET.Sdk.WindowsDesktop\targets\Microsoft.WinFX.targets(136,5): message :       
                   C:\Program Files\dotnet\sdk\10.0.102\Sdks\Microsoft.NET.Sdk.WindowsDesktop\targets\Microsoft.WinFX.targets(136,5): message :       ResolveReferences;
                   C:\Program Files\dotnet\sdk\10.0.102\Sdks\Microsoft.NET.Sdk.WindowsDesktop\targets\Microsoft.WinFX.targets(136,5): message :       ResolveKeySource;
                   C:\Program Files\dotnet\sdk\10.0.102\Sdks\Microsoft.NET.Sdk.WindowsDesktop\targets\Microsoft.WinFX.targets(136,5): message :       SetWin32ManifestProperties;
                   C:\Program Files\dotnet\sdk\10.0.102\Sdks\Microsoft.NET.Sdk.WindowsDesktop\targets\Microsoft.WinFX.targets(136,5): message :       _SetPreferNativeArm64Win32ManifestProperties;
                   C:\Program Files\dotnet\sdk\10.0.102\Sdks\Microsoft.NET.Sdk.WindowsDesktop\targets\Microsoft.WinFX.targets(136,5): message :       FindReferenceAssembliesForReferences;
                   C:\Program Files\dotnet\sdk\10.0.102\Sdks\Microsoft.NET.Sdk.WindowsDesktop\targets\Microsoft.WinFX.targets(136,5): message :       _GenerateCompileInputs;
                   C:\Program Files\dotnet\sdk\10.0.102\Sdks\Microsoft.NET.Sdk.WindowsDesktop\targets\Microsoft.WinFX.targets(136,5): message :       BeforeCompile;
                   C:\Program Files\dotnet\sdk\10.0.102\Sdks\Microsoft.NET.Sdk.WindowsDesktop\targets\Microsoft.WinFX.targets(136,5): message :       _TimeStampBeforeCompile;
                   C:\Program Files\dotnet\sdk\10.0.102\Sdks\Microsoft.NET.Sdk.WindowsDesktop\targets\Microsoft.WinFX.targets(136,5): message :       _GenerateCompileDependencyCache;
                   C:\Program Files\dotnet\sdk\10.0.102\Sdks\Microsoft.NET.Sdk.WindowsDesktop\targets\Microsoft.WinFX.targets(136,5): message :       CoreCompile;
                   C:\Program Files\dotnet\sdk\10.0.102\Sdks\Microsoft.NET.Sdk.WindowsDesktop\targets\Microsoft.WinFX.targets(136,5): message :       _TimeStampAfterCompile;
                   C:\Program Files\dotnet\sdk\10.0.102\Sdks\Microsoft.NET.Sdk.WindowsDesktop\targets\Microsoft.WinFX.targets(136,5): message :       AfterCompile;
                   C:\Program Files\dotnet\sdk\10.0.102\Sdks\Microsoft.NET.Sdk.WindowsDesktop\targets\Microsoft.WinFX.targets(136,5): message :     ;
                   C:\Program Files\dotnet\sdk\10.0.102\Sdks\Microsoft.NET.Sdk.WindowsDesktop\targets\Microsoft.WinFX.targets(136,5): message :       _CreateAppHost;
                   C:\Program Files\dotnet\sdk\10.0.102\Sdks\Microsoft.NET.Sdk.WindowsDesktop\targets\Microsoft.WinFX.targets(136,5): message :       _CreateComHost;
                   C:\Program Files\dotnet\sdk\10.0.102\Sdks\Microsoft.NET.Sdk.WindowsDesktop\targets\Microsoft.WinFX.targets(136,5): message :       _GetIjwHostPaths;
                   C:\Program Files\dotnet\sdk\10.0.102\Sdks\Microsoft.NET.Sdk.WindowsDesktop\targets\Microsoft.WinFX.targets(136,5): message :     ") at C:\Program Files\dotnet\sdk\10.0.102\Sdks\Microsoft.NET.Sdk.WindowsDesktop\targets\Microsoft.WinFX.targets (136,5)
                   C:\Program Files\dotnet\sdk\10.0.102\Sdks\Microsoft.NET.Sdk.WindowsDesktop\targets\Microsoft.WinFX.targets(803,9): message : Property reassignment: $(PublishBuildDependsOn)="
                   C:\Program Files\dotnet\sdk\10.0.102\Sdks\Microsoft.NET.Sdk.WindowsDesktop\targets\Microsoft.WinFX.targets(803,9): message :             BuildOnlySettings;
                   C:\Program Files\dotnet\sdk\10.0.102\Sdks\Microsoft.NET.Sdk.WindowsDesktop\targets\Microsoft.WinFX.targets(803,9): message :             PrepareForBuild;
                   C:\Program Files\dotnet\sdk\10.0.102\Sdks\Microsoft.NET.Sdk.WindowsDesktop\targets\Microsoft.WinFX.targets(803,9): message :             ResolveReferences;
                   C:\Program Files\dotnet\sdk\10.0.102\Sdks\Microsoft.NET.Sdk.WindowsDesktop\targets\Microsoft.WinFX.targets(803,9): message :             PrepareResources;
                   C:\Program Files\dotnet\sdk\10.0.102\Sdks\Microsoft.NET.Sdk.WindowsDesktop\targets\Microsoft.WinFX.targets(803,9): message :             ResolveKeySource;
                   C:\Program Files\dotnet\sdk\10.0.102\Sdks\Microsoft.NET.Sdk.WindowsDesktop\targets\Microsoft.WinFX.targets(803,9): message :             PrepareResourcesForSatelliteAssemblies;
                   C:\Program Files\dotnet\sdk\10.0.102\Sdks\Microsoft.NET.Sdk.WindowsDesktop\targets\Microsoft.WinFX.targets(803,9): message :             GenerateSerializationAssemblies;
                   C:\Program Files\dotnet\sdk\10.0.102\Sdks\Microsoft.NET.Sdk.WindowsDesktop\targets\Microsoft.WinFX.targets(803,9): message :             CreateSatelliteAssemblies;
                   C:\Program Files\dotnet\sdk\10.0.102\Sdks\Microsoft.NET.Sdk.WindowsDesktop\targets\Microsoft.WinFX.targets(803,9): message :         " (previous value: "
                   C:\Program Files\dotnet\sdk\10.0.102\Sdks\Microsoft.NET.Sdk.WindowsDesktop\targets\Microsoft.WinFX.targets(803,9): message :       BuildOnlySettings;
                   C:\Program Files\dotnet\sdk\10.0.102\Sdks\Microsoft.NET.Sdk.WindowsDesktop\targets\Microsoft.WinFX.targets(803,9): message :       PrepareForBuild;
                   C:\Program Files\dotnet\sdk\10.0.102\Sdks\Microsoft.NET.Sdk.WindowsDesktop\targets\Microsoft.WinFX.targets(803,9): message :       ResolveReferences;
                   C:\Program Files\dotnet\sdk\10.0.102\Sdks\Microsoft.NET.Sdk.WindowsDesktop\targets\Microsoft.WinFX.targets(803,9): message :       PrepareResources;
                   C:\Program Files\dotnet\sdk\10.0.102\Sdks\Microsoft.NET.Sdk.WindowsDesktop\targets\Microsoft.WinFX.targets(803,9): message :       ResolveKeySource;
                   C:\Program Files\dotnet\sdk\10.0.102\Sdks\Microsoft.NET.Sdk.WindowsDesktop\targets\Microsoft.WinFX.targets(803,9): message :       GenerateSerializationAssemblies;
                   C:\Program Files\dotnet\sdk\10.0.102\Sdks\Microsoft.NET.Sdk.WindowsDesktop\targets\Microsoft.WinFX.targets(803,9): message :       CreateSatelliteAssemblies;
                   C:\Program Files\dotnet\sdk\10.0.102\Sdks\Microsoft.NET.Sdk.WindowsDesktop\targets\Microsoft.WinFX.targets(803,9): message :     ") at C:\Program Files\dotnet\sdk\10.0.102\Sdks\Microsoft.NET.Sdk.WindowsDesktop\targets\Microsoft.WinFX.targets (803,9)
                   C:\Program Files\dotnet\sdk\10.0.102\NuGet.Build.Tasks.Pack.targets(34,5): message : Property reassignment: $(PackageDescription)="Package Description" (previous value: "") at C:\Program Files\dotnet\sdk\10.0.102\NuGet.Build.Tasks.Pack.targets (34,5)
                   C:\Program Files\dotnet\sdk\10.0.102\NuGet.Build.Tasks.Pack.targets(59,5): message : Property reassignment: $(GenerateNuspecDependsOn)="Build;_LoadPackInputItems; _GetTargetFrameworksOutput; _WalkEachTargetPerFramework; _GetPackageFiles; " (previous value: "_LoadPackInputItems; _GetTargetFrameworksOutput; _WalkEachTargetPerFramework; _GetPackageFiles; ") at C:\Program Files\dotnet\sdk\10.0.102\NuGet.Build.Tasks.Pack.targets (59,5)
                   C:\Program Files\dotnet\sdk\10.0.102\Sdks\Microsoft.NET.Sdk\Sdk\Sdk.targets(59,5): message : Property reassignment: $(_IsNotSetContainersTargetsDir)="true" (previous value: "false") at C:\Program Files\dotnet\sdk\10.0.102\Sdks\Microsoft.NET.Sdk\Sdk\Sdk.targets (59,5)
                   C:\Program Files\dotnet\sdk\10.0.102\Containers\build\Microsoft.NET.Build.Containers.targets(5,5): message : Property reassignment: $(_IsSDKContainerAllowedVersion)="true" (previous value: "false") at C:\Program Files\dotnet\sdk\10.0.102\Containers\build\Microsoft.NET.Build.Containers.targets (5,5)
                   C:\Program Files\dotnet\sdk\10.0.102\Containers\build\Microsoft.NET.Build.Containers.targets(15,5): message : Property reassignment: $(_ContainerIsTargetingNet8TFM)="true" (previous value: "false") at C:\Program Files\dotnet\sdk\10.0.102\Containers\build\Microsoft.NET.Build.Containers.targets (15,5)
                   Overriding target "ResolveFrameworkReferences" in project "C:\Program Files\dotnet\sdk\10.0.102\Microsoft.Common.CurrentVersion.targets" with target "ResolveFrameworkReferences" from project "C:\Program Files\dotnet\sdk\10.0.102\Sdks\Microsoft.NET.Sdk\targets\Microsoft.NET.Sdk.FrameworkReferenceResolution.targets".
                   Overriding target "GenerateSupportedTargetFrameworkAlias" in project "C:\Program Files\dotnet\sdk\10.0.102\Microsoft.Common.CurrentVersion.targets" with target "GenerateSupportedTargetFrameworkAlias" from project "C:\Program Files\dotnet\sdk\10.0.102\Sdks\Microsoft.NET.Sdk\targets\Microsoft.NET.Sdk.targets".
                   Overriding target "GetReferenceAssemblyPaths" in project "C:\Program Files\dotnet\sdk\10.0.102\Microsoft.Common.CurrentVersion.targets" with target "GetReferenceAssemblyPaths" from project "C:\Program Files\dotnet\sdk\10.0.102\Sdks\Microsoft.NET.Sdk\targets\Microsoft.NET.DisableStandardFrameworkResolution.targets".
                   Overriding target "GetFrameworkPaths" in project "C:\Program Files\dotnet\sdk\10.0.102\Microsoft.Common.CurrentVersion.targets" with target "GetFrameworkPaths" from project "C:\Program Files\dotnet\sdk\10.0.102\Sdks\Microsoft.NET.Sdk\targets\Microsoft.NET.DisableStandardFrameworkResolution.targets".
                   Overriding target "DesignerRuntimeImplementationProjectOutputGroup" in project "C:\Program Files\dotnet\sdk\10.0.102\Microsoft.Common.CurrentVersion.targets" with target "DesignerRuntimeImplementationProjectOutputGroup" from project "C:\Program Files\dotnet\sdk\10.0.102\Sdks\Microsoft.NET.Sdk\targets\Microsoft.NET.DesignerSupport.targets".
                   Overriding target "Publish" in project "C:\Program Files\dotnet\sdk\10.0.102\Microsoft.Common.CurrentVersion.targets" with target "Publish" from project "C:\Program Files\dotnet\sdk\10.0.102\Sdks\Microsoft.NET.Sdk\targets\Microsoft.NET.Publish.targets".
                   Overriding target "ResolveReadyToRunCompilers" in project "C:\Program Files\dotnet\sdk\10.0.102\Sdks\Microsoft.NET.Sdk\targets\Microsoft.NET.CrossGen.targets" with target "ResolveReadyToRunCompilers" from project "C:\Program Files\dotnet\sdk\10.0.102\Sdks\Microsoft.NET.Sdk\targets\Microsoft.NET.Publish.targets".
                   Overriding target "GetCopyToPublishDirectoryItems" in project "C:\Program Files\dotnet\sdk\10.0.102\Microsoft.Common.CurrentVersion.targets" with target "GetCopyToPublishDirectoryItems" from project "C:\Program Files\dotnet\sdk\10.0.102\Sdks\Microsoft.NET.Sdk\targets\Microsoft.NET.Publish.targets".
                   Overriding target "Run" in project "C:\Program Files\dotnet\sdk\10.0.102\Microsoft.Common.CurrentVersion.targets" with target "Run" from project "C:\Program Files\dotnet\sdk\10.0.102\Sdks\Microsoft.NET.Sdk\targets\Microsoft.NET.Sdk.targets".
                   Overriding target "SatelliteDllsProjectOutputGroup" in project "C:\Program Files\dotnet\sdk\10.0.102\Microsoft.Common.CurrentVersion.targets" with target "SatelliteDllsProjectOutputGroup" from project "C:\Program Files\dotnet\sdk\10.0.102\Sdks\Microsoft.NET.Sdk.WindowsDesktop\targets\Microsoft.WinFX.targets".
10:37:46.355     0>Initial Properties:
                   __DisableWorkloadResolverSentinelPath = C:\Program Files\dotnet\sdk\10.0.102\DisableWorkloadResolver.sentinel
                   __WindowsAppSdkDefaultImageIncludes = **/*.png;**/*.bmp;**/*.jpg;**/*.dds;**/*.tif;**/*.tga;**/*.gif
                   _AfterCompileWinFXInternalDependsOn = 
                           PrepareResourcesForSatelliteAssemblies;
                           MergeLocalizationDirectives;
                           AfterCompileWinFX
                       
                   _AfterSdkPublishDependsOn = Publish
                   _ApiCompatValidatePackageSemaphoreFile = obj\Debug\net9.0-windows10.0.17763.0\Microsoft.NET.ApiCompat.ValidatePackage.semaphore
                   _BeforePublishNoBuildTargets = 
                         BuildOnlySettings;
                         _PreventProjectReferencesFromBuilding;
                         ResolveReferences;
                         PrepareResourceNames;
                         ComputeIntermediateSatelliteAssemblies;
                         ComputeEmbeddedApphostPaths;
                       
                   _BinaryFormatterObsoleteAsError = true
                   _BuildTasksAssemblyName = Microsoft.Build.Tasks.CodeAnalysis
                   _BuildTasksDirectory = C:\Program Files\dotnet\sdk\10.0.102\Sdks\Microsoft.NET.Sdk\targets\..\..\..\Roslyn\
                   _ComHostLibraryExtension = .dll
                   _CompileTargetNameForLocalType = _CompileTemporaryAssembly
                   _CompileTemporaryAssemblyDependsOn = BuildOnlySettings;ResolveKeySource;ResolveProjectReferences;CoreCompile
                   _ContainerIsSelfContained = false
                   _ContainerIsTargetingNet8TFM = true
                   _ContainersTargetsDir = C:\Program Files\dotnet\sdk\10.0.102\Sdks\Microsoft.NET.Sdk\Sdk\..\..\..\Containers\build\
                   _CorePublishTargets = 
                         PrepareForPublish;
                         ComputeAndCopyFilesToPublishDirectory;
                         ;
                         PublishItemsOutputGroup;
                       
                   _CsWinRTGeneratorInteropAssemblyFileName = WinRT.Interop.dll
                   _CsWinRTGeneratorInteropAssemblyName = WinRT.Interop
                   _CsWinRTGeneratorInteropAssemblyPath = c:\Users\niaci\RiderProjects\moenybox_devicecontroller\obj\Debug\net9.0-windows10.0.17763.0\WinRT.Interop.dll
                   _DebugSymbolsProduced = true
                   _DefaultArtifactsPathPropsImported = true
                   _DefaultUserProfileRuntimeStorePath = C:\Users\niaci\.dotnet\store
                   _DeploymentApplicationManifestIdentity = KIOSK.exe
                   _DeploymentBuiltUpdateInterval = 0
                   _DeploymentBuiltUpdateIntervalUnits = Days
                   _DeploymentDeployManifestIdentity = KIOSK.application
                   _DeploymentFileMappingExtension = 
                   _DeploymentLauncherBased = true
                   _DeploymentPublishableProjectDefault = true
                   _DeploymentTargetApplicationManifestFileName = KIOSK.dll.manifest
                   _DeploymentUrl = 
                   _DesignerDepsFileName = KIOSK.designer.deps.json
                   _DesignerDepsFilePath = obj\Debug\net9.0-windows10.0.17763.0\KIOSK.designer.deps.json
                   _DesignerRuntimeConfigFileName = KIOSK.designer.runtimeconfig.json
                   _DesignerRuntimeConfigFilePath = obj\Debug\net9.0-windows10.0.17763.0\KIOSK.designer.runtimeconfig.json
                   _DirectoryBuildPropsBasePath = 
                   _DirectoryBuildPropsFile = Directory.Build.props
                   _DirectoryBuildTargetsBasePath = 
                   _DirectoryBuildTargetsFile = Directory.Build.targets
                   _DirectoryPackagesPropsBasePath = 
                   _DirectoryPackagesPropsFile = Directory.Packages.props
                   _DocumentationFileProduced = false
                   _DotNetAppHostExecutableName = apphost.exe
                   _DotNetAppHostExecutableNameWithoutExtension = apphost
                   _DotNetComHostLibraryName = comhost.dll
                   _DotNetComHostLibraryNameWithoutExtension = comhost
                   _DotNetHostExecutableName = dotnet.exe
                   _DotNetHostFxrLibraryName = libhostfxr.so
                   _DotNetHostPolicyLibraryName = libhostpolicy.so
                   _DotNetIjwHostLibraryName = Ijwhost.dll
                   _DotNetIjwHostLibraryNameWithoutExtension = Ijwhost
                   _DotNetSingleFileHostExecutableNameWithoutExtension = singlefilehost
                   _EnableDefaultWindowsPlatform = false
                   _EnableWindowsDesktopGlobbing = true
                   _EnableWindowsDesktopNetCoreFrameworkReferences = true
                   _FirstTargetFrameworkToSupportAot = net7.0
                   _FirstTargetFrameworkToSupportSingleFile = net6.0
                   _FirstTargetFrameworkToSupportTrimming = net6.0
                   _FirstTargetFrameworkVersionToSupportAotAnalyzer = 7.0
                   _FirstTargetFrameworkVersionToSupportSingleFileAnalyzer = 6.0
                   _FirstTargetFrameworkVersionToSupportTrimAnalyzer = 6.0
                   _GenerateBindingRedirectsIntermediateAppConfig = obj\Debug\net9.0-windows10.0.17763.0\KIOSK.dll.config
                   _GeneratePublishDependencyFilePropertyInputsCache = c:\Users\niaci\RiderProjects\moenybox_devicecontroller\KIOSK\obj\Debug\net9.0-windows10.0.17763.0\KIOSK.genpublishdeps.cache
                   _GenerateRestoreGraphProjectEntryInputProperties = ExcludeRestorePackageImports=true
                   _GenerateRuntimeConfigurationPropertyInputsCache = c:\Users\niaci\RiderProjects\moenybox_devicecontroller\KIOSK\obj\Debug\net9.0-windows10.0.17763.0\KIOSK.genruntimeconfig.cache
                   _GenerateSingleFileBundlePropertyInputsCache = c:\Users\niaci\RiderProjects\moenybox_devicecontroller\KIOSK\obj\Debug\net9.0-windows10.0.17763.0\KIOSK.genbundle.cache
                   _GenerateSourceLinkFileBeforeTargets = CoreCompile
                   _GenerateSourceLinkFileDependsOnTargets = 
                   _GenerateSupportedRuntimeIntermediateAppConfig = obj\Debug\net9.0-windows10.0.17763.0\KIOSK.dll.withSupportedRuntime.config
                   _GetChildProjectCopyToOutputDirectoryItems = true
                   _GetChildProjectCopyToPublishDirectoryItems = true
                   _IjwHostLibraryExtension = .dll
                   _InitialBaseIntermediateOutputPath = obj\
                   _IsDisjointMSBuildVersion = False
                   _IsExecutable = true
                   _IsNETCoreOrNETStandard = true
                   _IsNotSetContainersTargetsDir = true
                   _IsSDKContainerAllowedVersion = true
                   _LatestAnalysisLevel = 9.0
                   _MaxAvailableLangVersion = 14.0
                   _MaxSupportedLangVersion = 13.0
                   _MicrosoftNETSdkWindowsDesktop = true
                   _MicrosoftSourceLinkCommonAssemblyFile = C:\Program Files\dotnet\sdk\10.0.102\Sdks\Microsoft.SourceLink.Common\build\..\tools\net\Microsoft.SourceLink.Common.dll
                   _MinimumNonEolSupportedNetCoreTargetFramework = net8.0
                   _MSBuildVersionMajorMinor = 18.0
                   _NativeExecutableExtension = .exe
                   _NativeLibraryExtension = .so
                   _NativeLibraryPrefix = lib
                   _NETAnalyzersSDKAssemblyVersion = 10.0.102
                   _NETCoreSdkIsPreview = false
                   _NetFrameworkHostedCompilersVersion = 5.0.0-2.25612.105
                   _NoneAnalysisLevel = 4.0
                   _NugetFallbackFolder = C:\Program Files\dotnet\sdk\10.0.102\Sdks\Microsoft.NET.Sdk\targets\..\..\..\..\NuGetFallbackFolder
                   _NugetTargetMonikerAndRID = .NETCoreApp,Version=v9.0
                   _OriginalConfiguration = Debug
                   _OriginalPlatform = AnyCPU
                   _PlatformWithoutConfigurationInference = AnyCPU
                   _PresentationBuildTasksAssembly = C:\Program Files\dotnet\sdk\10.0.102\Sdks\Microsoft.NET.Sdk.WindowsDesktop\tools\net10.0\PresentationBuildTasks.dll
                   _PresentationBuildTasksTfm = net10.0
                   _PreviewAnalysisLevel = 10.0
                   _ProjectDefaultTargets = Build
                   _PublishNoBuildAlternativeDependsOn = 
                         BuildOnlySettings;
                         _PreventProjectReferencesFromBuilding;
                         ResolveReferences;
                         PrepareResourceNames;
                         ComputeIntermediateSatelliteAssemblies;
                         ComputeEmbeddedApphostPaths;
                       ;
                         PrepareForPublish;
                         ComputeAndCopyFilesToPublishDirectory;
                         ;
                         PublishItemsOutputGroup;
                       
                   _PublishProfileDesignerFolder = Properties
                   _PublishProfileRootFolder = c:\Users\niaci\RiderProjects\moenybox_devicecontroller\KIOSK\Properties\PublishProfiles\
                   _RecursiveTargetForContentCopying = GetCopyToOutputDirectoryItems
                   _RemoveUnsupportedTargetFrameworksForWindowsDesktop = true
                   _RequireMCPass2ForMainAssembly = false
                   _RequireMCPass2ForSatelliteAssemblyOnly = false
                   _ResolveProjectReferencesTargetName = ResolveProjectReferences
                   _ResolveReferenceDependencies = false
                   _ResourceNameInMainAssembly = KIOSK.g.resources
                   _RunCsWinRTGeneratorPropertyInputsCachePath = c:\Users\niaci\RiderProjects\moenybox_devicecontroller\KIOSK\obj\Debug\net9.0-windows10.0.17763.0\KIOSK.cswinrtgen.cache
                   _RuntimeIdentifierUsesAppHost = true
                   _RuntimePackInWorkloadVersion6 = 6.0.36
                   _RuntimePackInWorkloadVersion7 = 7.0.20
                   _RuntimePackInWorkloadVersion8 = 8.0.23
                   _RuntimePackInWorkloadVersion9 = 9.0.12
                   _RuntimePackInWorkloadVersionCurrent = 10.0.2
                   _SGenDllCreated = false
                   _SGenDllName = KIOSK.XmlSerializers.dll
                   _SGenGenerateSerializationAssembliesConfig = Off
                   _SourceLinkAzureReposGitAssemblyFile = C:\Program Files\dotnet\sdk\10.0.102\Sdks\Microsoft.SourceLink.AzureRepos.Git\build\..\tools\net\Microsoft.SourceLink.AzureRepos.Git.dll
                   _SourceLinkBitbucketAssemblyFile = C:\Program Files\dotnet\sdk\10.0.102\Sdks\Microsoft.SourceLink.Bitbucket.Git\build\..\tools\net\Microsoft.SourceLink.Bitbucket.Git.dll
                   _SourceLinkGitHubAssemblyFile = C:\Program Files\dotnet\sdk\10.0.102\Sdks\Microsoft.SourceLink.GitHub\build\..\tools\net\Microsoft.SourceLink.GitHub.dll
                   _SourceLinkGitLabAssemblyFile = C:\Program Files\dotnet\sdk\10.0.102\Sdks\Microsoft.SourceLink.GitLab\build\..\tools\net\Microsoft.SourceLink.GitLab.dll
                   _SourceLinkPropsImported = true
                   _SourceLinkSdkSubDir = build
                   _SupportedArchitectures = amd64 arm64
                   _SupportedPlatformList = @(SupportedPlatform, ',')
                   _TargetFrameworkDirectories = 
                   _TargetFrameworkVersionValue = 9.0
                   _TargetFrameworkVersionWithoutV = 9.0
                   _TargetLatestRuntimePatchIsDefault = true
                   _TargetPlatformVersionUsesCsWinRT3 = false
                   _TargetsThatPrepareProjectReferences = 
                         AssignProjectConfiguration;
                         _SplitProjectReferencesByFileExistence
                       
                   _UndefinedTargetFrameworkVersion = 0.0
                   _UseAttributeForTargetFrameworkInfoPropertyNames = true
                   _UsingDefaultForHasRuntimeOutput = true
                   _UsingDefaultPlatformTarget = true
                   _WindowsDesktopSdkTargetFrameworkVersionFloor = 3.0
                   _WorkloadLibraryPacksFolder = C:\Program Files\dotnet\library-packs
                   AddAdditionalExplicitAssemblyReferences = false
                   AddAppConfigToBuildOutputs = true
                   AfterMicrosoftNETSdkTargets = ;C:\Program Files\dotnet\sdk\10.0.102\Sdks\Microsoft.NET.Sdk\targets\../../Microsoft.NET.Sdk.WindowsDesktop/targets/Microsoft.NET.Sdk.WindowsDesktop.targets
                   AllowedOutputExtensionsInPackageBuildOutputFolder = .dll; .exe; .winmd; .json; .pri; .xml ;
                   AllowedOutputExtensionsInSymbolsPackageBuildOutputFolder = .pdb; .mdb; .dll; .exe; .winmd; .json; .pri; .xml ;; 
                   AllowedReferenceAssemblyFileExtensions = 
                         .winmd;
                         .dll;
                         .exe
                       
                   AllowedReferenceRelatedFileExtensions = 
                         .pdb;
                         .xml;
                         .pri;
                         .dll.config;
                         .exe.config
                       
                   AllowUnsafeBlocks = false
                   AlwaysCompileMarkupFilesInSeparateDomain = true
                   AlwaysIncludeCoreFrameworkInRuntimeConfig = true
                   AlwaysUseNumericalSuffixInItemNames = true
                   AnalysisLevel = latest
                   AppDesignerFolder = Properties
                   AppendPlatformToOutputPath = false
                   AppendRuntimeIdentifierToOutputPath = true
                   AppendTargetFrameworkToOutputPath = true
                   ApplicationIcon = symbol.ico
                   AssemblyFoldersConfigFile = C:\Program Files\dotnet\sdk\10.0.102\AssemblyFolders.config
                   AssemblyFoldersSuffix = AssemblyFoldersEx
                   AssemblyName = KIOSK
                   AssemblySearchPaths = {CandidateAssemblyFiles};{HintPathFromItem};{TargetFrameworkDirectory};{RawFileName}
                   AssemblyTitle = KIOSK
                   AssetTargetFallback = ;net461;net462;net47;net471;net472;net48;net481
                   AssignTargetPathsDependsOn = 
                   Authors = KIOSK
                   AutomaticallyUseReferenceAssemblyPackages = true
                   AutoUnifyAssemblyReferences = true
                   AvailablePlatforms = Any CPU,x86,x64,ARM32,ARM64
                   BaseIntermediateOutputPath = obj\
                   BaseOutputPath = bin\
                   BaseOutputPathWasSpecified = true
                   BuildCompileAction = Build
                   BuildDependsOn = 
                         BeforeBuild;
                         CoreBuild;
                         AfterBuild
                       
                   BuildGenerateSourcesAction = Build
                   BuildingProject = false
                   BuildInParallel = true
                   BuildLinkAction = Build
                   BuildOutputTargetFolder = lib
                   BuildProjectReferences = true
                   BuiltProjectOutputGroupDependenciesDependsOn = 
                         ;
                         
                         ;
                         BuildOnlySettings;
                         PrepareForBuild;
                         AssignTargetPaths;
                         ResolveReferences
                       
                       
                   BuiltProjectOutputGroupDependsOn = PrepareForBuild
                   BundledMSBuildVersion = 18.0.7
                   BundledNETCoreAppPackageVersion = 10.0.2
                   BundledNETCoreAppTargetFrameworkVersion = 10.0
                   BundledNETCorePlatformsPackageVersion = 10.0.2-servicing.25612.105
                   BundledNETStandardPackageVersion = 2.1.0
                   BundledNETStandardTargetFrameworkVersion = 2.1
                   BundledRuntimeIdentifierGraphFile = C:\Program Files\dotnet\sdk\10.0.102\RuntimeIdentifierGraph.json
                   CheckEolTargetFramework = true
                   CheckEolWorkloads = true
                   CheckForOverflowUnderflow = false
                   CleanDependsOn = 
                         BeforeClean;
                         UnmanagedUnregistration;
                         CoreClean;
                         CleanReferencedProjects;
                         CleanPublishFolder;
                         AfterClean
                       
                   CleanFile = KIOSK.csproj.FileListAbsolute.txt
                   ClickOncePublishDir = bin\Debug\net9.0-windows10.0.17763.0\publish\
                   CodeAnalysisRuleIds = CA1000;CA1001;CA1002;CA1003;CA1005;CA1008;CA1010;CA1012;CA1014;CA1016;CA1017;CA1018;CA1019;CA1021;CA1024;CA1027;CA1028;CA1030;CA1031;CA1032;CA1033;CA1034;CA1036;CA1040;CA1041;CA1043;CA1044;CA1045;CA1046;CA1047;CA1050;CA1051;CA1052;CA1054;CA1055;CA1056;CA1058;CA1060;CA1061;CA1062;CA1063;CA1064;CA1065;CA1066;CA1067;CA1068;CA1069;CA1070;CA1200;CA1303;CA1304;CA1305;CA1307;CA1308;CA1309;CA1310;CA1311;CA1401;CA1416;CA1417;CA1418;CA1419;CA1420;CA1421;CA1422;CA1501;CA1502;CA1505;CA1506;CA1507;CA1508;CA1509;CA1510;CA1511;CA1512;CA1513;CA1514;CA1515;CA1516;CA1700;CA1707;CA1708;CA1710;CA1711;CA1712;CA1713;CA1715;CA1716;CA1720;CA1721;CA1724;CA1725;CA1727;CA1802;CA1805;CA1806;CA1810;CA1812;CA1813;CA1814;CA1815;CA1816;CA1819;CA1820;CA1821;CA1822;CA1823;CA1824;CA1825;CA1826;CA1827;CA1828;CA1829;CA1830;CA1831;CA1832;CA1833;CA1834;CA1835;CA1836;CA1837;CA1838;CA1839;CA1840;CA1841;CA1842;CA1843;CA1844;CA1845;CA1846;CA1847;CA1848;CA1849;CA1850;CA1851;CA1852;CA1853;CA1854;CA1855;CA1856;CA1857;CA1858;CA1859;CA1860;CA1861;CA1862;CA1863;CA1864;CA1865;CA1866;CA1867;CA1868;CA1869;CA1870;CA1871;CA1872;CA1873;CA1874;CA1875;CA2000;CA2002;CA2007;CA2008;CA2009;CA2011;CA2012;CA2013;CA2014;CA2015;CA2016;CA2017;CA2018;CA2019;CA2020;CA2021;CA2022;CA2023;CA2024;CA2025;CA2100;CA2101;CA2119;CA2153;CA2200;CA2201;CA2207;CA2208;CA2211;CA2213;CA2214;CA2215;CA2216;CA2217;CA2218;CA2219;CA2224;CA2225;CA2226;CA2227;CA2231;CA2234;CA2235;CA2237;CA2241;CA2242;CA2243;CA2244;CA2245;CA2246;CA2247;CA2248;CA2249;CA2250;CA2251;CA2252;CA2253;CA2254;CA2255;CA2256;CA2257;CA2258;CA2259;CA2260;CA2261;CA2262;CA2263;CA2264;CA2265;CA2300;CA2301;CA2302;CA2305;CA2310;CA2311;CA2312;CA2315;CA2321;CA2322;CA2326;CA2327;CA2328;CA2329;CA2330;CA2350;CA2351;CA2352;CA2353;CA2354;CA2355;CA2356;CA2361;CA2362;CA3001;CA3002;CA3003;CA3004;CA3005;CA3006;CA3007;CA3008;CA3009;CA3010;CA3011;CA3012;CA3061;CA3075;CA3076;CA3077;CA3147;CA5350;CA5351;CA5358;CA5359;CA5360;CA5361;CA5362;CA5363;CA5364;CA5365;CA5366;CA5367;CA5368;CA5369;CA5370;CA5371;CA5372;CA5373;CA5374;CA5375;CA5376;CA5377;CA5378;CA5379;CA5380;CA5381;CA5382;CA5383;CA5384;CA5385;CA5386;CA5387;CA5388;CA5389;CA5390;CA5391;CA5392;CA5393;CA5394;CA5395;CA5396;CA5397;CA5398;CA5399;CA5400;CA5401;CA5402;CA5403;CA5404;CA5405
                   CodeAnalysisTargets = C:\Program Files\dotnet\sdk\10.0.102\Microsoft\VisualStudio\v18.0\CodeAnalysis\Microsoft.CodeAnalysis.targets
                   CommandLineArgsForDesignTimeEvaluation = -langversion:13.0 -define:TRACE
                   CommonOutputGroupsDependsOn = 
                         ;
                         BuildOnlySettings;
                         PrepareForBuild;
                         AssignTargetPaths;
                         ResolveReferences
                       
                   CommonTargetsPath = C:\Program Files\dotnet\sdk\10.0.102\Microsoft.Common.CurrentVersion.targets
                   CommonXamlResourcesDirectory = C:\Program Files\dotnet\sdk\10.0.102\\
                   Company = KIOSK
                   CompileDependsOn = 
                           
                         
                         ResolveReferences;
                         ResolveKeySource;
                         SetWin32ManifestProperties;
                         _SetPreferNativeArm64Win32ManifestProperties;
                         FindReferenceAssembliesForReferences;
                         _GenerateCompileInputs;
                         BeforeCompile;
                         _TimeStampBeforeCompile;
                         _GenerateCompileDependencyCache;
                         CoreCompile;
                         _TimeStampAfterCompile;
                         AfterCompile;
                       ;
                         _CreateAppHost;
                         _CreateComHost;
                         _GetIjwHostPaths;
                       ;
                           _AfterCompileWinFXInternal
                       
                   CompileLicxFilesDependsOn = 
                   CompilerApiVersion = roslyn5.0
                   CompilerGeneratedFilesOutputPath = 
                   ComputeIntermediateSatelliteAssembliesDependsOn = 
                         CreateManifestResourceNames
                       
                   ComputeNETCoreBuildOutputFiles = true
                   ComReferenceExecuteAsTool = false
                   ComReferenceNoClassMembers = false
                   Configuration = Debug
                   ConfigurationName = Debug
                   Configurations = Debug;Release;Remote
                   ConsiderPlatformAsProcessorArchitecture = true
                   ContainerCustomTasksAssembly = C:\Program Files\dotnet\sdk\10.0.102\Containers\build\..\tasks\net10.0\Microsoft.NET.Build.Containers.dll
                   ContainerCustomTasksFolder = C:\Program Files\dotnet\sdk\10.0.102\Containers\build\..\tasks\net10.0\
                   ContainerizeFolder = C:\Program Files\dotnet\sdk\10.0.102\Containers\build\..\containerize\
                   ContainerizeFolderName = containerize
                   ContainerTaskFolderName = tasks
                   ContainerTaskFramework = net10.0
                   ContentFilesProjectOutputGroupDependsOn = PrepareForBuild;AssignTargetPaths
                   ContentPreprocessorOutputDirectory = obj\Debug\net9.0-windows10.0.17763.0\NuGet\
                   ContentTargetFolders = content;contentFiles
                   ContinueOnError = false
                   CopyBuildOutputToPublishDirectory = true
                   CopyConflictingTransitiveContent = false
                   CopyLocalLockFileAssemblies = true
                   CopyOutputSymbolsToPublishDirectory = true
                   CoreBuildDependsOn = 
                         _CheckForBuildWithNoBuild;
                         
                         BuildOnlySettings;
                         PrepareForBuild;
                         PreBuildEvent;
                         ResolveReferences;
                         PrepareResources;
                         ResolveKeySource;
                         Compile;
                         ExportWindowsMDFile;
                         UnmanagedUnregistration;
                         GenerateSerializationAssemblies;
                         CreateSatelliteAssemblies;
                         GenerateManifests;
                         GetTargetPath;
                         PrepareForRun;
                         UnmanagedRegistration;
                         IncrementalClean;
                         PostBuildEvent
                       ;
                         GenerateBuildDependencyFile;
                         GenerateBuildRuntimeConfigurationFiles
                       
                   CoreCleanDependsOn = 
                         _SdkBeforeClean;
                         
                       
                   CoreCompileDependsOn = ;_ComputeNonExistentFileProperty;ResolveCodeAnalysisRuleSet
                   CoreResGenDependsOn = FindReferenceAssembliesForReferences
                   CreateCustomManifestResourceNamesDependsOn = 
                   CreateHardLinksForCopyAdditionalFilesIfPossible = false
                   CreateManifestResourceNamesDependsOn = 
                   CreateSatelliteAssembliesDependsOn = 
                         
                         ;
                         _GenerateSatelliteAssemblyInputs;
                         ComputeIntermediateSatelliteAssemblies;
                         GenerateSatelliteAssemblies
                       ;
                         CoreGenerateSatelliteAssemblies
                       
                   CreateSymbolicLinksForCopyAdditionalFilesIfPossible = false
                   CSharpCoreTargetsPath = C:\Program Files\dotnet\sdk\10.0.102\Sdks\Microsoft.NET.Sdk\targets\..\..\..\Roslyn\Microsoft.CSharp.Core.targets
                   CSharpDesignTimeTargetsPath = C:\Program Files\dotnet\sdk\10.0.102\\Microsoft\VisualStudio\Managed\Microsoft.CSharp.DesignTime.targets
                   CSharpTargetsPath = C:\Program Files\dotnet\sdk\10.0.102\Microsoft.CSharp.CurrentVersion.targets
                   CsWinRTAotOptimizerEnabled = true
                   CsWinRTCcwLookupTableGeneratorEnabled = true
                   CsWinRTGenerateInteropAssembly = false
                   CsWinRTGeneratorEnableIncrementalGeneration = true
                   CsWinRTGeneratorInteropAssemblyDirectory = obj\Debug\net9.0-windows10.0.17763.0\
                   CsWinRTGeneratorLogStandardErrorAsError = true
                   CsWinRTGeneratorMaxDegreesOfParallelism = -1
                   CsWinRTGeneratorStandardErrorImportance = High
                   CsWinRTGeneratorStandardOutputImportance = High
                   CsWinRTGeneratorTreatWarningsAsErrors = false
                   CsWinRTGeneratorValidateWinRTRuntimeAssemblyVersion = true
                   CsWinRTGeneratorValidateWinRTRuntimeDllVersion2References = true
                   CsWinRTUseWindowsUIXamlProjections = false
                   CustomAfterDirectoryBuildProps = ;C:\Program Files\dotnet\sdk\10.0.102\Sdks\Microsoft.NET.Sdk\Sdk\UseArtifactsOutputPath.props
                   CustomAfterMicrosoftCommonProps = C:\Program Files\dotnet\sdk\10.0.102\\vCurrent\Custom.After.Microsoft.Common.props
                   CustomAfterMicrosoftCommonTargets = C:\Program Files\dotnet\sdk\10.0.102\\vCurrent\Custom.After.Microsoft.Common.targets
                   CustomAfterMicrosoftCSharpTargets = C:\Program Files\dotnet\sdk\10.0.102\\vCurrent\Custom.After.Microsoft.CSharp.targets
                   CustomBeforeMicrosoftCommonProps = C:\Program Files\dotnet\sdk\10.0.102\\vCurrent\Custom.Before.Microsoft.Common.props
                   CustomBeforeMicrosoftCommonTargets = C:\Program Files\dotnet\sdk\10.0.102\\vCurrent\Custom.Before.Microsoft.Common.targets
                   CustomBeforeMicrosoftCSharpTargets = C:\Program Files\dotnet\sdk\10.0.102\\vCurrent\Custom.Before.Microsoft.CSharp.targets
                   DebugSymbols = true
                   DebugSymbolsProjectOutputGroupDependenciesDependsOn = 
                         ;
                         
                         ;
                         BuildOnlySettings;
                         PrepareForBuild;
                         AssignTargetPaths;
                         ResolveReferences
                       
                       
                   DebugSymbolsProjectOutputGroupDependsOn = 
                   DebugType = portable
                   DefaultAllowedOutputExtensionsInPackageBuildOutputFolder = .dll; .exe; .winmd; .json; .pri; .xml
                   DefaultAppHostRuntimeIdentifier = win-x64
                   DefaultCopyToPublishDirectoryMetadata = true
                   DefaultExcludesInProjectFolder = ;;**/.*/**
                   DefaultImplicitPackages = Microsoft.NETCore.App;NETStandard.Library
                   DefaultItemExcludes = ;bin\Debug\/**;obj\Debug\/**;bin\/**;obj\/**;**/*.user;**/*.*proj;**/*.sln;**/*.slnx;**/*.vssscc;**/.DS_Store
                   DefaultLanguageSourceExtension = .cs
                   DefaultProjectTypeGuid = {FAE04EC0-301F-11D3-BF4B-00C04F79EFBC}
                   DefaultXamlRuntime = Wpf
                   DefineCommonCapabilities = true
                   DefineCommonItemSchemas = true
                   DefineCommonReferenceSchemas = true
                   DefineConstants = TRACE;DEBUG
                   DelaySign = 
                   DeploymentComputeClickOnceManifestInfoDependsOn = 
                         CleanPublishFolder;
                         GetCopyToOutputDirectoryItems;
                         _DeploymentGenerateTrustInfo;
                         
                       
                   DeploymentType = Installed
                   DesignerRuntimeImplementationProjectOutputGroupDependsOn = 
                         
                         ;
                         
                         ;
                         BuildOnlySettings;
                         PrepareForBuild;
                         AssignTargetPaths;
                         ResolveReferences
                       
                       ;
                         _GenerateDesignerDepsFile;
                         _GenerateDesignerRuntimeConfigFile;
                         GetCopyToOutputDirectoryItems;
                         _GatherDesignerShadowCopyFiles;
                       
                   DesignTimeAssemblySearchPaths = {CandidateAssemblyFiles};{HintPathFromItem};{TargetFrameworkDirectory};{RawFileName}
                   DesignTimeAutoUnify = true
                   DesignTimeResolveAssemblyReferencesDependsOn = 
                         GetFrameworkPaths;
                         GetReferenceAssemblyPaths;
                         ResolveReferences
                       
                   Deterministic = true
                   DevEnvDir = *Undefined*
                   DisableHandlePackageFileConflicts = true
                   DisableLogTaskParameter_ConvertToAbsolutePath_Path = true
                   DisableLogTaskParameter_FindUnderPath_OutOfPath = true
                   DisableLogTaskParameter_RemoveDuplicates_Inputs = true
                   DisableLogTaskParameterItemMetadata_ConvertToAbsolutePath_AbsolutePaths = true
                   DisableLogTaskParameterItemMetadata_Copy_CopiedFiles = true
                   DisableLogTaskParameterItemMetadata_Copy_DestinationFiles = true
                   DisableLogTaskParameterItemMetadata_Copy_SourceFiles = true
                   DisableLogTaskParameterItemMetadata_FindUnderPath_Files = true
                   DisableLogTaskParameterItemMetadata_FindUnderPath_InPath = true
                   DisableLogTaskParameterItemMetadata_GenerateResource_FilesWritten = true
                   DisableLogTaskParameterItemMetadata_Hash_ItemsToHash = true
                   DisableLogTaskParameterItemMetadata_RemoveDuplicates_Filtered = true
                   DisableLogTaskParameterItemMetadata_WriteLinesToFile_Lines = true
                   DisableStandardFrameworkResolution = true
                   DocumentationFile = 
                   DocumentationProjectOutputGroupDependenciesDependsOn = 
                         ;
                         
                         ;
                         BuildOnlySettings;
                         PrepareForBuild;
                         AssignTargetPaths;
                         ResolveReferences
                       
                       
                   DocumentationProjectOutputGroupDependsOn = 
                   DOTNET_CLI_TELEMETRY_SESSIONID = 33de97b0-c82b-4708-9101-efc10ea18c95
                   DOTNET_CLI_UI_LANGUAGE = en
                   DOTNET_HOST_PATH = C:\Program Files\dotnet\dotnet.exe
                   DotNetApiCompatTaskAssembly = C:\Program Files\dotnet\sdk\10.0.102\Sdks\Microsoft.NET.Sdk\targets\..\tools\net10.0\Microsoft.DotNet.ApiCompat.Task.dll
                   DotnetCliToolTargetFramework = netcoreapp2.2
                   EffectiveAnalysisLevel = 9.0
                   EffectiveCodeAnalysisTreatWarningsAsErrors = 
                   EffectiveTargetPlatformVersion = 10.0.17763.0
                   EmbeddedResourceUseDependentUponConvention = true
                   EmbeddedWin32Manifest = 
                   EmbedUntrackedSources = true
                   EmitAssetsLogMessages = true
                   EmitCompilerGeneratedFiles = false
                   EmitLegacyAssetsFileItems = false
                   EnableAppxPackageTargetsForUwpClassLibraries = true
                   EnableDefaultApplicationDefinition = true
                   EnableDefaultCompileItems = true
                   EnableDefaultEmbeddedResourceItems = true
                   EnableDefaultItems = true
                   EnableDefaultNoneItems = true
                   EnableDefaultPageItems = true
                   EnableFrameworkPathOverride = false
                   EnableNETAnalyzers = true
                   EnableSdkContainerSupport = true
                   EnableSourceControlManagerQueries = true
                   EnableSourceLink = true
                   EnableUnsafeBinaryFormatterSerialization = false
                   EnableWebSdkImplicitPackageVersions = false
                   EnforceCodeStyleInBuild = false
                   ErrorReport = prompt
                   ExpandSDKAllowedReferenceExtensions = 
                         .winmd;
                         .dll
                       
                   ExpandSDKReferencesDependsOn = 
                         ResolveSDKReferences
                       
                   FileAlignment = 512
                   FindInvalidProjectReferencesDependsOn = 
                         GetReferenceTargetPlatformMonikers
                       
                   Framework20Dir = @(_TargetFramework20DirectoryItem)
                   Framework30Dir = @(_TargetFramework30DirectoryItem)
                   Framework35Dir = @(_TargetFramework35DirectoryItem)
                   Framework40Dir = @(_TargetFramework40DirectoryItem)
                   FrameworkDir = @(_TargetFramework40DirectoryItem)
                   FrameworkPathOverride = 
                   FrameworkRegistryBase = Software\Microsoft\.NETCoreApp
                   FrameworkSDKDir = @(_TargetFrameworkSDKDirectoryItem)
                   FullReferenceAssemblyNames = Full
                   GenerateAssemblyCompanyAttribute = true
                   GenerateAssemblyConfigurationAttribute = true
                   GenerateAssemblyCopyrightAttribute = true
                   GenerateAssemblyDescriptionAttribute = true
                   GenerateAssemblyFileVersionAttribute = true
                   GenerateAssemblyInfo = true
                   GenerateAssemblyInformationalVersionAttribute = true
                   GenerateAssemblyMetadataAttributes = true
                   GenerateAssemblyProductAttribute = true
                   GenerateAssemblyTitleAttribute = true
                   GenerateAssemblyTrademarkAttribute = true
                   GenerateAssemblyVersionAttribute = true
                   GenerateBindingRedirectsOutputType = true
                   GenerateClickOnceManifests = 
                   GeneratedAssemblyInfoFile = obj\Debug\net9.0-windows10.0.17763.0\KIOSK.AssemblyInfo.cs
                   GenerateDependencyFile = true
                   GeneratedFileExtension = .g.cs
                   GeneratedGlobalUsingsFile = obj\Debug\net9.0-windows10.0.17763.0\KIOSK.GlobalUsings.g.cs
                   GenerateDisableRuntimeMarshallingAttribute = true
                   GenerateDocumentationFile = false
                   GenerateFullPaths = true
                   GenerateInternalsVisibleToAttributes = true
                   GenerateManifestsDependsOn = 
                         SetWin32ManifestProperties;
                         GenerateApplicationManifest;
                         GenerateDeploymentManifest
                       
                   GenerateNeutralResourcesLanguageAttribute = true
                   GenerateNuspecDependsOn = Build;_LoadPackInputItems; _GetTargetFrameworksOutput; _WalkEachTargetPerFramework; _GetPackageFiles; 
                   GeneratePackageOnBuild = false
                   GenerateRepositoryUrlAttribute = true
                   GenerateResourceMSBuildArchitecture = CurrentArchitecture
                   GenerateResourceMSBuildRuntime = CurrentRuntime
                   GenerateResourceUsePreserializedResources = true
                   GenerateRuntimeConfigDevFile = false
                   GenerateRuntimeConfigurationFiles = true
                   GenerateSatelliteAssembliesForCore = true
                   GenerateSupportedOSPlatformAttribute = true
                   GenerateTargetFrameworkAttribute = true
                   GenerateTargetPlatformAttribute = true
                   GetCopyToOutputDirectoryItemsDependsOn = 
                         AssignTargetPaths;
                         
                         AssignProjectConfiguration;
                         _SplitProjectReferencesByFileExistence
                       ;
                         _GetProjectReferenceTargetFrameworkProperties;
                         _PopulateCommonStateForGetCopyToOutputDirectoryItems
                       
                   GetFrameworkPathsDependsOn = 
                   GetReferenceNearestTargetFrameworkTaskSupportsTargetPlatformParameter = true
                   GetTargetPathWithTargetPlatformMonikerDependsOn = 
                   HasRuntimeOutput = true
                   HideWarningsAndErrors = false
                   HighEntropyVA = true
                   HostInBrowser = false
                   ImplicitConfigurationDefine = DEBUG
                   ImplicitUsings = enable
                   ImportByWildcardAfterMicrosoftCommonProps = true
                   ImportByWildcardAfterMicrosoftCommonTargets = true
                   ImportByWildcardAfterMicrosoftCSharpTargets = true
                   ImportByWildcardBeforeMicrosoftCommonProps = true
                   ImportByWildcardBeforeMicrosoftCommonTargets = true
                   ImportByWildcardBeforeMicrosoftCSharpTargets = true
                   ImportDirectoryBuildProps = true
                   ImportDirectoryBuildTargets = true
                   ImportDirectoryPackagesProps = true
                   ImportFrameworkWinFXTargets = false
                   ImportNuGetBuildTasksPackTargetsFromSdk = true
                   ImportProjectExtensionProps = false
                   ImportProjectExtensionTargets = false
                   ImportUserLocationsByWildcardAfterMicrosoftCommonProps = true
                   ImportUserLocationsByWildcardAfterMicrosoftCommonTargets = true
                   ImportUserLocationsByWildcardAfterMicrosoftCSharpTargets = true
                   ImportUserLocationsByWildcardBeforeMicrosoftCommonProps = true
                   ImportUserLocationsByWildcardBeforeMicrosoftCommonTargets = true
                   ImportUserLocationsByWildcardBeforeMicrosoftCSharpTargets = true
                   ImportWindowsDesktopTargets = true
                   IncludeBuildOutput = true
                   IncludeContentInPack = true
                   IncludeFileVersionsInDependencyFile = true
                   IncludeMainProjectInDepsFile = true
                   IncludePackageReferencesDuringMarkupCompilation = true
                   IncludeProjectsNotInAssetsFileInDepsFile = true
                   IncludeSourceRevisionInInformationalVersion = true
                   IncludeSymbolsInSingleFile = false
                   IncludeWindowsSDKRefFrameworkReferences = true
                   InnerBuildProperty = TargetFramework
                   InnerBuildPropertyValues = TargetFrameworks
                   IntermediateOutputPath = obj\Debug\net9.0-windows10.0.17763.0\
                   IsApplication = true
                   IsPackable = true
                   IsPublishable = true
                   IsRestoreTargetsFileLoaded = true
                   IsRidAgnostic = false
                   Language = C#
                   LanguageTargets = C:\Program Files\dotnet\sdk\10.0.102\Microsoft.CSharp.targets
                   LangVersion = 13.0
                   LiveSharpEnable = true
                   LocalizationDirectivesToLocFile = None
                   MarkPackageReferencesAsExternallyResolved = true
                   MarkupCompilePass2ForMainAssemblyDependsOn = 
                                        GenerateTemporaryTargetAssembly;
                                        MarkupCompilePass2;
                                        AfterMarkupCompilePass2;
                                        CleanupTemporaryTargetAssembly
                          
                   MaxSupportedLangVersion = 13.0
                   MaxTargetPath = 100
                   MicrosoftBuildTasksGitAssemblyFile = C:\Program Files\dotnet\sdk\10.0.102\Sdks\Microsoft.Build.Tasks.Git\build\..\tools\net\Microsoft.Build.Tasks.Git.dll
                   MicrosoftCommonPropsHasBeenImported = true
                   MicrosoftNETBuildExtensionsTargets = C:\Program Files\dotnet\sdk\10.0.102\\Microsoft\Microsoft.NET.Build.Extensions\Microsoft.NET.Build.Extensions.targets
                   MicrosoftNETBuildExtensionsTasksAssembly = C:\Program Files\dotnet\sdk\10.0.102\Microsoft\Microsoft.NET.Build.Extensions\\tools\net10.0\Microsoft.NET.Build.Extensions.Tasks.dll
                   MicrosoftNETBuildTasksAssembly = C:\Program Files\dotnet\sdk\10.0.102\Sdks\Microsoft.NET.Sdk\targets\..\tools\net10.0\Microsoft.NET.Build.Tasks.dll
                   MicrosoftNETBuildTasksDirectory = C:\Program Files\dotnet\sdk\10.0.102\Sdks\Microsoft.NET.Sdk\targets\..\tools\net10.0\
                   MicrosoftNETBuildTasksDirectoryRoot = C:\Program Files\dotnet\sdk\10.0.102\Sdks\Microsoft.NET.Sdk\targets\..\tools\
                   MicrosoftNETBuildTasksTFM = net10.0
                   MicrosoftNETFrameworkReferenceAssembliesLatestPackageVersion = 1.0.3
                   MicrosoftNETWindowsWorkloadInstalled = true
                   MinimumMSBuildVersion = 17.14.0
                   MinimumVisualStudioVersionForUnsupportedTargetFrameworkVersion = 17.16
                   MsAppxPackageTargets = C:\Program Files\dotnet\sdk\10.0.102\Microsoft\VisualStudio\v18.0\AppxPackage\Microsoft.AppXPackage.Targets
                   MSBuildAllProjects = c:\Users\niaci\RiderProjects\moenybox_devicecontroller\KIOSK\KIOSK.csproj;;C:\Program Files\dotnet\sdk\10.0.102\Current\Microsoft.Common.targets\ImportAfter\Microsoft.TestPlatform.ImportAfter.targets
                   MSBuildAssemblyVersion = 18.0
                   MSBuildBinPath = C:\Program Files\dotnet\sdk\10.0.102
                   MSBuildCopyContentTransitively = true
                   MSBuildCopyMarkerName = KIOSK.csproj.Up2Date
                   MSBuildDisableFeaturesFromVersion = 999.999
                   MSBuildEnableWorkloadResolver = true
                   MSBuildExtensionsPath = C:\Program Files\dotnet\sdk\10.0.102\
                   MSBuildExtensionsPath32 = C:\Program Files\dotnet\sdk\10.0.102
                   MSBuildExtensionsPath64 = C:\Program Files\dotnet\sdk\10.0.102
                   MSBUILDFAILONDRIVEENUMERATINGWILDCARD = 1
                   MSBuildFileVersion = 18.0.7.61305
                   MSBuildIsRestoring = True
                   MSBuildLoadMicrosoftTargetsReadOnly = true
                   MSBuildNodeCount = 24
                   MSBuildProgramFiles32 = C:\Program Files (x86)
                   MSBuildProjectDefaultTargets = Build
                   MSBuildProjectDirectory = c:\Users\niaci\RiderProjects\moenybox_devicecontroller\KIOSK
                   MSBuildProjectDirectoryNoRoot = Users\niaci\RiderProjects\moenybox_devicecontroller\KIOSK
                   MSBuildProjectExtension = .csproj
                   MSBuildProjectExtensionsPath = c:\Users\niaci\RiderProjects\moenybox_devicecontroller\KIOSK\obj\
                   MSBuildProjectFile = KIOSK.csproj
                   MSBuildProjectFullPath = c:\Users\niaci\RiderProjects\moenybox_devicecontroller\KIOSK\KIOSK.csproj
                   MSBuildProjectName = KIOSK
                   MSBuildRestoreSessionId = 4b294504-e1ed-46f4-b463-ba92570e4b2c
                   MSBuildRuntimeType = Core
                   MSBuildSDKsPath = C:\Program Files\dotnet\sdk\10.0.102\Sdks
                   MSBuildSemanticVersion = 18.0.7+445250245
                   MSBuildStartupDirectory = c:\Users\niaci\RiderProjects\moenybox_devicecontroller
                   MSBuildToolsPath = C:\Program Files\dotnet\sdk\10.0.102
                   MSBuildToolsVersion = Current
                   MSBuildUserExtensionsPath = C:\Users\niaci\AppData\Local\Microsoft\MSBuild
                   MSBUILDUSESERVER = 0
                   MSBuildUseVisualStudioDirectoryLayout = False
                   MSBuildVersion = 18.0.7
                   MSBuildWarningsAsErrors = ;NU1605
                   MSBuildWarningsAsMessages = 1701;1702
                   MSBuildWarningsNotAsErrors = 
                   MsTestToolsTargets = C:\Program Files\dotnet\sdk\10.0.102\Microsoft\VisualStudio\v18.0\TeamTest\Microsoft.TeamTest.targets
                   NETCoreAppMaximumVersion = 10.0
                   NetCoreRoot = C:\Program Files\dotnet\
                   NETCoreSdkBundledCliToolsProps = C:\Program Files\dotnet\sdk\10.0.102\Sdks\Microsoft.NET.Sdk\targets\..\..\..\Microsoft.NETCoreSdk.BundledCliTools.props
                   NETCoreSdkBundledMSBuildInformationProps = C:\Program Files\dotnet\sdk\10.0.102\Sdks\Microsoft.NET.Sdk\targets\..\..\..\Microsoft.NETCoreSdk.BundledMSBuildInformation.props
                   NETCoreSdkBundledVersionsProps = C:\Program Files\dotnet\sdk\10.0.102\Sdks\Microsoft.NET.Sdk\targets\..\..\..\Microsoft.NETCoreSdk.BundledVersions.props
                   NETCoreSdkPortableRuntimeIdentifier = win-x64
                   NETCoreSdkRuntimeIdentifier = win-x64
                   NETCoreSdkVersion = 10.0.102
                   NetCoreTargetingPackRoot = C:\Program Files\dotnet\packs
                   NoCompilerStandardLib = true
                   NoStdLib = true
                   NoWarn = 1701;1702
                   NuGetAudit = true
                   NuGetAuditLevel = low
                   NuGetAuditMode = direct
                   NuGetBuildTasksPackTargets = C:\Program Files\dotnet\sdk\10.0.102\Sdks\Microsoft.NET.Sdk\Sdk\..\..\..\NuGet.Build.Tasks.Pack.targets
                   NuGetInteractive = false
                   NuGetPackTaskAssemblyFile = NuGet.Build.Tasks.Pack.dll
                   NuGetPropsFile = C:\Program Files\dotnet\sdk\10.0.102\NuGet.props
                   NuGetRestoreTargets = C:\Program Files\dotnet\sdk\10.0.102\NuGet.targets
                   NuGetTargetMoniker = .NETCoreApp,Version=v9.0
                   Nullable = enable
                   NuspecOutputPath = obj\Debug\
                   Optimize = false
                   OSVersion = 5.1.2600.0
                   OutDir = bin\Debug\net9.0-windows10.0.17763.0\
                   OutputPath = bin\Debug\net9.0-windows10.0.17763.0\
                   OutputType = WinExe
                   OverwriteReadOnlyFiles = false
                   PackageDescription = Package Description
                   PackageDownloadSupported = true
                   PackageId = KIOSK
                   PackageOutputPath = bin\Debug\
                   PackageRequireLicenseAcceptance = false
                   PackageVersion = 1.0.0
                   PackDependsOn = ; _GetRestoreProjectStyle; _IntermediatePack; GenerateNuspec; 
                   PackRelease = true
                   Platform = AnyCPU
                   PlatformName = AnyCPU
                   Platforms = AnyCPU;x86;x64
                   PostBuildEventDependsOn = 
                   PreBuildEventDependsOn = 
                   Prefer32Bit = false
                   PreferNativeArm64 = false
                   PrepareForBuildDependsOn = ;GetFrameworkPaths;GetReferenceAssemblyPaths;AssignLinkMetadata
                   PrepareForRunDependsOn = 
                         CopyFilesToOutputDirectory
                       
                   PrepareProjectReferencesDependsOn = 
                         AssignProjectConfiguration;
                         _SplitProjectReferencesByFileExistence;
                         _GetProjectReferenceTargetFrameworkProperties;
                         _GetProjectReferencePlatformProperties
                       
                   PrepareResourceNamesDependsOn = 
                                       AssignWinFXEmbeddedResource;
                                       
                         AssignTargetPaths;
                         SplitResourcesByCulture;
                         CreateManifestResourceNames;
                         CreateCustomManifestResourceNames
                       
                         
                   PrepareResourcesDependsOn = 
                                   MarkupCompilePass1;
                                   AfterMarkupCompilePass1;
                                   MarkupCompilePass2ForMainAssembly;
                                   FileClassification;
                                   MainResourcesGeneration;
                                   
                         ResolvePackageDependenciesForBuild;
                         _HandlePackageFileConflicts;
                         
                         ;
                         PrepareResourceNames;
                         ResGen;
                         CompileLicxFiles
                       
                       
                         
                   PreserveCompilationReferences = 
                   ProcessorArchitecture = msil
                   ProcessorArchitectureAsPlatform = AnyCPU
                   ProduceReferenceAssembly = true
                   Product = KIOSK
                   ProjectAssetsCacheFile = c:\Users\niaci\RiderProjects\moenybox_devicecontroller\KIOSK\obj\Debug\net9.0-windows10.0.17763.0\KIOSK.assets.cache
                   ProjectAssetsFile = c:\Users\niaci\RiderProjects\moenybox_devicecontroller\KIOSK\obj\project.assets.json
                   ProjectDepsFileName = KIOSK.deps.json
                   ProjectDepsFilePath = c:\Users\niaci\RiderProjects\moenybox_devicecontroller\KIOSK\bin\Debug\net9.0-windows10.0.17763.0\KIOSK.deps.json
                   ProjectDesignTimeAssemblyResolutionSearchPaths = 
                         {CandidateAssemblyFiles};
                         ;
                         {HintPathFromItem};
                         {TargetFrameworkDirectory};
                         {Registry:Software\Microsoft\.NETCoreApp,v9.0,AssemblyFoldersEx};
                         {RawFileName};
                         c:\Users\niaci\RiderProjects\moenybox_devicecontroller\KIOSK\bin\Debug\net9.0-windows10.0.17763.0\
                       
                   ProjectDir = c:\Users\niaci\RiderProjects\moenybox_devicecontroller\KIOSK\
                   ProjectExt = .csproj
                   ProjectFileName = KIOSK.csproj
                   ProjectFlavor = Client
                   ProjectName = KIOSK
                   ProjectPath = c:\Users\niaci\RiderProjects\moenybox_devicecontroller\KIOSK\KIOSK.csproj
                   ProjectRuntimeConfigFileName = KIOSK.runtimeconfig.json
                   ProjectRuntimeConfigFilePath = c:\Users\niaci\RiderProjects\moenybox_devicecontroller\KIOSK\bin\Debug\net9.0-windows10.0.17763.0\KIOSK.runtimeconfig.json
                   PrunePackageDataRoot = C:\Program Files\dotnet\sdk\10.0.102\PrunePackageData
                   PublishableProject = true
                   PublishBuildDependsOn = 
                               BuildOnlySettings;
                               PrepareForBuild;
                               ResolveReferences;
                               PrepareResources;
                               ResolveKeySource;
                               PrepareResourcesForSatelliteAssemblies;
                               GenerateSerializationAssemblies;
                               CreateSatelliteAssemblies;
                           
                   PublishContainerDependsOn = 
                         _ContainerVerifySDKVersion;
                         ComputeContainerConfig;
                         _CheckContainersPackage;
                       
                   PublishDependsOn = 
                         SetGenerateManifests;
                         Build;
                         PublishOnly
                       
                   PublishDir = bin\Debug\net9.0-windows10.0.17763.0\publish\
                   PublishDirName = publish
                   PublishDocumentationFile = true
                   PublishDocumentationFiles = true
                   PublishItemsOutputGroupDependsOn = 
                         ;
                         ResolveReferences;
                         ComputeResolvedFilesToPublishList;
                         _ComputeFilesToBundle;
                       
                   PublishOnlyDependsOn = 
                         SetGenerateManifests;
                         PublishBuild;
                         BeforePublish;
                         GenerateManifests;
                         CopyFilesToOutputDirectory;
                         _CopyFilesToPublishFolder;
                         _DeploymentGenerateBootstrapper;
                         ResolveKeySource;
                         _DeploymentSignClickOnceDeployment;
                         AfterPublish
                       
                   PublishProfileImported = false
                   PublishReadyToRunComposite = false
                   PublishReadyToRunPerfmapFormatVersion = 1
                   PublishReadyToRunUseCrossgen2 = true
                   PublishReadyToRunUseRuntimePackOptimizationData = true
                   PublishReferencesDocumentationFiles = true
                   PublishRelease = true
                   RebuildDependsOn = 
                         _SdkBeforeRebuild;
                         
                         BeforeRebuild;
                         Clean;
                         Build;
                         AfterRebuild;
                       
                       
                   RefAssembliesFolderName = refs
                   ReferenceCopyLocalPathsOutputGroupDependsOn = 
                         ;
                         
                         ;
                         BuildOnlySettings;
                         PrepareForBuild;
                         AssignTargetPaths;
                         ResolveReferences
                       
                       
                   ReportingServicesTargets = C:\Program Files\dotnet\sdk\10.0.102\\Microsoft\VisualStudio\v18.0\ReportingServices\Microsoft.ReportingServices.targets
                   ResGenDependsOn = ResolveAssemblyReferences;SplitResourcesByCulture;BeforeResGen;CoreResGen;AfterResGen
                   ResGenExecuteAsTool = false
                   ResolveAssemblyReferenceOutputUnresolvedAssemblyConflicts = true
                   ResolveAssemblyReferencesDependsOn = 
                         
                         
                         ResolveProjectReferences;
                         FindInvalidProjectReferences;
                         GetFrameworkPaths;
                         GetReferenceAssemblyPaths;
                         PrepareForBuild;
                         ResolveSDKReferences;
                         ExpandSDKReferences;
                       ;
                         ResolvePackageDependenciesForBuild;
                         _HandlePackageFileConflicts;
                       ;
                         ResolveTargetingPackAssets;
                       
                   ResolveNuGetPackages = false
                   ResolvePackageDependenciesForBuildDependsOn = 
                         ResolveLockFileReferences;
                         ResolveLockFileAnalyzers;
                         ResolveLockFileCopyLocalFiles;
                         ResolveRuntimePackAssets;
                         RunProduceContentAssets;
                         IncludeTransitiveProjectReferences
                       
                   ResolveReferencesDependsOn = 
                         BeforeResolveReferences;
                         AssignProjectConfiguration;
                         ResolveProjectReferences;
                         FindInvalidProjectReferences;
                         ResolveNativeReferences;
                         ResolveAssemblyReferences;
                         GenerateBindingRedirects;
                         GenerateBindingRedirectsUpdateAppConfig;
                         ResolveComReferences;
                         AfterResolveReferences
                       
                   ResolveSDKReferencesDependsOn = 
                         GetInstalledSDKLocations
                       
                   RespectAlreadyAssignedItemCulture = true
                   RestoreAdditionalProjectSources = ;C:\Program Files\dotnet\library-packs
                   RestoreBuildInParallel = true
                   RestoreContinueOnError = WarnAndContinue
                   RestoreEnablePackagePruning = false
                   RestoreOutputPath = c:\Users\niaci\RiderProjects\moenybox_devicecontroller\KIOSK\obj\
                   RestorePackagePruningDefault = false
                   RestoreProjectStyle = PackageReference
                   RestoreRecursive = true
                   RestoreTaskAssemblyFile = NuGet.Build.Tasks.dll
                   RestoreUseSkipNonexistentTargets = true
                   RootNamespace = KIOSK
                   RoslynAssembliesPath = C:\Program Files\dotnet\sdk\10.0.102\Sdks\Microsoft.NET.Sdk\targets\..\..\..\Roslyn\bincore
                   RoslynCompilerType = Core
                   RoslynCoreAssembliesPath = C:\Program Files\dotnet\sdk\10.0.102\Sdks\Microsoft.NET.Sdk\targets\..\..\..\Roslyn\bincore
                   RoslynTargetsPath = C:\Program Files\dotnet\sdk\10.0.102\Sdks\Microsoft.NET.Sdk\targets\..\..\..\Roslyn
                   RoslynTasksAssembly = C:\Program Files\dotnet\sdk\10.0.102\Sdks\Microsoft.NET.Sdk\targets\..\..\..\Roslyn\Microsoft.Build.Tasks.CodeAnalysis.dll
                   RunAfterInstall = true
                   RunArguments = 
                   RunCommand = c:\Users\niaci\RiderProjects\moenybox_devicecontroller\KIOSK\bin\Debug\net9.0-windows10.0.17763.0\KIOSK.exe
                   RunDependsOn = 
                   RunPackageValidationDependsOn = CollectApiCompatInputs;_GetReferencePathFromInnerProjects;
                   RuntimeIdentifierGraphPath = C:\Program Files\dotnet\sdk\10.0.102/PortableRuntimeIdentifierGraph.json
                   RunWorkingDirectory = 
                   SatelliteDllsProjectOutputGroupDependenciesDependsOn = 
                         ;
                         
                         ;
                         BuildOnlySettings;
                         PrepareForBuild;
                         AssignTargetPaths;
                         ResolveReferences
                       
                       
                   SatelliteDllsProjectOutputGroupDependsOn = ;PrepareForBuild;PrepareResourceNames
                   SdkAnalysisLevel = 10.0.100
                   SDKContainerSupportEnabled = true
                   SDKRedistOutputGroupDependsOn = ResolveSDKReferences;ExpandSDKReferences
                   SDKReferenceDirectoryRoot = C:\Users\niaci\AppData\Local\Microsoft SDKs;C:\Program Files (x86)\Microsoft SDKs
                   SDKReferenceRegistryRoot = Software\Microsoft\Microsoft SDKs
                   SelfContained = false
                   SGenFilesOutputGroupDependenciesDependsOn = 
                         ;
                         
                         ;
                         BuildOnlySettings;
                         PrepareForBuild;
                         AssignTargetPaths;
                         ResolveReferences
                       
                       
                   SGenFilesOutputGroupDependsOn = 
                   SGenShouldGenerateSerializer = true
                   SGenUseKeep = false
                   SGenUseProxyTypes = true
                   ShouldMarkCertainSDKReferencesAsRuntimeOnly = true
                   SignAssembly = false
                   SkipCopyUnchangedFiles = true
                   SkipImportNuGetBuildTargets = true
                   SkipImportNuGetProps = true
                   SolutionDir = *Undefined*
                   SolutionExt = *Undefined*
                   SolutionFileName = *Undefined*
                   SolutionName = *Undefined*
                   SolutionPath = *Undefined*
                   SourceControlInformationFeatureSupported = true
                   SourceControlManagerUrlTranslationTargets = ;TranslateGitHubUrlsInSourceControlInformation;TranslateGitLabUrlsInSourceControlInformation;TranslateAzureReposGitUrlsInSourceControlInformation;TranslateBitbucketGitUrlsInSourceControlInformation
                   SourceFilesProjectOutputGroupDependsOn = PrepareForBuild;AssignTargetPaths
                   SourceLinkUrlInitializerTargets = ;_InitializeGitHubSourceLinkUrl;_InitializeGitLabSourceLinkUrl;_InitializeAzureReposGitSourceLinkUrl;_InitializeBitbucketGitSourceLinkUrl
                   SourceRootMappedPathsFeatureSupported = true
                   SupportedOSPlatformVersion = 10.0.17763.0
                   SupportsRoslynComponentVersioning = true
                   SuppressDependenciesWhenPacking = false
                   SymbolPackageFormat = symbols.nupkg
                   TargetCulture = *
                   TargetDeployManifestFileName = KIOSK.application
                   TargetDir = c:\Users\niaci\RiderProjects\moenybox_devicecontroller\KIOSK\bin\Debug\net9.0-windows10.0.17763.0\
                   TargetedFrameworkDir = @(_TargetedFrameworkDirectoryItem)
                   TargetedSDKArchitecture = msil
                   TargetedSDKConfiguration = Debug
                   TargetExt = .dll
                   TargetFileName = KIOSK.dll
                   TargetFramework = net9.0-windows10.0.17763.0
                   TargetFrameworkDirectory = 
                   TargetFrameworkIdentifier = .NETCoreApp
                   TargetFrameworkMoniker = .NETCoreApp,Version=v9.0
                   TargetFrameworkMonikerAssemblyAttributesPath = obj\Debug\net9.0-windows10.0.17763.0\.NETCoreApp,Version=v9.0.AssemblyAttributes.cs
                   TargetFrameworkMonikerDisplayName = .NET 9.0
                   TargetFrameworkSDKToolsDirectory = 
                   TargetFrameworkVersion = v9.0
                   TargetLatestRuntimePatch = false
                   TargetName = KIOSK
                   TargetPath = c:\Users\niaci\RiderProjects\moenybox_devicecontroller\KIOSK\bin\Debug\net9.0-windows10.0.17763.0\KIOSK.dll
                   TargetPlatformDisplayName = Windows 10.0.17763.0
                   TargetPlatformIdentifier = Windows
                   TargetPlatformMinVersion = 10.0.17763.0
                   TargetPlatformMoniker = Windows,Version=10.0.17763.0
                   TargetPlatformRegistryBase = Software\Microsoft\Microsoft SDKs\Windows
                   TargetPlatformSdkPath = 
                   TargetPlatformVersion = 10.0.17763.0
                   TargetRefPath = c:\Users\niaci\RiderProjects\moenybox_devicecontroller\KIOSK\obj\Debug\net9.0-windows10.0.17763.0\ref\KIOSK.dll
                   TargetRuntime = Managed
                   TargetsForTfmSpecificContentInPackage = ;_PackProjectToolValidation
                   TargetsNet9 = true
                   ToolDepsJsonGeneratorProject = C:\Program Files\dotnet\sdk\10.0.102\Sdks\Microsoft.NET.Sdk\targets\GenerateDeps\GenerateDeps.proj
                   TreatWarningsAsErrors = false
                   TrimDepsJsonLibrariesWithoutAssets = true
                   UnmanagedRegistrationDependsOn = 
                   UnmanagedUnregistrationDependsOn = 
                   UnsupportedTargetFrameworkVersion = 11.0
                   UseAppHost = true
                   UseCommonOutputDirectory = false
                   UseDefaultPlatformLookupTables = true
                   UseHostCompilerIfAvailable = true
                   UseMSBuildTestInfrastructure = false
                   UseOSWinMdReferences = false
                   UseRidGraph = false
                   UserProfileRuntimeStorePath = C:\Users\niaci\.dotnet\store
                   UserRuntimeConfig = c:\Users\niaci\RiderProjects\moenybox_devicecontroller\KIOSK/runtimeconfig.template.json
                   UseSourcePath = true
                   UseWPF = true
                   UsingMicrosoftNETSdk = true
                   UsingNETSdkDefaults = true
                   Utf8Output = true
                   ValidateRuntimeIdentifierCompatibility = false
                   VerifyMatchingImplicitPackageVersion = true
                   Version = 1.0.0
                   VersionPrefix = 1.0.0
                   VisualBasicCoreTargetsPath = C:\Program Files\dotnet\sdk\10.0.102\Sdks\Microsoft.NET.Sdk\targets\..\..\..\Roslyn\Microsoft.VisualBasic.Core.targets
                   VisualStudioVersion = 18.0
                   VSTestConsolePath = C:\Program Files\dotnet\sdk\10.0.102\vstest.console.dll
                   VSTestNoBuild = False
                   VSTestTargets = C:\Program Files\dotnet\sdk\10.0.102\\Microsoft.TestPlatform.targets
                   VSTestTaskAssemblyFile = Microsoft.TestPlatform.Build.dll
                   VsTestUseMSBuildOutput = False
                   WarningLevel = 9
                   WarningsAsErrors = ;NU1605;SYSLIB0011
                   WarnOnPackingNonPackableProject = false
                   WebReference_EnableLegacyEventingModel = false
                   WebReference_EnableProperties = true
                   WebReference_EnableSQLTypes = true
                   WMSJSProject = WJProject
                   WMSJSProjectDirectory = JavaScript
                   XamlDebuggingInformation = true
                   YieldDuringToolExecution = true

10:37:46.355     0>Initial Items:
                   _AllDirectoriesAbove
                       c:\
                       c:\Users
                       c:\Users\niaci
                       c:\Users\niaci\RiderProjects
                       c:\Users\niaci\RiderProjects\moenybox_devicecontroller
                       c:\Users\niaci\RiderProjects\moenybox_devicecontroller\KIOSK
                       c:\Users\niaci\RiderProjects\moenybox_devicecontroller\KIOSK\Application
                       c:\Users\niaci\RiderProjects\moenybox_devicecontroller\KIOSK\Application\Abstractions
                       c:\Users\niaci\RiderProjects\moenybox_devicecontroller\KIOSK\Application\Features
                       c:\Users\niaci\RiderProjects\moenybox_devicecontroller\KIOSK\Application\Features\ExchangeV2
                       c:\Users\niaci\RiderProjects\moenybox_devicecontroller\KIOSK\Application\Features\ExchangeV2\Orchestration
                       c:\Users\niaci\RiderProjects\moenybox_devicecontroller\KIOSK\Application\Features\ExchangeV2\Services
                       c:\Users\niaci\RiderProjects\moenybox_devicecontroller\KIOSK\Application\Features\ExchangeV2\StateMachine
                       c:\Users\niaci\RiderProjects\moenybox_devicecontroller\KIOSK\Application\Features\ExchangeV2\UseCases
                       c:\Users\niaci\RiderProjects\moenybox_devicecontroller\KIOSK\Application\Services
                       c:\Users\niaci\RiderProjects\moenybox_devicecontroller\KIOSK\Application\Services\API
                       c:\Users\niaci\RiderProjects\moenybox_devicecontroller\KIOSK\Application\Services\BackgroundTasks
                       c:\Users\niaci\RiderProjects\moenybox_devicecontroller\KIOSK\Application\Services\DataBase
                       c:\Users\niaci\RiderProjects\moenybox_devicecontroller\KIOSK\Application\Services\Devices
                       c:\Users\niaci\RiderProjects\moenybox_devicecontroller\KIOSK\Application\Services\Exchange
                       c:\Users\niaci\RiderProjects\moenybox_devicecontroller\KIOSK\Application\Services\Health
                       c:\Users\niaci\RiderProjects\moenybox_devicecontroller\KIOSK\Application\Services\Localization
                       c:\Users\niaci\RiderProjects\moenybox_devicecontroller\KIOSK\Application\Services\Resx
                       c:\Users\niaci\RiderProjects\moenybox_devicecontroller\KIOSK\Application\Services\Transactions
                       c:\Users\niaci\RiderProjects\moenybox_devicecontroller\KIOSK\Application\StateMachines
                       c:\Users\niaci\RiderProjects\moenybox_devicecontroller\KIOSK\CompositionRoot
                       c:\Users\niaci\RiderProjects\moenybox_devicecontroller\KIOSK\CompositionRoot\Modules
                       c:\Users\niaci\RiderProjects\moenybox_devicecontroller\KIOSK\Domain
                       c:\Users\niaci\RiderProjects\moenybox_devicecontroller\KIOSK\Domain\Transactions
                       c:\Users\niaci\RiderProjects\moenybox_devicecontroller\KIOSK\Infrastructure
                       c:\Users\niaci\RiderProjects\moenybox_devicecontroller\KIOSK\Infrastructure\API
                       c:\Users\niaci\RiderProjects\moenybox_devicecontroller\KIOSK\Infrastructure\API\Cems
                       c:\Users\niaci\RiderProjects\moenybox_devicecontroller\KIOSK\Infrastructure\API\Core
                       c:\Users\niaci\RiderProjects\moenybox_devicecontroller\KIOSK\Infrastructure\API\Gtf
                       c:\Users\niaci\RiderProjects\moenybox_devicecontroller\KIOSK\Infrastructure\Cache
                       c:\Users\niaci\RiderProjects\moenybox_devicecontroller\KIOSK\Infrastructure\Common
                       c:\Users\niaci\RiderProjects\moenybox_devicecontroller\KIOSK\Infrastructure\Common\Utils
                       c:\Users\niaci\RiderProjects\moenybox_devicecontroller\KIOSK\Infrastructure\Configuration
                       c:\Users\niaci\RiderProjects\moenybox_devicecontroller\KIOSK\Infrastructure\Database
                       c:\Users\niaci\RiderProjects\moenybox_devicecontroller\KIOSK\Infrastructure\Database\Common
                       c:\Users\niaci\RiderProjects\moenybox_devicecontroller\KIOSK\Infrastructure\Database\Ef
                       c:\Users\niaci\RiderProjects\moenybox_devicecontroller\KIOSK\Infrastructure\Database\Ef\Entities
                       c:\Users\niaci\RiderProjects\moenybox_devicecontroller\KIOSK\Infrastructure\Database\Interface
                       c:\Users\niaci\RiderProjects\moenybox_devicecontroller\KIOSK\Infrastructure\Database\Models
                       c:\Users\niaci\RiderProjects\moenybox_devicecontroller\KIOSK\Infrastructure\Database\Repositories
                       c:\Users\niaci\RiderProjects\moenybox_devicecontroller\KIOSK\Infrastructure\Devices
                       c:\Users\niaci\RiderProjects\moenybox_devicecontroller\KIOSK\Infrastructure\Devices\Adapters
                       c:\Users\niaci\RiderProjects\moenybox_devicecontroller\KIOSK\Infrastructure\Devices\Control
                       c:\Users\niaci\RiderProjects\moenybox_devicecontroller\KIOSK\Infrastructure\Devices\Runtime
                       c:\Users\niaci\RiderProjects\moenybox_devicecontroller\KIOSK\Infrastructure\Devices\Status
                       c:\Users\niaci\RiderProjects\moenybox_devicecontroller\KIOSK\Infrastructure\Health
                       c:\Users\niaci\RiderProjects\moenybox_devicecontroller\KIOSK\Infrastructure\Hosting
                       c:\Users\niaci\RiderProjects\moenybox_devicecontroller\KIOSK\Infrastructure\Hosting\Modules
                       c:\Users\niaci\RiderProjects\moenybox_devicecontroller\KIOSK\Infrastructure\Initialization
                       c:\Users\niaci\RiderProjects\moenybox_devicecontroller\KIOSK\Infrastructure\Logging
                       c:\Users\niaci\RiderProjects\moenybox_devicecontroller\KIOSK\Infrastructure\Media
                       c:\Users\niaci\RiderProjects\moenybox_devicecontroller\KIOSK\Infrastructure\Network
                       c:\Users\niaci\RiderProjects\moenybox_devicecontroller\KIOSK\Infrastructure\OCR
                       c:\Users\niaci\RiderProjects\moenybox_devicecontroller\KIOSK\Infrastructure\OCR\Models
                       c:\Users\niaci\RiderProjects\moenybox_devicecontroller\KIOSK\Infrastructure\OCR\Providers
                       c:\Users\niaci\RiderProjects\moenybox_devicecontroller\KIOSK\Infrastructure\OCR\Services
                       c:\Users\niaci\RiderProjects\moenybox_devicecontroller\KIOSK\Infrastructure\Storage
                       c:\Users\niaci\RiderProjects\moenybox_devicecontroller\KIOSK\Migrations
                       c:\Users\niaci\RiderProjects\moenybox_devicecontroller\KIOSK\Presentation
                       c:\Users\niaci\RiderProjects\moenybox_devicecontroller\KIOSK\Presentation\Abstractions
                       c:\Users\niaci\RiderProjects\moenybox_devicecontroller\KIOSK\Presentation\Controls
                       c:\Users\niaci\RiderProjects\moenybox_devicecontroller\KIOSK\Presentation\Features
                       c:\Users\niaci\RiderProjects\moenybox_devicecontroller\KIOSK\Presentation\Features\Common
                       c:\Users\niaci\RiderProjects\moenybox_devicecontroller\KIOSK\Presentation\Features\Common\Pages
                       c:\Users\niaci\RiderProjects\moenybox_devicecontroller\KIOSK\Presentation\Features\Common\Pages\ViewModels
                       c:\Users\niaci\RiderProjects\moenybox_devicecontroller\KIOSK\Presentation\Features\Common\Pages\Views
                       c:\Users\niaci\RiderProjects\moenybox_devicecontroller\KIOSK\Presentation\Features\Environment
                       c:\Users\niaci\RiderProjects\moenybox_devicecontroller\KIOSK\Presentation\Features\Environment\Layout
                       c:\Users\niaci\RiderProjects\moenybox_devicecontroller\KIOSK\Presentation\Features\Environment\Layout\ViewModels
                       c:\Users\niaci\RiderProjects\moenybox_devicecontroller\KIOSK\Presentation\Features\Environment\Layout\Views
                       c:\Users\niaci\RiderProjects\moenybox_devicecontroller\KIOSK\Presentation\Features\Environment\Pages
                       c:\Users\niaci\RiderProjects\moenybox_devicecontroller\KIOSK\Presentation\Features\Environment\Pages\ViewModels
                       c:\Users\niaci\RiderProjects\moenybox_devicecontroller\KIOSK\Presentation\Features\Environment\Pages\Views
                       c:\Users\niaci\RiderProjects\moenybox_devicecontroller\KIOSK\Presentation\Features\Exchange
                       c:\Users\niaci\RiderProjects\moenybox_devicecontroller\KIOSK\Presentation\Features\Exchange\Flow
                       c:\Users\niaci\RiderProjects\moenybox_devicecontroller\KIOSK\Presentation\Features\Exchange\Layout
                       c:\Users\niaci\RiderProjects\moenybox_devicecontroller\KIOSK\Presentation\Features\Exchange\Layout\ViewModels
                       c:\Users\niaci\RiderProjects\moenybox_devicecontroller\KIOSK\Presentation\Features\Exchange\Layout\Views
                       c:\Users\niaci\RiderProjects\moenybox_devicecontroller\KIOSK\Presentation\Features\Exchange\Pages
                       c:\Users\niaci\RiderProjects\moenybox_devicecontroller\KIOSK\Presentation\Features\Exchange\Pages\ViewModels
                       c:\Users\niaci\RiderProjects\moenybox_devicecontroller\KIOSK\Presentation\Features\Exchange\Pages\Views
                       c:\Users\niaci\RiderProjects\moenybox_devicecontroller\KIOSK\Presentation\Features\Exchange\Popup
                       c:\Users\niaci\RiderProjects\moenybox_devicecontroller\KIOSK\Presentation\Features\Exchange\Popup\ViewModels
                       c:\Users\niaci\RiderProjects\moenybox_devicecontroller\KIOSK\Presentation\Features\Exchange\Popup\Views
                       c:\Users\niaci\RiderProjects\moenybox_devicecontroller\KIOSK\Presentation\Features\Exchange\Resources
                       c:\Users\niaci\RiderProjects\moenybox_devicecontroller\KIOSK\Presentation\Features\ExchangeV2
                       c:\Users\niaci\RiderProjects\moenybox_devicecontroller\KIOSK\Presentation\Features\ExchangeV2\Flow
                       c:\Users\niaci\RiderProjects\moenybox_devicecontroller\KIOSK\Presentation\Features\ExchangeV2\Layout
                       c:\Users\niaci\RiderProjects\moenybox_devicecontroller\KIOSK\Presentation\Features\ExchangeV2\Layout\ViewModels
                       c:\Users\niaci\RiderProjects\moenybox_devicecontroller\KIOSK\Presentation\Features\ExchangeV2\Layout\Views
                       c:\Users\niaci\RiderProjects\moenybox_devicecontroller\KIOSK\Presentation\Features\ExchangeV2\Pages
                       c:\Users\niaci\RiderProjects\moenybox_devicecontroller\KIOSK\Presentation\Features\ExchangeV2\Pages\ViewModels
                       c:\Users\niaci\RiderProjects\moenybox_devicecontroller\KIOSK\Presentation\Features\ExchangeV2\Pages\Views
                       c:\Users\niaci\RiderProjects\moenybox_devicecontroller\KIOSK\Presentation\Features\ExchangeV2\Popup
                       c:\Users\niaci\RiderProjects\moenybox_devicecontroller\KIOSK\Presentation\Features\ExchangeV2\Popup\ViewModels
                       c:\Users\niaci\RiderProjects\moenybox_devicecontroller\KIOSK\Presentation\Features\ExchangeV2\Popup\Views
                       c:\Users\niaci\RiderProjects\moenybox_devicecontroller\KIOSK\Presentation\Features\GTF
                       c:\Users\niaci\RiderProjects\moenybox_devicecontroller\KIOSK\Presentation\Features\GTF\Flow
                       c:\Users\niaci\RiderProjects\moenybox_devicecontroller\KIOSK\Presentation\Features\GTF\Layout
                       c:\Users\niaci\RiderProjects\moenybox_devicecontroller\KIOSK\Presentation\Features\GTF\Layout\ViewModels
                       c:\Users\niaci\RiderProjects\moenybox_devicecontroller\KIOSK\Presentation\Features\GTF\Layout\Views
                       c:\Users\niaci\RiderProjects\moenybox_devicecontroller\KIOSK\Presentation\Features\GTF\Pages
                       c:\Users\niaci\RiderProjects\moenybox_devicecontroller\KIOSK\Presentation\Features\GTF\Pages\ViewModels
                       c:\Users\niaci\RiderProjects\moenybox_devicecontroller\KIOSK\Presentation\Features\GTF\Pages\Views
                       c:\Users\niaci\RiderProjects\moenybox_devicecontroller\KIOSK\Presentation\Features\GTF\Popup
                       c:\Users\niaci\RiderProjects\moenybox_devicecontroller\KIOSK\Presentation\Features\GTF\Popup\ViewModels
                       c:\Users\niaci\RiderProjects\moenybox_devicecontroller\KIOSK\Presentation\Features\GTF\Popup\Views
                       c:\Users\niaci\RiderProjects\moenybox_devicecontroller\KIOSK\Presentation\Features\Menu
                       c:\Users\niaci\RiderProjects\moenybox_devicecontroller\KIOSK\Presentation\Features\Menu\Layout
                       c:\Users\niaci\RiderProjects\moenybox_devicecontroller\KIOSK\Presentation\Features\Menu\Layout\ViewModels
                       c:\Users\niaci\RiderProjects\moenybox_devicecontroller\KIOSK\Presentation\Features\Menu\Layout\Views
                       c:\Users\niaci\RiderProjects\moenybox_devicecontroller\KIOSK\Presentation\Features\Menu\Pages
                       c:\Users\niaci\RiderProjects\moenybox_devicecontroller\KIOSK\Presentation\Features\Menu\Pages\ViewModels
                       c:\Users\niaci\RiderProjects\moenybox_devicecontroller\KIOSK\Presentation\Features\Menu\Pages\Views
                       c:\Users\niaci\RiderProjects\moenybox_devicecontroller\KIOSK\Presentation\Features\MenuV2
                       c:\Users\niaci\RiderProjects\moenybox_devicecontroller\KIOSK\Presentation\Features\MenuV2\Layout
                       c:\Users\niaci\RiderProjects\moenybox_devicecontroller\KIOSK\Presentation\Features\MenuV2\Layout\ViewModels
                       c:\Users\niaci\RiderProjects\moenybox_devicecontroller\KIOSK\Presentation\Features\MenuV2\Layout\Views
                       c:\Users\niaci\RiderProjects\moenybox_devicecontroller\KIOSK\Presentation\Features\MenuV2\Pages
                       c:\Users\niaci\RiderProjects\moenybox_devicecontroller\KIOSK\Presentation\Features\MenuV2\Pages\ViewModels
                       c:\Users\niaci\RiderProjects\moenybox_devicecontroller\KIOSK\Presentation\Features\MenuV2\Pages\Views
                       c:\Users\niaci\RiderProjects\moenybox_devicecontroller\KIOSK\Presentation\Features\Startup
                       c:\Users\niaci\RiderProjects\moenybox_devicecontroller\KIOSK\Presentation\Features\Startup\Layout
                       c:\Users\niaci\RiderProjects\moenybox_devicecontroller\KIOSK\Presentation\Features\Startup\Layout\ViewModels
                       c:\Users\niaci\RiderProjects\moenybox_devicecontroller\KIOSK\Presentation\Features\Startup\Layout\Views
                       c:\Users\niaci\RiderProjects\moenybox_devicecontroller\KIOSK\Presentation\Features\Startup\Pages
                       c:\Users\niaci\RiderProjects\moenybox_devicecontroller\KIOSK\Presentation\Features\Startup\Pages\ViewModels
                       c:\Users\niaci\RiderProjects\moenybox_devicecontroller\KIOSK\Presentation\Features\Startup\Pages\Views
                       c:\Users\niaci\RiderProjects\moenybox_devicecontroller\KIOSK\Presentation\Navigation
                       c:\Users\niaci\RiderProjects\moenybox_devicecontroller\KIOSK\Presentation\Navigation\Services
                       c:\Users\niaci\RiderProjects\moenybox_devicecontroller\KIOSK\Presentation\Window
                       c:\Users\niaci\RiderProjects\moenybox_devicecontroller\KIOSK\Presentation\Window\Main
                       c:\Users\niaci\RiderProjects\moenybox_devicecontroller\KIOSK\Presentation\Window\Main\ViewModels
                       c:\Users\niaci\RiderProjects\moenybox_devicecontroller\KIOSK\Presentation\Window\Main\Views
                       c:\Users\niaci\RiderProjects\moenybox_devicecontroller\KIOSK\Presentation\Window\Services
                       c:\Users\niaci\RiderProjects\moenybox_devicecontroller\KIOSK\Properties
                       c:\Users\niaci\RiderProjects\moenybox_devicecontroller\KIOSK\Resources
                       c:\Users\niaci\RiderProjects\moenybox_devicecontroller\KIOSK\Resources\Controls
                   _ApplicationManifestFinal
                       bin\Debug\net9.0-windows10.0.17763.0\KIOSK.dll.manifest
                           TargetPath = KIOSK.dll.manifest
                   _DebugSymbolsIntermediatePath
                       obj\Debug\net9.0-windows10.0.17763.0\KIOSK.pdb
                   _DebugSymbolsOutputPath
                       bin\Debug\net9.0-windows10.0.17763.0\KIOSK.pdb
                   _DeploymentManifestEntryPoint
                       obj\Debug\net9.0-windows10.0.17763.0\KIOSK.dll
                           TargetPath = KIOSK.dll
                   _DeploymentManifestIconFile
                       symbol.ico
                           TargetPath = symbol.ico
                   _EolNetCoreTargetFrameworkVersions
                       1.0
                       1.1
                       2.0
                       2.1
                       2.2
                       3.0
                       3.1
                       5.0
                       6.0
                       7.0
                   _ExcludedKnownRuntimeIdentiferPlatforms
                       rhel.6
                       rhel.6
                       rhel.6
                       rhel.6
                       rhel.6
                       rhel.6
                       rhel.6
                       rhel.6
                       rhel.6
                       rhel.6
                       rhel.6
                       rhel.6
                       rhel.6
                       rhel.6
                       rhel.6
                       rhel.6
                       rhel.6
                       tizen.4.0.0
                       tizen.4.0.0
                       tizen.4.0.0
                       tizen.4.0.0
                       tizen.4.0.0
                       tizen.4.0.0
                       tizen.4.0.0
                       tizen.4.0.0
                       tizen.4.0.0
                       tizen.4.0.0
                       tizen.4.0.0
                       tizen.4.0.0
                       tizen.4.0.0
                       tizen.4.0.0
                       tizen.4.0.0
                       tizen.4.0.0
                       tizen.4.0.0
                       tizen.4.0.0
                       tizen.4.0.0
                       tizen.4.0.0
                       tizen.4.0.0
                       tizen.4.0.0
                       tizen.4.0.0
                       tizen.4.0.0
                       tizen.4.0.0
                       tizen.4.0.0
                       tizen.4.0.0
                       tizen.4.0.0
                       tizen.4.0.0
                       tizen.4.0.0
                       tizen.4.0.0
                       tizen.4.0.0
                       tizen.4.0.0
                       tizen.4.0.0
                       tizen.4.0.0
                       tizen.4.0.0
                       tizen.4.0.0
                       tizen.5.0.0
                       tizen.5.0.0
                       tizen.5.0.0
                       tizen.5.0.0
                       tizen.5.0.0
                       tizen.5.0.0
                       tizen.5.0.0
                       tizen.5.0.0
                       tizen.5.0.0
                       tizen.5.0.0
                       tizen.5.0.0
                       tizen.5.0.0
                       tizen.5.0.0
                       tizen.5.0.0
                       tizen.5.0.0
                       tizen.5.0.0
                       tizen.5.0.0
                       tizen.5.0.0
                       tizen.5.0.0
                       tizen.5.0.0
                       tizen.5.0.0
                       tizen.5.0.0
                       tizen.5.0.0
                       tizen.5.0.0
                       tizen.5.0.0
                       tizen.5.0.0
                       tizen.5.0.0
                       tizen.5.0.0
                       tizen.5.0.0
                       tizen.5.0.0
                       tizen.5.0.0
                       tizen.5.0.0
                       tizen.5.0.0
                       tizen.5.0.0
                       tizen.5.0.0
                       tizen.5.0.0
                       tizen.5.0.0
                   _KnownRuntimeIdentiferPlatforms
                       any
                       any
                       any
                       any
                       any
                       any
                       any
                       any
                       any
                       any
                       any
                       any
                       any
                       any
                       any
                       any
                       any
                       any
                       any
                       any
                       any
                       any
                       any
                       any
                       any
                       any
                       any
                       any
                       any
                       any
                       any
                       any
                       any
                       any
                       any
                       any
                       aot
                       aot
                       aot
                       aot
                       aot
                       aot
                       aot
                       aot
                       aot
                       aot
                       aot
                       aot
                       aot
                       aot
                       aot
                       aot
                       aot
                       aot
                       aot
                       aot
                       aot
                       aot
                       aot
                       aot
                       aot
                       aot
                       aot
                       aot
                       aot
                       aot
                       aot
                       aot
                       aot
                       aot
                       aot
                       aot
                       freebsd
                       freebsd
                       freebsd
                       freebsd
                       freebsd
                       freebsd
                       freebsd
                       freebsd
                       freebsd
                       freebsd
                       freebsd
                       freebsd
                       freebsd
                       freebsd
                       freebsd
                       freebsd
                       freebsd
                       freebsd
                       freebsd
                       freebsd
                       freebsd
                       freebsd
                       freebsd
                       freebsd
                       freebsd
                       freebsd
                       freebsd
                       freebsd
                       freebsd
                       freebsd
                       freebsd
                       freebsd
                       freebsd
                       freebsd
                       freebsd
                       freebsd
                       illumos
                       illumos
                       illumos
                       illumos
                       illumos
                       illumos
                       illumos
                       illumos
                       illumos
                       illumos
                       illumos
                       illumos
                       illumos
                       illumos
                       illumos
                       illumos
                       illumos
                       illumos
                       illumos
                       illumos
                       illumos
                       illumos
                       illumos
                       illumos
                       illumos
                       illumos
                       illumos
                       illumos
                       illumos
                       illumos
                       illumos
                       illumos
                       illumos
                       illumos
                       illumos
                       illumos
                       solaris
                       solaris
                       solaris
                       solaris
                       solaris
                       solaris
                       solaris
                       solaris
                       solaris
                       solaris
                       solaris
                       solaris
                       solaris
                       solaris
                       solaris
                       solaris
                       solaris
                       solaris
                       solaris
                       solaris
                       solaris
                       solaris
                       solaris
                       solaris
                       solaris
                       solaris
                       solaris
                       solaris
                       solaris
                       solaris
                       solaris
                       solaris
                       solaris
                       solaris
                       solaris
                       solaris
                       unix
                       unix
                       unix
                       unix
                       unix
                       unix
                       unix
                       unix
                       unix
                       unix
                       unix
                       unix
                       unix
                       unix
                       unix
                       unix
                       unix
                       unix
                       unix
                       unix
                       unix
                       unix
                       unix
                       unix
                       unix
                       unix
                       unix
                       unix
                       unix
                       unix
                       unix
                       unix
                       unix
                       unix
                       unix
                       unix
                   _NormalizedWindowsSdkSupportedTargetPlatformVersion
                       10.0.17763.0
                           WindowsSdkPackageVersion = 10.0.17763.57
                           MinimumNETVersion = 8.0
                       10.0.17763.0
                           WindowsSdkPackageVersion = 10.0.17763.55
                           MinimumNETVersion = 6.0
                       10.0.17763.0
                           WindowsSdkPackageVersion = 10.0.17763.26
                           MinimumNETVersion = 5.0
                       10.0.17763.1
                           NormalizedSupportedTargetPlatformVersion = 10.0.17763.0
                           WindowsSdkPackageVersion = 10.0.17763.57
                           MinimumNETVersion = 10.0
                       10.0.18362.0
                           WindowsSdkPackageVersion = 10.0.18362.55
                           MinimumNETVersion = 6.0
                       10.0.18362.0
                           WindowsSdkPackageVersion = 10.0.18362.57
                           MinimumNETVersion = 8.0
                       10.0.18362.0
                           WindowsSdkPackageVersion = 10.0.18362.26
                           MinimumNETVersion = 5.0
                       10.0.18362.1
                           NormalizedSupportedTargetPlatformVersion = 10.0.18362.0
                           WindowsSdkPackageVersion = 10.0.18362.57
                           MinimumNETVersion = 10.0
                       10.0.19041.0
                           WindowsSdkPackageVersion = 10.0.19041.55
                           MinimumNETVersion = 6.0
                       10.0.19041.0
                           WindowsSdkPackageVersion = 10.0.19041.26
                           MinimumNETVersion = 5.0
                       10.0.19041.0
                           WindowsSdkPackageVersion = 10.0.19041.57
                           MinimumNETVersion = 8.0
                       10.0.19041.1
                           NormalizedSupportedTargetPlatformVersion = 10.0.19041.0
                           WindowsSdkPackageVersion = 10.0.19041.57
                           MinimumNETVersion = 10.0
                       10.0.20348.0
                           WindowsSdkPackageVersion = 10.0.20348.55
                           MinimumNETVersion = 6.0
                       10.0.20348.0
                           WindowsSdkPackageVersion = 10.0.20348.26
                           MinimumNETVersion = 5.0
                       10.0.20348.0
                           WindowsSdkPackageVersion = 10.0.20348.57
                           MinimumNETVersion = 8.0
                       10.0.20348.1
                           NormalizedSupportedTargetPlatformVersion = 10.0.20348.0
                           WindowsSdkPackageVersion = 10.0.20348.57
                           MinimumNETVersion = 10.0
                       10.0.22000.0
                           WindowsSdkPackageVersion = 10.0.22000.57
                           MinimumNETVersion = 8.0
                       10.0.22000.0
                           WindowsSdkPackageVersion = 10.0.22000.55
                           MinimumNETVersion = 6.0
                       10.0.22000.0
                           WindowsSdkPackageVersion = 10.0.22000.26
                           MinimumNETVersion = 5.0
                       10.0.22000.1
                           NormalizedSupportedTargetPlatformVersion = 10.0.22000.0
                           WindowsSdkPackageVersion = 10.0.22000.57
                           MinimumNETVersion = 10.0
                       10.0.22621.0
                           WindowsSdkPackageVersion = 10.0.22621.57
                           MinimumNETVersion = 8.0
                       10.0.22621.0
                           WindowsSdkPackageVersion = 10.0.22621.55
                           MinimumNETVersion = 6.0
                       10.0.22621.1
                           NormalizedSupportedTargetPlatformVersion = 10.0.22621.0
                           WindowsSdkPackageVersion = 10.0.22621.57
                           MinimumNETVersion = 10.0
                       10.0.26100.0
                           WindowsSdkPackageVersion = 10.0.26100.55
                           MinimumNETVersion = 6.0
                       10.0.26100.0
                           WindowsSdkPackageVersion = 10.0.26100.57
                           MinimumNETVersion = 8.0
                       10.0.26100.1
                           NormalizedSupportedTargetPlatformVersion = 10.0.26100.0
                           WindowsSdkPackageVersion = 10.0.26100.57
                           MinimumNETVersion = 10.0
                       7.0
                       8.0
                   _OutputPathItem
                       bin\Debug\net9.0-windows10.0.17763.0\
                   _ResolveComReferenceCache
                       obj\Debug\net9.0-windows10.0.17763.0\KIOSK.csproj.ResolveComReference.cache
                   _UnmanagedRegistrationCache
                       obj\KIOSK.csproj.UnmanagedRegistration.cache
                   _UnsupportedNETCoreAppTargetFramework
                       .NETCoreApp,Version=v1.0
                       .NETCoreApp,Version=v1.1
                       .NETCoreApp,Version=v2.0
                       .NETCoreApp,Version=v2.1
                       .NETCoreApp,Version=v2.2
                   _UnsupportedNETFrameworkTargetFramework
                       .NETFramework,Version=v2.0
                   _UnsupportedNETStandardTargetFramework
                       .NETStandard,Version=v1.0
                           DisplayName = .NET Standard 1.0
                           Alias = netstandard1.0
                       .NETStandard,Version=v1.1
                           DisplayName = .NET Standard 1.1
                           Alias = netstandard1.1
                       .NETStandard,Version=v1.2
                           DisplayName = .NET Standard 1.2
                           Alias = netstandard1.2
                       .NETStandard,Version=v1.3
                           DisplayName = .NET Standard 1.3
                           Alias = netstandard1.3
                       .NETStandard,Version=v1.4
                           DisplayName = .NET Standard 1.4
                           Alias = netstandard1.4
                       .NETStandard,Version=v1.5
                           DisplayName = .NET Standard 1.5
                           Alias = netstandard1.5
                       .NETStandard,Version=v1.6
                           DisplayName = .NET Standard 1.6
                           Alias = netstandard1.6
                       .NETStandard,Version=v2.0
                           DisplayName = .NET Standard 2.0
                           Alias = netstandard2.0
                       .NETStandard,Version=v2.1
                           DisplayName = .NET Standard 2.1
                           Alias = netstandard2.1
                   AdditionalProbingPath
                       C:\Users\niaci\.dotnet\store\|arch|\|tfm|
                   AdditionalTargetFrameworkInfoProperty
                       _IsExecutable
                       _SelfContainedWasSpecified
                       IsRidAgnostic
                       SelfContained
                       ShouldBeValidatedAsExecutableReference
                   Analyzer
                       C:\Program Files\dotnet\sdk\10.0.102\Sdks\Microsoft.NET.Sdk\targets\..\analyzers\Microsoft.CodeAnalysis.CSharp.NetAnalyzers.dll
                           IsImplicitlyDefined = true
                       C:\Program Files\dotnet\sdk\10.0.102\Sdks\Microsoft.NET.Sdk\targets\..\analyzers\Microsoft.CodeAnalysis.NetAnalyzers.dll
                           IsImplicitlyDefined = true
                   AppConfigFileDestination
                       bin\Debug\net9.0-windows10.0.17763.0\KIOSK.dll.config
                   ApplicationDefinition
                       App.xaml
                           Generator = MSBuild:Compile
                           XamlRuntime = Wpf
                           SubType = Designer
                   ApplicationManifest
                       obj\Debug\net9.0-windows10.0.17763.0\KIOSK.dll.manifest
                           TargetPath = KIOSK.dll.manifest
                   BuiltProjectOutputGroupKeyOutput
                       c:\Users\niaci\RiderProjects\moenybox_devicecontroller\KIOSK\obj\Debug\net9.0-windows10.0.17763.0\KIOSK.dll
                           IsKeyOutput = true
                           FinalOutputPath = c:\Users\niaci\RiderProjects\moenybox_devicecontroller\KIOSK\bin\Debug\net9.0-windows10.0.17763.0\KIOSK.dll
                           TargetPath = KIOSK.dll
                   ClsidMap
                       obj\Debug\net9.0-windows10.0.17763.0\KIOSK.clsidmap
                   Compile
                       App.xaml.cs
                       Application\Abstractions\ILoggingService.cs
                       Application\Abstractions\IUiDispatcher.cs
                       Application\Features\ExchangeV2\Orchestration\ExchangeV2Orchestrator.cs
                       Application\Features\ExchangeV2\Orchestration\IExchangeV2Orchestrator.cs
                       Application\Features\ExchangeV2\Services\DepositApplyResult.cs
                       Application\Features\ExchangeV2\Services\ExchangeV2FlowPolicy.cs
                       Application\Features\ExchangeV2\Services\ExchangeV2TransactionContext.cs
                       Application\Features\ExchangeV2\Services\IExchangeV2LimitProvider.cs
                       Application\Features\ExchangeV2\Services\IExchangeV2TransactionContext.cs
                       Application\Features\ExchangeV2\StateMachine\ExchangeV2StateMachine.cs
                       Application\Features\ExchangeV2\UseCases\ExchangeV2PayoutRequest.cs
                       Application\Features\ExchangeV2\UseCases\IExchangeV2ComplianceUseCase.cs
                       Application\Features\ExchangeV2\UseCases\IExchangeV2DepositUseCase.cs
                       Application\Features\ExchangeV2\UseCases\IExchangeV2IdScanUseCase.cs
                       Application\Features\ExchangeV2\UseCases\IExchangeV2PayoutUseCase.cs
                       Application\Features\ExchangeV2\UseCases\IExchangeV2PolicyUseCase.cs
                       Application\Services\API\CemsApiClientService.cs
                       Application\Services\API\GtfApiClientService.cs
                       Application\Services\BackgroundTasks\SendCemsTxResultTask.cs
                       Application\Services\BackgroundTasks\UpdateExchangeRateTask.cs
                       Application\Services\BackgroundTaskService.cs
                       Application\Services\DataBase\WithdrawalCassetteService.cs
                       Application\Services\DataBase\WithdrawalCassetteServiceV2.cs
                       Application\Services\DeviceErrorEventService.cs
                       Application\Services\Devices\DepositDevice.cs
                       Application\Services\Devices\IDepositDevice.cs
                       Application\Services\Devices\IDepositDeviceService.cs
                       Application\Services\Devices\IDeviceCommandCatalogService.cs
                       Application\Services\Devices\IDeviceCommandService.cs
                       Application\Services\Devices\IDeviceStatusService.cs
                       Application\Services\Devices\IdScannerDevice.cs
                       Application\Services\Devices\IIdScannerDevice.cs
                       Application\Services\Devices\IIdScannerDeviceService.cs
                       Application\Services\Devices\IPrinterDeviceService.cs
                       Application\Services\Devices\IQrScannerDeviceService.cs
                       Application\Services\Devices\IWithdrawalDeviceService.cs
                       Application\Services\Exchange\ExchangeDepositSessionService.cs
                       Application\Services\Exchange\ExchangeDepositUseCase.cs
                       Application\Services\Exchange\ExchangeDispenseSessionService.cs
                       Application\Services\Exchange\ExchangeIdScanGuideUseCase.cs
                       Application\Services\Exchange\ExchangeIdScanSessionService.cs
                       Application\Services\Exchange\ExchangeIdScanUseCase.cs
                       Application\Services\Exchange\ExchangePolicyProvider.cs
                       Application\Services\Exchange\ExchangeRateListUseCase.cs
                       Application\Services\Exchange\ExchangeRateProvider.cs
                       Application\Services\Exchange\ExchangeReceiptLocaleProvider.cs
                       Application\Services\Exchange\ExchangeReceiptPrinter.cs
                       Application\Services\Exchange\ExchangeResultOutboxUpdater.cs
                       Application\Services\Exchange\ExchangeResultReporter.cs
                       Application\Services\Exchange\ExchangeResultSender.cs
                       Application\Services\Exchange\ExchangeResultUseCase.cs
                       Application\Services\Exchange\ExchangeSelectCurrencyUseCase.cs
                       Application\Services\Exchange\ExchangeSelectLanguageUseCase.cs
                       Application\Services\Exchange\ExchangeWithdrawalUseCase.cs
                       Application\Services\Exchange\IExchangeDepositSessionService.cs
                       Application\Services\Exchange\IExchangeDepositUseCase.cs
                       Application\Services\Exchange\IExchangeDispenseSessionService.cs
                       Application\Services\Exchange\IExchangeIdScanGuideUseCase.cs
                       Application\Services\Exchange\IExchangeIdScanSessionService.cs
                       Application\Services\Exchange\IExchangeIdScanUseCase.cs
                       Application\Services\Exchange\IExchangePolicyProvider.cs
                       Application\Services\Exchange\IExchangeRateListUseCase.cs
                       Application\Services\Exchange\IExchangeRateProvider.cs
                       Application\Services\Exchange\IExchangeReceiptLocaleProvider.cs
                       Application\Services\Exchange\IExchangeReceiptPrinter.cs
                       Application\Services\Exchange\IExchangeResultOutboxUpdater.cs
                       Application\Services\Exchange\IExchangeResultReporter.cs
                       Application\Services\Exchange\IExchangeResultSender.cs
                       Application\Services\Exchange\IExchangeResultUseCase.cs
                       Application\Services\Exchange\IExchangeSelectCurrencyUseCase.cs
                       Application\Services\Exchange\IExchangeSelectLanguageUseCase.cs
                       Application\Services\Exchange\IExchangeWithdrawalUseCase.cs
                       Application\Services\GtfTaxRefundService.cs
                       Application\Services\Health\DatabaseHealthService.cs
                       Application\Services\Health\IDatabaseHealthService.cs
                       Application\Services\InactivityService.cs
                       Application\Services\Localization\ILocaleInfoProvider.cs
                       Application\Services\Localization\LocaleInfoProvider.cs
                       Application\Services\Localization\LocalizationOptions.cs
                       Application\Services\Localization\LocalizationService.cs
                       Application\Services\QrGenerateService.cs
                       Application\Services\ReceiptPrintService.cs
                       Application\Services\Resx\ResxLocalizationOptions.cs
                       Application\Services\Resx\ResxLocalizationProvider.cs
                       Application\Services\Resx\ResxLocalizationService.cs
                       Application\Services\Resx\ResxLocExtension.cs
                       Application\Services\Transactions\ITransactionOutboxService.cs
                       Application\Services\Transactions\TransactionOutboxService.cs
                       Application\Services\TransactionService.cs
                       Application\Services\UiDispatcher.cs
                       Application\StateMachines\ExchangeSellStateMachine.cs
                       Application\StateMachines\GtfStateMachine.cs
                       Application\StateMachines\StateMachineTrigger.cs
                       Application\StateMachines\WorkflowStateMachine.cs
                       AssemblyInfo.cs
                       CompositionRoot\Modules\AppServicesModule.cs
                       CompositionRoot\Modules\BootstrapExtensions.cs
                       CompositionRoot\Modules\StateMachineModule.cs
                       CompositionRoot\Modules\UiModule.cs
                       CompositionRoot\Modules\ViewModelModule.cs
                       CompositionRoot\Modules\WindowModule.cs
                       Domain\Transactions\CommerceTransaction.cs
                       Infrastructure\API\Cems\CemsApiCmdBuilder.cs
                       Infrastructure\API\Cems\CemsApiOptions.cs
                       Infrastructure\API\Cems\CemsApiOptionsSetup.cs
                       Infrastructure\API\Cems\CemsApiResponse.cs
                       Infrastructure\API\Core\ApiClient.cs
                       Infrastructure\API\Core\ApiEnvelope.cs
                       Infrastructure\API\Core\ApiGateway.cs
                       Infrastructure\API\Gtf\GtfApiCmdBuilder.cs
                       Infrastructure\API\Gtf\GtfApiDto.cs
                       Infrastructure\API\Gtf\GtfApiOptions.cs
                       Infrastructure\API\Gtf\GtfApiOptionsSetup.cs
                       Infrastructure\API\Gtf\GtfApiResponse.cs
                       Infrastructure\Cache\DatabaseCacheKeys.cs
                       Infrastructure\Common\Utils\BitmapSafe.cs
                       Infrastructure\Common\Utils\CashSplitExtension.cs
                       Infrastructure\Common\Utils\DataRowExtention.cs
                       Infrastructure\Common\Utils\ImageCacheExtension.cs
                       Infrastructure\Common\Utils\JsonConvertExtension.cs
                       Infrastructure\Configuration\AppPaths.cs
                       Infrastructure\Database\Common\ColumnAttribute.cs
                       Infrastructure\Database\DatabaseConfig.cs
                       Infrastructure\Database\DataBaseService.cs
                       Infrastructure\Database\Ef\Entities\ApiConfigEntity.cs
                       Infrastructure\Database\Ef\Entities\DepositCurrencyEntity.cs
                       Infrastructure\Database\Ef\Entities\DeviceCatalogEntity.cs
                       Infrastructure\Database\Ef\Entities\DeviceCommandLogEntity.cs
                       Infrastructure\Database\Ef\Entities\DeviceCommEntity.cs
                       Infrastructure\Database\Ef\Entities\DeviceInstanceEntity.cs
                       Infrastructure\Database\Ef\Entities\DeviceStatusLogEntity.cs
                       Infrastructure\Database\Ef\Entities\KioskInfoEntity.cs
                       Infrastructure\Database\Ef\Entities\LocaleInfoEntity.cs
                       Infrastructure\Database\Ef\Entities\ReceiptEntity.cs
                       Infrastructure\Database\Ef\Entities\TransactionOutboxRow.cs
                       Infrastructure\Database\Ef\Entities\WithdrawalCassetteEntity.cs
                       Infrastructure\Database\Ef\KioskDbContext.cs
                       Infrastructure\Database\Ef\KioskDbContextFactory.cs
                       Infrastructure\Database\Interface\ICreateRepository.cs
                       Infrastructure\Database\Interface\IDeleteRepository.cs
                       Infrastructure\Database\Interface\IReadRepository.cs
                       Infrastructure\Database\Interface\IUpdateRepository.cs
                       Infrastructure\Database\Interface\RepositoryBase.cs
                       Infrastructure\Database\Models\ApiConfigModel.cs
                       Infrastructure\Database\Models\DepositCurrencyModel.cs
                       Infrastructure\Database\Models\DeviceModel.cs
                       Infrastructure\Database\Models\ExchangeRateModel.cs
                       Infrastructure\Database\Models\ExchangeTransaction.cs
                       Infrastructure\Database\Models\KioskModel.cs
                       Infrastructure\Database\Models\LocaleInfoModel.cs
                       Infrastructure\Database\Models\ReceiptModel.cs
                       Infrastructure\Database\Models\TaxRefundModel.cs
                       Infrastructure\Database\Models\TransactionModel.cs
                       Infrastructure\Database\Models\WithdrawalCassetteModel.cs
                       Infrastructure\Database\Repositories\ApiConfigRepository.cs
                       Infrastructure\Database\Repositories\DepositCurrencyRepository.cs
                       Infrastructure\Database\Repositories\DeviceCommandLogRepository.cs
                       Infrastructure\Database\Repositories\DeviceRepository.cs
                       Infrastructure\Database\Repositories\DeviceStatusLogRepository.cs
                       Infrastructure\Database\Repositories\KioskRepository.cs
                       Infrastructure\Database\Repositories\LocaleInfoRepository.cs
                       Infrastructure\Database\Repositories\ReceiptRepository.cs
                       Infrastructure\Database\Repositories\WithdrawalCassetteRepository.cs
                       Infrastructure\Devices\Adapters\DepositDeviceService.cs
                       Infrastructure\Devices\Adapters\IdScannerDeviceService.cs
                       Infrastructure\Devices\Adapters\PrinterDeviceService.cs
                       Infrastructure\Devices\Adapters\QrScannerDeviceService.cs
                       Infrastructure\Devices\Adapters\WithdrawalDeviceService.cs
                       Infrastructure\Devices\Control\DeviceCommandCatalogService.cs
                       Infrastructure\Devices\Control\DeviceCommandService.cs
                       Infrastructure\Devices\Runtime\DeviceCommandCatalog.cs
                       Infrastructure\Devices\Runtime\DeviceManager.cs
                       Infrastructure\Devices\Status\DeviceStatusService.cs
                       Infrastructure\Devices\Status\ErrorMessages.cs
                       Infrastructure\Devices\Status\ErrorPolicy.cs
                       Infrastructure\Devices\Status\StatusLogService.cs
                       Infrastructure\Devices\Status\StatusNotifyService.cs
                       Infrastructure\Devices\Status\StatusPipeline.cs
                       Infrastructure\Devices\Status\StatusStore.cs
                       Infrastructure\Health\DiskHealthSupervisorHostedService.cs
                       Infrastructure\Health\HealthPipeline.cs
                       Infrastructure\Health\HealthSignal.cs
                       Infrastructure\Health\NetworkHealthSupervisorHostedService.cs
                       Infrastructure\Health\SystemHealthSourceIds.cs
                       Infrastructure\Hosting\AppBootstrapper.cs
                       Infrastructure\Hosting\HostController.cs
                       Infrastructure\Hosting\IHostController.cs
                       Infrastructure\Hosting\Modules\ApiModule.cs
                       Infrastructure\Hosting\Modules\BackgroundModule.cs
                       Infrastructure\Hosting\Modules\DatabaseModule.cs
                       Infrastructure\Hosting\Modules\DeviceModule.cs
                       Infrastructure\Hosting\Modules\HostModule.cs
                       Infrastructure\Hosting\Modules\LoggingModule.cs
                       Infrastructure\Hosting\Modules\OcrModule.cs
                       Infrastructure\Hosting\Modules\PlatformModule.cs
                       Infrastructure\Initialization\AppInitializer.cs
                       Infrastructure\Initialization\IAppInitializer.cs
                       Infrastructure\Logging\LoggingService.cs
                       Infrastructure\Media\AudioPlayService.cs
                       Infrastructure\Network\NetworkService.cs
                       Infrastructure\OCR\Models\ExternalOcrFilePath.cs
                       Infrastructure\OCR\Models\ExternalResultJson.cs
                       Infrastructure\OCR\Models\ExternalTypeJson.cs
                       Infrastructure\OCR\Models\OcrOptions.cs
                       Infrastructure\OCR\Models\OcrOutcome.cs
                       Infrastructure\OCR\Models\types.cs
                       Infrastructure\OCR\OcrModule.cs
                       Infrastructure\OCR\Providers\ExternalOcrProvider.cs
                       Infrastructure\OCR\Providers\MrzOcrProvider.cs
                       Infrastructure\OCR\Providers\OcrProvider.cs
                       Infrastructure\OCR\Services\OcrService.cs
                       Infrastructure\Storage\StorageService.cs
                       Migrations\20260113011012_Baseline.cs
                       Migrations\20260113011012_Baseline.Designer.cs
                       Migrations\20260113024626_AddDeviceCatalogs.cs
                       Migrations\20260113024626_AddDeviceCatalogs.Designer.cs
                       Migrations\KioskDbContextModelSnapshot.cs
                       Presentation\Abstractions\FlowCoordinatorBase.cs
                       Presentation\Abstractions\FlowStage.cs
                       Presentation\Abstractions\ILayout.cs
                       Presentation\Abstractions\IPopup.cs
                       Presentation\Abstractions\IWindow.cs
                       Presentation\Abstractions\LayoutViewModelBase.cs
                       Presentation\Abstractions\PageViewModelBase.cs
                       Presentation\Abstractions\ViewModelInterface.cs
                       Presentation\Controls\LottiePlayerControl.cs
                       Presentation\Controls\VideoPlayerControl.cs
                       Presentation\Controls\WebpPlayerControl.cs
                       Presentation\Features\Common\Pages\ViewModels\FooterViewModel.cs
                       Presentation\Features\Common\Pages\ViewModels\LoadingViewModel.cs
                       Presentation\Features\Common\Pages\Views\FooterView.xaml.cs
                       Presentation\Features\Common\Pages\Views\LoadingView.xaml.cs
                       Presentation\Features\Environment\Layout\ViewModels\EnvironmentLayoutViewModel.cs
                       Presentation\Features\Environment\Layout\Views\EnvironmentLayoutView.xaml.cs
                       Presentation\Features\Environment\Pages\ViewModels\DeviceStatusViewModel.cs
                       Presentation\Features\Environment\Pages\ViewModels\EnvironmentCassetteSettingViewModel.cs
                       Presentation\Features\Environment\Pages\ViewModels\EnvironmentViewModel.cs
                       Presentation\Features\Environment\Pages\ViewModels\ResxLocalizationTestViewModel.cs
                       Presentation\Features\Environment\Pages\Views\DeviceStatusView.xaml.cs
                       Presentation\Features\Environment\Pages\Views\EnvironmentCassetteSettingView.xaml.cs
                       Presentation\Features\Environment\Pages\Views\EnvironmentView.xaml.cs
                       Presentation\Features\Environment\Pages\Views\ResxLocalizationTestView.xaml.cs
                       Presentation\Features\Exchange\Flow\ExchangeFlowCoordinator.cs
                       Presentation\Features\Exchange\Layout\ViewModels\ExchangeLayoutViewModel.cs
                       Presentation\Features\Exchange\Layout\Views\ExchangeLayoutView.xaml.cs
                       Presentation\Features\Exchange\Pages\ViewModels\ExchangeCompleteViewModel.cs
                       Presentation\Features\Exchange\Pages\ViewModels\ExchangeCurrenyViewModel.cs
                       Presentation\Features\Exchange\Pages\ViewModels\ExchangeDepositViewModel.cs
                       Presentation\Features\Exchange\Pages\ViewModels\ExchangeIDScanCompleteViewModel.cs
                       Presentation\Features\Exchange\Pages\ViewModels\ExchangeIDScanConsentViewModel.cs
                       Presentation\Features\Exchange\Pages\ViewModels\ExchangeIDScanGuideViewModel.cs
                       Presentation\Features\Exchange\Pages\ViewModels\ExchangeIDScanProcessViewModel.cs
                       Presentation\Features\Exchange\Pages\ViewModels\ExchangeLanguageViewModel.cs
                       Presentation\Features\Exchange\Pages\ViewModels\ExchangeResultViewModel.cs
                       Presentation\Features\Exchange\Pages\ViewModels\ExchangeWithdrawalViewModel.cs
                       Presentation\Features\Exchange\Pages\Views\ExchangeCompleteView.xaml.cs
                       Presentation\Features\Exchange\Pages\Views\ExchangeCurrencyView.xaml.cs
                       Presentation\Features\Exchange\Pages\Views\ExchangeDepositView.xaml.cs
                       Presentation\Features\Exchange\Pages\Views\ExchangeIDScanCompleteView.xaml.cs
                       Presentation\Features\Exchange\Pages\Views\ExchangeIDScanConsentView.xaml.cs
                       Presentation\Features\Exchange\Pages\Views\ExchangeIDScanGuideView.xaml.cs
                       Presentation\Features\Exchange\Pages\Views\ExchangeIDScanProcessView.xaml.cs
                       Presentation\Features\Exchange\Pages\Views\ExchangeLanguageView.xaml.cs
                       Presentation\Features\Exchange\Pages\Views\ExchangeResultView.xaml.cs
                       Presentation\Features\Exchange\Pages\Views\ExchangeWithdrawalView.xaml.cs
                       Presentation\Features\Exchange\Popup\ViewModels\ExchangePopupIDScanInfoViewModel.cs
                       Presentation\Features\Exchange\Popup\ViewModels\ExchangePopupTermsViewModel.cs
                       Presentation\Features\Exchange\Popup\Views\ExchangePopupIDScanInfoView.xaml.cs
                       Presentation\Features\Exchange\Popup\Views\ExchangePopupTermsView.xaml.cs
                       Presentation\Features\Exchange\Popup\Views\PopupWindow.xaml.cs
                       Presentation\Features\Exchange\Resources\ExchangeDepositAssets.cs
                       Presentation\Features\Exchange\Resources\ExchangeDepositAssetsProvider.cs
                       Presentation\Features\Exchange\Resources\ExchangeDepositNoteAsset.cs
                       Presentation\Features\Exchange\Resources\ExchangeIdScanInfoAssets.cs
                       Presentation\Features\Exchange\Resources\ExchangeIdScanInfoResourceProvider.cs
                       Presentation\Features\Exchange\Resources\ExchangeLoadingVideoProvider.cs
                       Presentation\Features\Exchange\Resources\ExchangeResultViewData.cs
                       Presentation\Features\Exchange\Resources\ExchangeResultViewDataProvider.cs
                       Presentation\Features\Exchange\Resources\ExchangeTermsResourceProvider.cs
                       Presentation\Features\Exchange\Resources\IExchangeDepositAssetsProvider.cs
                       Presentation\Features\Exchange\Resources\IExchangeIdScanInfoResourceProvider.cs
                       Presentation\Features\Exchange\Resources\IExchangeLoadingVideoProvider.cs
                       Presentation\Features\Exchange\Resources\IExchangeResultViewDataProvider.cs
                       Presentation\Features\Exchange\Resources\IExchangeTermsResourceProvider.cs
                       Presentation\Features\ExchangeV2\Flow\ExchangeV2FlowCoordinator.cs
                       Presentation\Features\ExchangeV2\Layout\ViewModels\ExchangeV2FlowHeaderViewModel.cs
                       Presentation\Features\ExchangeV2\Layout\ViewModels\ExchangeV2LayoutViewModel.cs
                       Presentation\Features\ExchangeV2\Layout\Views\ExchangeV2FlowHeaderView.xaml.cs
                       Presentation\Features\ExchangeV2\Layout\Views\ExchangeV2LayoutView.xaml.cs
                       Presentation\Features\ExchangeV2\Pages\ViewModels\ExchangeV2DepositViewModel.cs
                       Presentation\Features\ExchangeV2\Pages\ViewModels\ExchangeV2ExchangeCurrencySelectViewModel.cs
                       Presentation\Features\ExchangeV2\Pages\ViewModels\ExchangeV2ExchangeMethodSelectViewModel.cs
                       Presentation\Features\ExchangeV2\Pages\ViewModels\ExchangeV2ExchangeTypeSelectViewModel.cs
                       Presentation\Features\ExchangeV2\Pages\ViewModels\ExchangeV2IdScanCompleteViewModel.cs
                       Presentation\Features\ExchangeV2\Pages\ViewModels\ExchangeV2IdScanConsentViewModel.cs
                       Presentation\Features\ExchangeV2\Pages\ViewModels\ExchangeV2IdScanProcessViewModel.cs
                       Presentation\Features\ExchangeV2\Pages\ViewModels\ExchangeV2LanguageSelectViewModel.cs
                       Presentation\Features\ExchangeV2\Pages\Views\ExchangeV2DepositView.xaml.cs
                           SubType = Code
                       Presentation\Features\ExchangeV2\Pages\Views\ExchangeV2ExchangeCurrencySelectView.xaml.cs
                       Presentation\Features\ExchangeV2\Pages\Views\ExchangeV2ExchangeMethodSelectView.xaml.cs
                       Presentation\Features\ExchangeV2\Pages\Views\ExchangeV2ExchangeTypeSelectView.xaml.cs
                       Presentation\Features\ExchangeV2\Pages\Views\ExchangeV2IdScanCompleteView.xaml.cs
                           SubType = Code
                       Presentation\Features\ExchangeV2\Pages\Views\ExchangeV2IdScanConsentView.xaml.cs
                       Presentation\Features\ExchangeV2\Pages\Views\ExchangeV2IdScanProcessView.xaml.cs
                           SubType = Code
                       Presentation\Features\ExchangeV2\Pages\Views\ExchangeV2LanguageSelectView.xaml.cs
                       Presentation\Features\ExchangeV2\Popup\ViewModels\ExchangeV2IdScanFailedPopupViewModel.cs
                       Presentation\Features\ExchangeV2\Popup\ViewModels\ExchangeV2TermsPopupViewModel.cs
                       Presentation\Features\ExchangeV2\Popup\Views\ExchangeV2IdScanFailedPopupView.xaml.cs
                       Presentation\Features\ExchangeV2\Popup\Views\ExchangeV2TermsPopupView.xaml.cs
                           SubType = Code
                       Presentation\Features\GTF\Flow\Gtf.cs
                       Presentation\Features\GTF\Layout\ViewModels\GtfLayoutViewModel.cs
                       Presentation\Features\GTF\Layout\Views\GtfLayoutView.xaml.cs
                       Presentation\Features\GTF\Pages\ViewModels\GtfAlipayAccountSelectViewModel.cs
                       Presentation\Features\GTF\Pages\ViewModels\GtfAlipayGuideViewModel.cs
                       Presentation\Features\GTF\Pages\ViewModels\GtfAlipayRegisterViewModel.cs
                       Presentation\Features\GTF\Pages\ViewModels\GtfCreditGuideViewModel.cs
                       Presentation\Features\GTF\Pages\ViewModels\GtfCreditRegisterViewModel.cs
                       Presentation\Features\GTF\Pages\ViewModels\GtfIdScanCompleteViewModel.cs
                       Presentation\Features\GTF\Pages\ViewModels\GtfIdScanConsentViewModel.cs
                       Presentation\Features\GTF\Pages\ViewModels\GtfIdScanGuideViewModel.cs
                       Presentation\Features\GTF\Pages\ViewModels\GtfIdScanProcessViewModel.cs
                       Presentation\Features\GTF\Pages\ViewModels\GtfLanguageSelectViewModel.cs
                       Presentation\Features\GTF\Pages\ViewModels\GtfRefundCompleteViewModel.cs
                       Presentation\Features\GTF\Pages\ViewModels\GtfRefundMethodGuideViewModel.cs
                       Presentation\Features\GTF\Pages\ViewModels\GtfRefundMethodSelectViewModel.cs
                       Presentation\Features\GTF\Pages\ViewModels\GtfRefundSignatureViewModel.cs
                       Presentation\Features\GTF\Pages\ViewModels\GtfRefundVoucherRegisterViewModel.cs
                       Presentation\Features\GTF\Pages\ViewModels\GtfWeChatGuideViewModel.cs
                       Presentation\Features\GTF\Pages\ViewModels\GtfWeChatRegisterGuideViewModel.cs
                       Presentation\Features\GTF\Pages\ViewModels\GtfWeChatRegisterViewModel.cs
                       Presentation\Features\GTF\Pages\Views\GtfAlipayAccountSelect.xaml.cs
                       Presentation\Features\GTF\Pages\Views\GtfAlipayGuideView.xaml.cs
                       Presentation\Features\GTF\Pages\Views\GtfAlipayRegisterView.xaml.cs
                       Presentation\Features\GTF\Pages\Views\GtfCreditGuideView.xaml.cs
                       Presentation\Features\GTF\Pages\Views\GtfCreditRegisterView.xaml.cs
                       Presentation\Features\GTF\Pages\Views\GtfIdScanCompleteView.xaml.cs
                       Presentation\Features\GTF\Pages\Views\GtfIdScanConsentView.xaml.cs
                       Presentation\Features\GTF\Pages\Views\GtfIdScanGuideView.xaml.cs
                       Presentation\Features\GTF\Pages\Views\GtfIdScanProcessView.xaml.cs
                       Presentation\Features\GTF\Pages\Views\GtfLanguageSelectView.xaml.cs
                       Presentation\Features\GTF\Pages\Views\GtfRefundCompleteView.xaml.cs
                       Presentation\Features\GTF\Pages\Views\GtfRefundMethodGuideView.xaml.cs
                       Presentation\Features\GTF\Pages\Views\GtfRefundMethodSelectView.xaml.cs
                       Presentation\Features\GTF\Pages\Views\GtfRefundSignatureView.xaml.cs
                       Presentation\Features\GTF\Pages\Views\GtfRefundVoucherRegisterView.xaml.cs
                       Presentation\Features\GTF\Pages\Views\GtfWeChatGuideView.xaml.cs
                       Presentation\Features\GTF\Pages\Views\GtfWeChatRegisterGuideView.xaml.cs
                       Presentation\Features\GTF\Pages\Views\GtfWeChatRegisterView.xaml.cs
                       Presentation\Features\GTF\Popup\ViewModels\GtfTestPopupViewModel.cs
                       Presentation\Features\GTF\Popup\Views\GtfTestPopupView.xaml.cs
                       Presentation\Features\Menu\Layout\ViewModels\MenuLayoutViewModel.cs
                       Presentation\Features\Menu\Layout\Views\MenuLayoutView.xaml.cs
                       Presentation\Features\Menu\Pages\ViewModels\MenuViewModel.cs
                       Presentation\Features\Menu\Pages\Views\MenuView.xaml.cs
                       Presentation\Features\MenuV2\Layout\ViewModels\MenuV2LayoutViewModel.cs
                       Presentation\Features\MenuV2\Layout\Views\MenuV2LayoutView.xaml.cs
                       Presentation\Features\MenuV2\Pages\ViewModels\MenuV2ViewModel.cs
                       Presentation\Features\MenuV2\Pages\Views\MenuV2View.xaml.cs
                       Presentation\Features\Startup\Layout\ViewModels\StartupLayoutViewModel.cs
                       Presentation\Features\Startup\Layout\Views\StartupLayoutView.xaml.cs
                       Presentation\Features\Startup\Pages\ViewModels\StartupViewModel.cs
                       Presentation\Features\Startup\Pages\Views\StartupView.xaml.cs
                       Presentation\Navigation\Services\NavigationService.cs
                       Presentation\Navigation\Services\PopupService.cs
                       Presentation\Window\Main\ViewModels\MainWindowViewModel.cs
                       Presentation\Window\Main\Views\MainWindowView.xaml.cs
                       Presentation\Window\Services\MonitorMover.cs
                       Properties\Settings.Designer.cs
                           AutoGen = True
                           DesignTimeSharedInput = True
                           DependentUpon = Settings.settings
                       Resources\Controls\ElipseToggleButton.xaml.cs
                       Resources\Controls\IconButton.xaml.cs
                       Resources\Controls\RoundButton.xaml.cs
                   CompilerVisibleProperty
                       _SupportedPlatformList
                       CsWinRTAotExportsEnabled
                       CsWinRTAotOptimizerEnabled
                       CsWinRTAotWarningLevel
                       CsWinRTCcwLookupTableGeneratorEnabled
                       CsWinRTMergeReferencedActivationFactories
                       CsWinRTRcwFactoryFallbackGeneratorForceOptIn
                       CsWinRTRcwFactoryFallbackGeneratorForceOptOut
                       CsWinRTUseWindowsUIXamlProjections
                       EnableComHosting
                       EnableGeneratedComInterfaceComImportInterop
                       EnforceExtendedAnalyzerRules
                       InvariantGlobalization
                       PlatformNeutralAssembly
                       ProjectDir
                       ProjectTypeGuids
                       RootNamespace
                       TargetFramework
                       TargetFrameworkIdentifier
                       TargetFrameworkVersion
                       TargetPlatformMinVersion
                       UsingMicrosoftNETSdkWeb
                   Content
                       Assets\Gif\DepositGuide\Guide_Deposit_AUD.gif
                           CopyToOutputDirectory = PreserveNewest
                       Assets\Gif\DepositGuide\Guide_Deposit_CAD.gif
                           CopyToOutputDirectory = PreserveNewest
                       Assets\Gif\DepositGuide\Guide_Deposit_CNY.gif
                           CopyToOutputDirectory = PreserveNewest
                       Assets\Gif\DepositGuide\Guide_Deposit_EUR.gif
                           CopyToOutputDirectory = PreserveNewest
                       Assets\Gif\DepositGuide\Guide_Deposit_GBP.gif
                           CopyToOutputDirectory = PreserveNewest
                       Assets\Gif\DepositGuide\Guide_Deposit_HKD.gif
                           CopyToOutputDirectory = PreserveNewest
                       Assets\Gif\DepositGuide\Guide_Deposit_IDR.gif
                           CopyToOutputDirectory = PreserveNewest
                       Assets\Gif\DepositGuide\Guide_Deposit_JPY.gif
                           CopyToOutputDirectory = PreserveNewest
                       Assets\Gif\DepositGuide\Guide_Deposit_KRW.gif
                           CopyToOutputDirectory = PreserveNewest
                       Assets\Gif\DepositGuide\Guide_Deposit_MYR.gif
                           CopyToOutputDirectory = PreserveNewest
                       Assets\Gif\DepositGuide\Guide_Deposit_PHP.gif
                           CopyToOutputDirectory = PreserveNewest
                       Assets\Gif\DepositGuide\Guide_Deposit_SGD.gif
                           CopyToOutputDirectory = PreserveNewest
                       Assets\Gif\DepositGuide\Guide_Deposit_THB.gif
                           CopyToOutputDirectory = PreserveNewest
                       Assets\Gif\DepositGuide\Guide_Deposit_TWD.gif
                           CopyToOutputDirectory = PreserveNewest
                       Assets\Gif\DepositGuide\Guide_Deposit_USD.gif
                           CopyToOutputDirectory = PreserveNewest
                       Assets\Gif\DepositGuide\Guide_Deposit_VND.gif
                           CopyToOutputDirectory = PreserveNewest
                       Assets\Gif\DepositGuide\Guide_Deposit1.gif
                           CopyToOutputDirectory = PreserveNewest
                       Assets\Gif\DepositGuide\Guide_Deposit2.gif
                           CopyToOutputDirectory = PreserveNewest
                       Assets\Image\Denomination\AUD_100.png
                           CopyToOutputDirectory = PreserveNewest
                       Assets\Image\Denomination\AUD_50.png
                           CopyToOutputDirectory = PreserveNewest
                       Assets\Image\Denomination\CAD_50.png
                           CopyToOutputDirectory = PreserveNewest
                       Assets\Image\Denomination\CNY_100.png
                           CopyToOutputDirectory = PreserveNewest
                       Assets\Image\Denomination\EUR_10.png
                           CopyToOutputDirectory = PreserveNewest
                       Assets\Image\Denomination\EUR_100.png
                           CopyToOutputDirectory = PreserveNewest
                       Assets\Image\Denomination\EUR_20.png
                           CopyToOutputDirectory = PreserveNewest
                       Assets\Image\Denomination\EUR_50.png
                           CopyToOutputDirectory = PreserveNewest
                       Assets\Image\Denomination\GBP_20.png
                           CopyToOutputDirectory = PreserveNewest
                       Assets\Image\Denomination\GBP_50.png
                           CopyToOutputDirectory = PreserveNewest
                       Assets\Image\Denomination\HKD_100.png
                           CopyToOutputDirectory = PreserveNewest
                       Assets\Image\Denomination\HKD_1000.png
                           CopyToOutputDirectory = PreserveNewest
                       Assets\Image\Denomination\HKD_500.png
                           CopyToOutputDirectory = PreserveNewest
                       Assets\Image\Denomination\IDR_100000.png
                           CopyToOutputDirectory = PreserveNewest
                       Assets\Image\Denomination\JPY_1000.png
                           CopyToOutputDirectory = PreserveNewest
                       Assets\Image\Denomination\JPY_10000.png
                           CopyToOutputDirectory = PreserveNewest
                       Assets\Image\Denomination\JPY_5000.png
                           CopyToOutputDirectory = PreserveNewest
                       Assets\Image\Denomination\KRW_1000.png
                           CopyToOutputDirectory = PreserveNewest
                       Assets\Image\Denomination\KRW_10000.png
                           CopyToOutputDirectory = PreserveNewest
                       Assets\Image\Denomination\KRW_5000.png
                           CopyToOutputDirectory = PreserveNewest
                       Assets\Image\Denomination\KRW_50000.png
                           CopyToOutputDirectory = PreserveNewest
                       Assets\Image\Denomination\MYR_100.png
                           CopyToOutputDirectory = PreserveNewest
                       Assets\Image\Denomination\PHP_1000.png
                           CopyToOutputDirectory = PreserveNewest
                       Assets\Image\Denomination\SGD_100.png
                           CopyToOutputDirectory = PreserveNewest
                       Assets\Image\Denomination\SGD_50.png
                           CopyToOutputDirectory = PreserveNewest
                       Assets\Image\Denomination\THB_1000.png
                           CopyToOutputDirectory = PreserveNewest
                       Assets\Image\Denomination\TWD_1000.png
                           CopyToOutputDirectory = PreserveNewest
                       Assets\Image\Denomination\TWD_500.png
                           CopyToOutputDirectory = PreserveNewest
                       Assets\Image\Denomination\USD_10.png
                           CopyToOutputDirectory = PreserveNewest
                       Assets\Image\Denomination\USD_100.png
                           CopyToOutputDirectory = PreserveNewest
                       Assets\Image\Denomination\USD_20.png
                           CopyToOutputDirectory = PreserveNewest
                       Assets\Image\Denomination\USD_50.png
                           CopyToOutputDirectory = PreserveNewest
                       Assets\Image\Denomination\VND_500000.png
                           CopyToOutputDirectory = PreserveNewest
                       Assets\Sound\Bill.wav
                           CopyToOutputDirectory = PreserveNewest
                       Assets\Sound\Click.wav
                           CopyToOutputDirectory = PreserveNewest
                       Assets\Sound\Coin.wav
                           CopyToOutputDirectory = PreserveNewest
                       Assets\Video\IDScan_ID.mp4
                           CopyToOutputDirectory = PreserveNewest
                       Assets\Video\IDScan_Passport.mp4
                           CopyToOutputDirectory = PreserveNewest
                       Assets\Video\Loading.mp4
                           CopyToOutputDirectory = PreserveNewest
                       Assets\Video\MoneyBoxVideo.mp4
                           CopyToOutputDirectory = PreserveNewest
                       symbol.ico
                   CopyUpToDateMarker
                       c:\Users\niaci\RiderProjects\moenybox_devicecontroller\KIOSK\obj\Debug\net9.0-windows10.0.17763.0\KIOSK.csproj.Up2Date
                   CreateDirectory
                       c:\Users\niaci\RiderProjects\moenybox_devicecontroller\KIOSK\obj\Debug\net9.0-windows10.0.17763.0\refint\
                       obj\Debug\net9.0-windows10.0.17763.0\ref
                   DebugSymbolsProjectOutputGroupOutput
                       c:\Users\niaci\RiderProjects\moenybox_devicecontroller\KIOSK\obj\Debug\net9.0-windows10.0.17763.0\KIOSK.pdb
                           FinalOutputPath = c:\Users\niaci\RiderProjects\moenybox_devicecontroller\KIOSK\bin\Debug\net9.0-windows10.0.17763.0\KIOSK.pdb
                           TargetPath = KIOSK.pdb
                   DeployManifest
                       obj\Debug\net9.0-windows10.0.17763.0\KIOSK.application
                           TargetPath = KIOSK.application
                   EmbeddedResource
                       Resources\Resx\StringResources.ja-JP.resx
                       Resources\Resx\StringResources.ko-KR.resx
                       Resources\Resx\StringResources.resx
                       Resources\Resx\StringResources.zh-CN.resx
                       Resources\Resx\StringResources.zh-TW.resx
                   Folder
                       Application\Features\ExchangeV2\UseCases\
                       Assets\Language\
                       Domain\
                       Resources\
                   FrameworkReference
                       Microsoft.NETCore.App
                           IsImplicitlyDefined = true
                           PrivateAssets = All
                           Pack = false
                       Microsoft.Windows.SDK.NET.Ref.Windows
                           IsImplicitlyDefined = true
                           PrivateAssets = All
                           Pack = false
                       Microsoft.WindowsDesktop.App.WPF
                           IsImplicitlyDefined = true
                   GenerateRuntimeConfigurationFilesInputs
                       c:\Users\niaci\RiderProjects\moenybox_devicecontroller\KIOSK\obj\Debug\net9.0-windows10.0.17763.0\KIOSK.assets.cache
                       c:\Users\niaci\RiderProjects\moenybox_devicecontroller\KIOSK\obj\project.assets.json
                   GlobalAnalyzerConfigFiles
                       c:\.globalconfig
                       c:\Users\.globalconfig
                       c:\Users\niaci\.globalconfig
                       c:\Users\niaci\RiderProjects\.globalconfig
                       c:\Users\niaci\RiderProjects\moenybox_devicecontroller\.globalconfig
                       c:\Users\niaci\RiderProjects\moenybox_devicecontroller\KIOSK\.globalconfig
                       c:\Users\niaci\RiderProjects\moenybox_devicecontroller\KIOSK\Application\.globalconfig
                       c:\Users\niaci\RiderProjects\moenybox_devicecontroller\KIOSK\Application\Abstractions\.globalconfig
                       c:\Users\niaci\RiderProjects\moenybox_devicecontroller\KIOSK\Application\Features\.globalconfig
                       c:\Users\niaci\RiderProjects\moenybox_devicecontroller\KIOSK\Application\Features\ExchangeV2\.globalconfig
                       c:\Users\niaci\RiderProjects\moenybox_devicecontroller\KIOSK\Application\Features\ExchangeV2\Orchestration\.globalconfig
                       c:\Users\niaci\RiderProjects\moenybox_devicecontroller\KIOSK\Application\Features\ExchangeV2\Services\.globalconfig
                       c:\Users\niaci\RiderProjects\moenybox_devicecontroller\KIOSK\Application\Features\ExchangeV2\StateMachine\.globalconfig
                       c:\Users\niaci\RiderProjects\moenybox_devicecontroller\KIOSK\Application\Features\ExchangeV2\UseCases\.globalconfig
                       c:\Users\niaci\RiderProjects\moenybox_devicecontroller\KIOSK\Application\Services\.globalconfig
                       c:\Users\niaci\RiderProjects\moenybox_devicecontroller\KIOSK\Application\Services\API\.globalconfig
                       c:\Users\niaci\RiderProjects\moenybox_devicecontroller\KIOSK\Application\Services\BackgroundTasks\.globalconfig
                       c:\Users\niaci\RiderProjects\moenybox_devicecontroller\KIOSK\Application\Services\DataBase\.globalconfig
                       c:\Users\niaci\RiderProjects\moenybox_devicecontroller\KIOSK\Application\Services\Devices\.globalconfig
                       c:\Users\niaci\RiderProjects\moenybox_devicecontroller\KIOSK\Application\Services\Exchange\.globalconfig
                       c:\Users\niaci\RiderProjects\moenybox_devicecontroller\KIOSK\Application\Services\Health\.globalconfig
                       c:\Users\niaci\RiderProjects\moenybox_devicecontroller\KIOSK\Application\Services\Localization\.globalconfig
                       c:\Users\niaci\RiderProjects\moenybox_devicecontroller\KIOSK\Application\Services\Resx\.globalconfig
                       c:\Users\niaci\RiderProjects\moenybox_devicecontroller\KIOSK\Application\Services\Transactions\.globalconfig
                       c:\Users\niaci\RiderProjects\moenybox_devicecontroller\KIOSK\Application\StateMachines\.globalconfig
                       c:\Users\niaci\RiderProjects\moenybox_devicecontroller\KIOSK\CompositionRoot\.globalconfig
                       c:\Users\niaci\RiderProjects\moenybox_devicecontroller\KIOSK\CompositionRoot\Modules\.globalconfig
                       c:\Users\niaci\RiderProjects\moenybox_devicecontroller\KIOSK\Domain\.globalconfig
                       c:\Users\niaci\RiderProjects\moenybox_devicecontroller\KIOSK\Domain\Transactions\.globalconfig
                       c:\Users\niaci\RiderProjects\moenybox_devicecontroller\KIOSK\Infrastructure\.globalconfig
                       c:\Users\niaci\RiderProjects\moenybox_devicecontroller\KIOSK\Infrastructure\API\.globalconfig
                       c:\Users\niaci\RiderProjects\moenybox_devicecontroller\KIOSK\Infrastructure\API\Cems\.globalconfig
                       c:\Users\niaci\RiderProjects\moenybox_devicecontroller\KIOSK\Infrastructure\API\Core\.globalconfig
                       c:\Users\niaci\RiderProjects\moenybox_devicecontroller\KIOSK\Infrastructure\API\Gtf\.globalconfig
                       c:\Users\niaci\RiderProjects\moenybox_devicecontroller\KIOSK\Infrastructure\Cache\.globalconfig
                       c:\Users\niaci\RiderProjects\moenybox_devicecontroller\KIOSK\Infrastructure\Common\.globalconfig
                       c:\Users\niaci\RiderProjects\moenybox_devicecontroller\KIOSK\Infrastructure\Common\Utils\.globalconfig
                       c:\Users\niaci\RiderProjects\moenybox_devicecontroller\KIOSK\Infrastructure\Configuration\.globalconfig
                       c:\Users\niaci\RiderProjects\moenybox_devicecontroller\KIOSK\Infrastructure\Database\.globalconfig
                       c:\Users\niaci\RiderProjects\moenybox_devicecontroller\KIOSK\Infrastructure\Database\Common\.globalconfig
                       c:\Users\niaci\RiderProjects\moenybox_devicecontroller\KIOSK\Infrastructure\Database\Ef\.globalconfig
                       c:\Users\niaci\RiderProjects\moenybox_devicecontroller\KIOSK\Infrastructure\Database\Ef\Entities\.globalconfig
                       c:\Users\niaci\RiderProjects\moenybox_devicecontroller\KIOSK\Infrastructure\Database\Interface\.globalconfig
                       c:\Users\niaci\RiderProjects\moenybox_devicecontroller\KIOSK\Infrastructure\Database\Models\.globalconfig
                       c:\Users\niaci\RiderProjects\moenybox_devicecontroller\KIOSK\Infrastructure\Database\Repositories\.globalconfig
                       c:\Users\niaci\RiderProjects\moenybox_devicecontroller\KIOSK\Infrastructure\Devices\.globalconfig
                       c:\Users\niaci\RiderProjects\moenybox_devicecontroller\KIOSK\Infrastructure\Devices\Adapters\.globalconfig
                       c:\Users\niaci\RiderProjects\moenybox_devicecontroller\KIOSK\Infrastructure\Devices\Control\.globalconfig
                       c:\Users\niaci\RiderProjects\moenybox_devicecontroller\KIOSK\Infrastructure\Devices\Runtime\.globalconfig
                       c:\Users\niaci\RiderProjects\moenybox_devicecontroller\KIOSK\Infrastructure\Devices\Status\.globalconfig
                       c:\Users\niaci\RiderProjects\moenybox_devicecontroller\KIOSK\Infrastructure\Health\.globalconfig
                       c:\Users\niaci\RiderProjects\moenybox_devicecontroller\KIOSK\Infrastructure\Hosting\.globalconfig
                       c:\Users\niaci\RiderProjects\moenybox_devicecontroller\KIOSK\Infrastructure\Hosting\Modules\.globalconfig
                       c:\Users\niaci\RiderProjects\moenybox_devicecontroller\KIOSK\Infrastructure\Initialization\.globalconfig
                       c:\Users\niaci\RiderProjects\moenybox_devicecontroller\KIOSK\Infrastructure\Logging\.globalconfig
                       c:\Users\niaci\RiderProjects\moenybox_devicecontroller\KIOSK\Infrastructure\Media\.globalconfig
                       c:\Users\niaci\RiderProjects\moenybox_devicecontroller\KIOSK\Infrastructure\Network\.globalconfig
                       c:\Users\niaci\RiderProjects\moenybox_devicecontroller\KIOSK\Infrastructure\OCR\.globalconfig
                       c:\Users\niaci\RiderProjects\moenybox_devicecontroller\KIOSK\Infrastructure\OCR\Models\.globalconfig
                       c:\Users\niaci\RiderProjects\moenybox_devicecontroller\KIOSK\Infrastructure\OCR\Providers\.globalconfig
                       c:\Users\niaci\RiderProjects\moenybox_devicecontroller\KIOSK\Infrastructure\OCR\Services\.globalconfig
                       c:\Users\niaci\RiderProjects\moenybox_devicecontroller\KIOSK\Infrastructure\Storage\.globalconfig
                       c:\Users\niaci\RiderProjects\moenybox_devicecontroller\KIOSK\Migrations\.globalconfig
                       c:\Users\niaci\RiderProjects\moenybox_devicecontroller\KIOSK\Presentation\.globalconfig
                       c:\Users\niaci\RiderProjects\moenybox_devicecontroller\KIOSK\Presentation\Abstractions\.globalconfig
                       c:\Users\niaci\RiderProjects\moenybox_devicecontroller\KIOSK\Presentation\Controls\.globalconfig
                       c:\Users\niaci\RiderProjects\moenybox_devicecontroller\KIOSK\Presentation\Features\.globalconfig
                       c:\Users\niaci\RiderProjects\moenybox_devicecontroller\KIOSK\Presentation\Features\Common\.globalconfig
                       c:\Users\niaci\RiderProjects\moenybox_devicecontroller\KIOSK\Presentation\Features\Common\Pages\.globalconfig
                       c:\Users\niaci\RiderProjects\moenybox_devicecontroller\KIOSK\Presentation\Features\Common\Pages\ViewModels\.globalconfig
                       c:\Users\niaci\RiderProjects\moenybox_devicecontroller\KIOSK\Presentation\Features\Common\Pages\Views\.globalconfig
                       c:\Users\niaci\RiderProjects\moenybox_devicecontroller\KIOSK\Presentation\Features\Environment\.globalconfig
                       c:\Users\niaci\RiderProjects\moenybox_devicecontroller\KIOSK\Presentation\Features\Environment\Layout\.globalconfig
                       c:\Users\niaci\RiderProjects\moenybox_devicecontroller\KIOSK\Presentation\Features\Environment\Layout\ViewModels\.globalconfig
                       c:\Users\niaci\RiderProjects\moenybox_devicecontroller\KIOSK\Presentation\Features\Environment\Layout\Views\.globalconfig
                       c:\Users\niaci\RiderProjects\moenybox_devicecontroller\KIOSK\Presentation\Features\Environment\Pages\.globalconfig
                       c:\Users\niaci\RiderProjects\moenybox_devicecontroller\KIOSK\Presentation\Features\Environment\Pages\ViewModels\.globalconfig
                       c:\Users\niaci\RiderProjects\moenybox_devicecontroller\KIOSK\Presentation\Features\Environment\Pages\Views\.globalconfig
                       c:\Users\niaci\RiderProjects\moenybox_devicecontroller\KIOSK\Presentation\Features\Exchange\.globalconfig
                       c:\Users\niaci\RiderProjects\moenybox_devicecontroller\KIOSK\Presentation\Features\Exchange\Flow\.globalconfig
                       c:\Users\niaci\RiderProjects\moenybox_devicecontroller\KIOSK\Presentation\Features\Exchange\Layout\.globalconfig
                       c:\Users\niaci\RiderProjects\moenybox_devicecontroller\KIOSK\Presentation\Features\Exchange\Layout\ViewModels\.globalconfig
                       c:\Users\niaci\RiderProjects\moenybox_devicecontroller\KIOSK\Presentation\Features\Exchange\Layout\Views\.globalconfig
                       c:\Users\niaci\RiderProjects\moenybox_devicecontroller\KIOSK\Presentation\Features\Exchange\Pages\.globalconfig
                       c:\Users\niaci\RiderProjects\moenybox_devicecontroller\KIOSK\Presentation\Features\Exchange\Pages\ViewModels\.globalconfig
                       c:\Users\niaci\RiderProjects\moenybox_devicecontroller\KIOSK\Presentation\Features\Exchange\Pages\Views\.globalconfig
                       c:\Users\niaci\RiderProjects\moenybox_devicecontroller\KIOSK\Presentation\Features\Exchange\Popup\.globalconfig
                       c:\Users\niaci\RiderProjects\moenybox_devicecontroller\KIOSK\Presentation\Features\Exchange\Popup\ViewModels\.globalconfig
                       c:\Users\niaci\RiderProjects\moenybox_devicecontroller\KIOSK\Presentation\Features\Exchange\Popup\Views\.globalconfig
                       c:\Users\niaci\RiderProjects\moenybox_devicecontroller\KIOSK\Presentation\Features\Exchange\Resources\.globalconfig
                       c:\Users\niaci\RiderProjects\moenybox_devicecontroller\KIOSK\Presentation\Features\ExchangeV2\.globalconfig
                       c:\Users\niaci\RiderProjects\moenybox_devicecontroller\KIOSK\Presentation\Features\ExchangeV2\Flow\.globalconfig
                       c:\Users\niaci\RiderProjects\moenybox_devicecontroller\KIOSK\Presentation\Features\ExchangeV2\Layout\.globalconfig
                       c:\Users\niaci\RiderProjects\moenybox_devicecontroller\KIOSK\Presentation\Features\ExchangeV2\Layout\ViewModels\.globalconfig
                       c:\Users\niaci\RiderProjects\moenybox_devicecontroller\KIOSK\Presentation\Features\ExchangeV2\Layout\Views\.globalconfig
                       c:\Users\niaci\RiderProjects\moenybox_devicecontroller\KIOSK\Presentation\Features\ExchangeV2\Pages\.globalconfig
                       c:\Users\niaci\RiderProjects\moenybox_devicecontroller\KIOSK\Presentation\Features\ExchangeV2\Pages\ViewModels\.globalconfig
                       c:\Users\niaci\RiderProjects\moenybox_devicecontroller\KIOSK\Presentation\Features\ExchangeV2\Pages\Views\.globalconfig
                       c:\Users\niaci\RiderProjects\moenybox_devicecontroller\KIOSK\Presentation\Features\ExchangeV2\Popup\.globalconfig
                       c:\Users\niaci\RiderProjects\moenybox_devicecontroller\KIOSK\Presentation\Features\ExchangeV2\Popup\ViewModels\.globalconfig
                       c:\Users\niaci\RiderProjects\moenybox_devicecontroller\KIOSK\Presentation\Features\ExchangeV2\Popup\Views\.globalconfig
                       c:\Users\niaci\RiderProjects\moenybox_devicecontroller\KIOSK\Presentation\Features\GTF\.globalconfig
                       c:\Users\niaci\RiderProjects\moenybox_devicecontroller\KIOSK\Presentation\Features\GTF\Flow\.globalconfig
                       c:\Users\niaci\RiderProjects\moenybox_devicecontroller\KIOSK\Presentation\Features\GTF\Layout\.globalconfig
                       c:\Users\niaci\RiderProjects\moenybox_devicecontroller\KIOSK\Presentation\Features\GTF\Layout\ViewModels\.globalconfig
                       c:\Users\niaci\RiderProjects\moenybox_devicecontroller\KIOSK\Presentation\Features\GTF\Layout\Views\.globalconfig
                       c:\Users\niaci\RiderProjects\moenybox_devicecontroller\KIOSK\Presentation\Features\GTF\Pages\.globalconfig
                       c:\Users\niaci\RiderProjects\moenybox_devicecontroller\KIOSK\Presentation\Features\GTF\Pages\ViewModels\.globalconfig
                       c:\Users\niaci\RiderProjects\moenybox_devicecontroller\KIOSK\Presentation\Features\GTF\Pages\Views\.globalconfig
                       c:\Users\niaci\RiderProjects\moenybox_devicecontroller\KIOSK\Presentation\Features\GTF\Popup\.globalconfig
                       c:\Users\niaci\RiderProjects\moenybox_devicecontroller\KIOSK\Presentation\Features\GTF\Popup\ViewModels\.globalconfig
                       c:\Users\niaci\RiderProjects\moenybox_devicecontroller\KIOSK\Presentation\Features\GTF\Popup\Views\.globalconfig
                       c:\Users\niaci\RiderProjects\moenybox_devicecontroller\KIOSK\Presentation\Features\Menu\.globalconfig
                       c:\Users\niaci\RiderProjects\moenybox_devicecontroller\KIOSK\Presentation\Features\Menu\Layout\.globalconfig
                       c:\Users\niaci\RiderProjects\moenybox_devicecontroller\KIOSK\Presentation\Features\Menu\Layout\ViewModels\.globalconfig
                       c:\Users\niaci\RiderProjects\moenybox_devicecontroller\KIOSK\Presentation\Features\Menu\Layout\Views\.globalconfig
                       c:\Users\niaci\RiderProjects\moenybox_devicecontroller\KIOSK\Presentation\Features\Menu\Pages\.globalconfig
                       c:\Users\niaci\RiderProjects\moenybox_devicecontroller\KIOSK\Presentation\Features\Menu\Pages\ViewModels\.globalconfig
                       c:\Users\niaci\RiderProjects\moenybox_devicecontroller\KIOSK\Presentation\Features\Menu\Pages\Views\.globalconfig
                       c:\Users\niaci\RiderProjects\moenybox_devicecontroller\KIOSK\Presentation\Features\MenuV2\.globalconfig
                       c:\Users\niaci\RiderProjects\moenybox_devicecontroller\KIOSK\Presentation\Features\MenuV2\Layout\.globalconfig
                       c:\Users\niaci\RiderProjects\moenybox_devicecontroller\KIOSK\Presentation\Features\MenuV2\Layout\ViewModels\.globalconfig
                       c:\Users\niaci\RiderProjects\moenybox_devicecontroller\KIOSK\Presentation\Features\MenuV2\Layout\Views\.globalconfig
                       c:\Users\niaci\RiderProjects\moenybox_devicecontroller\KIOSK\Presentation\Features\MenuV2\Pages\.globalconfig
                       c:\Users\niaci\RiderProjects\moenybox_devicecontroller\KIOSK\Presentation\Features\MenuV2\Pages\ViewModels\.globalconfig
                       c:\Users\niaci\RiderProjects\moenybox_devicecontroller\KIOSK\Presentation\Features\MenuV2\Pages\Views\.globalconfig
                       c:\Users\niaci\RiderProjects\moenybox_devicecontroller\KIOSK\Presentation\Features\Startup\.globalconfig
                       c:\Users\niaci\RiderProjects\moenybox_devicecontroller\KIOSK\Presentation\Features\Startup\Layout\.globalconfig
                       c:\Users\niaci\RiderProjects\moenybox_devicecontroller\KIOSK\Presentation\Features\Startup\Layout\ViewModels\.globalconfig
                       c:\Users\niaci\RiderProjects\moenybox_devicecontroller\KIOSK\Presentation\Features\Startup\Layout\Views\.globalconfig
                       c:\Users\niaci\RiderProjects\moenybox_devicecontroller\KIOSK\Presentation\Features\Startup\Pages\.globalconfig
                       c:\Users\niaci\RiderProjects\moenybox_devicecontroller\KIOSK\Presentation\Features\Startup\Pages\ViewModels\.globalconfig
                       c:\Users\niaci\RiderProjects\moenybox_devicecontroller\KIOSK\Presentation\Features\Startup\Pages\Views\.globalconfig
                       c:\Users\niaci\RiderProjects\moenybox_devicecontroller\KIOSK\Presentation\Navigation\.globalconfig
                       c:\Users\niaci\RiderProjects\moenybox_devicecontroller\KIOSK\Presentation\Navigation\Services\.globalconfig
                       c:\Users\niaci\RiderProjects\moenybox_devicecontroller\KIOSK\Presentation\Window\.globalconfig
                       c:\Users\niaci\RiderProjects\moenybox_devicecontroller\KIOSK\Presentation\Window\Main\.globalconfig
                       c:\Users\niaci\RiderProjects\moenybox_devicecontroller\KIOSK\Presentation\Window\Main\ViewModels\.globalconfig
                       c:\Users\niaci\RiderProjects\moenybox_devicecontroller\KIOSK\Presentation\Window\Main\Views\.globalconfig
                       c:\Users\niaci\RiderProjects\moenybox_devicecontroller\KIOSK\Presentation\Window\Services\.globalconfig
                       c:\Users\niaci\RiderProjects\moenybox_devicecontroller\KIOSK\Properties\.globalconfig
                       c:\Users\niaci\RiderProjects\moenybox_devicecontroller\KIOSK\Resources\.globalconfig
                       c:\Users\niaci\RiderProjects\moenybox_devicecontroller\KIOSK\Resources\Controls\.globalconfig
                   ImplicitPackageReferenceVersion
                       Microsoft.AspNetCore.All
                           LatestVersion = 2.1.30
                           DefaultVersion = 2.1.1
                           TargetFrameworkVersion = 2.1
                       Microsoft.AspNetCore.All
                           LatestVersion = 2.2.8
                           DefaultVersion = 2.2.0
                           TargetFrameworkVersion = 2.2
                       Microsoft.AspNetCore.App
                           LatestVersion = 2.1.30
                           DefaultVersion = 2.1.1
                           TargetFrameworkVersion = 2.1
                       Microsoft.AspNetCore.App
                           LatestVersion = 2.2.8
                           DefaultVersion = 2.2.0
                           TargetFrameworkVersion = 2.2
                       Microsoft.NETCore.App
                           LatestVersion = 1.0.16
                           DefaultVersion = 1.0.5
                           TargetFrameworkVersion = 1.0
                       Microsoft.NETCore.App
                           LatestVersion = 1.1.13
                           DefaultVersion = 1.1.2
                           TargetFrameworkVersion = 1.1
                       Microsoft.NETCore.App
                           LatestVersion = 2.0.9
                           DefaultVersion = 2.0.0
                           TargetFrameworkVersion = 2.0
                       Microsoft.NETCore.App
                           LatestVersion = 2.1.30
                           DefaultVersion = 2.1.0
                           TargetFrameworkVersion = 2.1
                       Microsoft.NETCore.App
                           LatestVersion = 2.2.8
                           DefaultVersion = 2.2.0
                           TargetFrameworkVersion = 2.2
                   IntermediateAssembly
                       obj\Debug\net9.0-windows10.0.17763.0\KIOSK.dll
                   IntermediateRefAssembly
                       obj\Debug\net9.0-windows10.0.17763.0\refint\KIOSK.dll
                   KnownAppHostPack
                       Microsoft.NETCore.App
                           ExcludedRuntimeIdentifiers = android
                           AppHostRuntimeIdentifiers = linux-arm;linux-arm64;linux-musl-arm64;linux-musl-x64;linux-x64;osx-x64;tizen.4.0.0-armel;tizen.5.0.0-armel;win-arm64;win-x64;win-x86;linux-musl-arm;osx-arm64;linux-s390x;linux-loongarch64;linux-bionic-arm;linux-bionic-arm64;linux-bionic-x64;linux-bionic-x86;linux-ppc64le;freebsd-x64;freebsd-arm64;linux-riscv64;linux-musl-riscv64;linux-musl-loongarch64
                           TargetFramework = net10.0
                           AppHostPackNamePattern = Microsoft.NETCore.App.Host.**RID**
                           AppHostPackVersion = 10.0.2
                       Microsoft.NETCore.App
                           ExcludedRuntimeIdentifiers = android
                           AppHostRuntimeIdentifiers = linux-arm;linux-arm64;linux-musl-arm64;linux-musl-x64;linux-x64;osx-x64;tizen.4.0.0-armel;tizen.5.0.0-armel;win-arm64;win-x64;win-x86;linux-musl-arm;osx-arm64;linux-s390x;linux-loongarch64;linux-bionic-arm;linux-bionic-arm64;linux-bionic-x64;linux-bionic-x86;linux-ppc64le;freebsd-x64;freebsd-arm64;linux-riscv64;linux-musl-riscv64;linux-musl-loongarch64
                           TargetFramework = net9.0
                           AppHostPackNamePattern = Microsoft.NETCore.App.Host.**RID**
                           AppHostPackVersion = 9.0.12
                       Microsoft.NETCore.App
                           ExcludedRuntimeIdentifiers = android
                           AppHostRuntimeIdentifiers = linux-arm;linux-arm64;linux-musl-arm64;linux-musl-x64;linux-x64;osx-x64;tizen.4.0.0-armel;tizen.5.0.0-armel;win-arm64;win-x64;win-x86;linux-musl-arm;osx-arm64;linux-s390x;linux-loongarch64;linux-bionic-arm;linux-bionic-arm64;linux-bionic-x64;linux-bionic-x86;linux-ppc64le;freebsd-x64;freebsd-arm64
                           TargetFramework = net8.0
                           AppHostPackNamePattern = Microsoft.NETCore.App.Host.**RID**
                           AppHostPackVersion = 8.0.23
                       Microsoft.NETCore.App
                           ExcludedRuntimeIdentifiers = android
                           AppHostRuntimeIdentifiers = linux-arm;linux-arm64;linux-musl-arm64;linux-musl-x64;linux-x64;osx-x64;tizen.4.0.0-armel;tizen.5.0.0-armel;win-arm;win-arm64;win-x64;win-x86;linux-musl-arm;osx-arm64;linux-s390x;linux-loongarch64;linux-bionic-arm;linux-bionic-arm64;linux-bionic-x64;linux-bionic-x86;linux-ppc64le
                           TargetFramework = net7.0
                           AppHostPackNamePattern = Microsoft.NETCore.App.Host.**RID**
                           AppHostPackVersion = 7.0.20
                       Microsoft.NETCore.App
                           ExcludedRuntimeIdentifiers = android
                           AppHostRuntimeIdentifiers = linux-arm;linux-arm64;linux-musl-arm64;linux-musl-x64;linux-x64;osx-x64;tizen.4.0.0-armel;tizen.5.0.0-armel;win-arm;win-arm64;win-x64;win-x86;linux-musl-arm;osx-arm64;linux-s390x;linux-loongarch64
                           TargetFramework = net6.0
                           AppHostPackNamePattern = Microsoft.NETCore.App.Host.**RID**
                           AppHostPackVersion = 6.0.36
                       Microsoft.NETCore.App
                           AppHostRuntimeIdentifiers = linux-arm;linux-arm64;linux-musl-arm64;linux-musl-x64;linux-x64;osx-x64;tizen.4.0.0-armel;tizen.5.0.0-armel;win-arm;win-arm64;win-x64;win-x86;linux-musl-arm
                           TargetFramework = net5.0
                           AppHostPackNamePattern = Microsoft.NETCore.App.Host.**RID**
                           AppHostPackVersion = 5.0.17
                       Microsoft.NETCore.App
                           AppHostRuntimeIdentifiers = linux-arm;linux-arm64;linux-musl-arm64;linux-musl-x64;linux-x64;osx-x64;tizen.4.0.0-armel;tizen.5.0.0-armel;win-arm;win-arm64;win-x64;win-x86
                           TargetFramework = netcoreapp3.1
                           AppHostPackNamePattern = Microsoft.NETCore.App.Host.**RID**
                           AppHostPackVersion = 3.1.32
                       Microsoft.NETCore.App
                           AppHostRuntimeIdentifiers = linux-arm;linux-arm64;linux-musl-arm64;linux-musl-x64;linux-x64;osx-x64;tizen.4.0.0-armel;tizen.5.0.0-armel;win-arm;win-arm64;win-x64;win-x86
                           TargetFramework = netcoreapp3.0
                           AppHostPackNamePattern = Microsoft.NETCore.App.Host.**RID**
                           AppHostPackVersion = 3.0.3
                   KnownAspNetCorePack
                       Microsoft.AspNetCore.App.Internal.Assets
                           TargetFramework = net10.0
                           AspNetCorePackVersion = 10.0.2
                   KnownCrossgen2Pack
                       Microsoft.NETCore.App.Crossgen2
                           Crossgen2RuntimeIdentifiers = linux-musl-x64;linux-x64;win-x64;linux-arm;linux-arm64;linux-musl-arm;linux-musl-arm64;osx-arm64;osx-x64;win-arm64;win-x86;freebsd-x64;freebsd-arm64;linux-riscv64;linux-musl-riscv64;linux-loongarch64;linux-musl-loongarch64
                           TargetFramework = net10.0
                           Crossgen2PackNamePattern = Microsoft.NETCore.App.Crossgen2.**RID**
                           Crossgen2PackVersion = 10.0.2
                           Crossgen2PortableRuntimeIdentifiers = linux-musl-x64;linux-x64;win-x64;linux-arm;linux-arm64;linux-musl-arm;linux-musl-arm64;osx-arm64;osx-x64;win-arm64;win-x86;freebsd-x64;freebsd-arm64;linux-riscv64;linux-musl-riscv64;linux-loongarch64;linux-musl-loongarch64
                       Microsoft.NETCore.App.Crossgen2
                           Crossgen2RuntimeIdentifiers = linux-musl-x64;linux-x64;win-x64;linux-arm;linux-arm64;linux-musl-arm;linux-musl-arm64;osx-arm64;osx-x64;win-arm64;win-x86;freebsd-x64;freebsd-arm64;linux-riscv64;linux-musl-riscv64;linux-loongarch64;linux-musl-loongarch64
                           TargetFramework = net9.0
                           Crossgen2PackNamePattern = Microsoft.NETCore.App.Crossgen2.**RID**
                           Crossgen2PackVersion = 9.0.12
                       Microsoft.NETCore.App.Crossgen2
                           Crossgen2RuntimeIdentifiers = linux-musl-x64;linux-x64;win-x64;linux-arm;linux-arm64;linux-musl-arm;linux-musl-arm64;osx-arm64;osx-x64;win-arm64;win-x86;freebsd-x64;freebsd-arm64
                           TargetFramework = net8.0
                           Crossgen2PackNamePattern = Microsoft.NETCore.App.Crossgen2.**RID**
                           Crossgen2PackVersion = 8.0.23
                       Microsoft.NETCore.App.Crossgen2
                           Crossgen2RuntimeIdentifiers = linux-musl-x64;linux-x64;win-x64;linux-arm;linux-arm64;linux-musl-arm;linux-musl-arm64;osx-arm64;osx-x64;win-arm;win-arm64;win-x86
                           TargetFramework = net7.0
                           Crossgen2PackNamePattern = Microsoft.NETCore.App.Crossgen2.**RID**
                           Crossgen2PackVersion = 7.0.20
                       Microsoft.NETCore.App.Crossgen2
                           Crossgen2RuntimeIdentifiers = linux-musl-x64;linux-x64;win-x64;linux-arm;linux-arm64;linux-musl-arm;linux-musl-arm64;osx-arm64;osx-x64;win-arm;win-arm64;win-x86
                           TargetFramework = net6.0
                           Crossgen2PackNamePattern = Microsoft.NETCore.App.Crossgen2.**RID**
                           Crossgen2PackVersion = 6.0.36
                       Microsoft.NETCore.App.Crossgen2
                           Crossgen2RuntimeIdentifiers = linux-musl-x64;linux-x64;win-x64
                           TargetFramework = net5.0
                           Crossgen2PackNamePattern = Microsoft.NETCore.App.Crossgen2.**RID**
                           Crossgen2PackVersion = 5.0.17
                   KnownFrameworkReference
                       Microsoft.AspNetCore.App
                           TargetFramework = netcoreapp3.1
                           DefaultRuntimeFrameworkVersion = 3.1.0
                           TargetingPackName = Microsoft.AspNetCore.App.Ref
                           LatestRuntimeFrameworkVersion = 3.1.32
                           RuntimePackRuntimeIdentifiers = win-x64;win-x86;win-arm;osx-x64;linux-musl-x64;linux-musl-arm64;linux-x64;linux-arm;linux-arm64
                           RuntimePackNamePatterns = Microsoft.AspNetCore.App.Runtime.**RID**
                           TargetingPackVersion = 3.1.10
                           RuntimeFrameworkName = Microsoft.AspNetCore.App
                       Microsoft.AspNetCore.App
                           TargetFramework = net10.0
                           DefaultRuntimeFrameworkVersion = 10.0.0
                           TargetingPackName = Microsoft.AspNetCore.App.Ref
                           LatestRuntimeFrameworkVersion = 10.0.2
                           RuntimePackExcludedRuntimeIdentifiers = android;linux-bionic
                           RuntimePackRuntimeIdentifiers = win-x64;win-x86;osx-x64;linux-musl-x64;linux-musl-arm64;linux-x64;linux-arm;linux-arm64;linux-musl-arm;win-arm64;osx-arm64;linux-s390x;linux-loongarch64;linux-ppc64le;freebsd-x64;freebsd-arm64;linux-riscv64;linux-musl-riscv64;linux-loongarch64;linux-musl-loongarch64
                           RuntimePackNamePatterns = Microsoft.AspNetCore.App.Runtime.**RID**
                           TargetingPackVersion = 10.0.2
                           RuntimeFrameworkName = Microsoft.AspNetCore.App
                       Microsoft.AspNetCore.App
                           TargetFramework = net5.0
                           DefaultRuntimeFrameworkVersion = 5.0.0
                           TargetingPackName = Microsoft.AspNetCore.App.Ref
                           LatestRuntimeFrameworkVersion = 5.0.17
                           RuntimePackRuntimeIdentifiers = win-x64;win-x86;win-arm;osx-x64;linux-musl-x64;linux-musl-arm64;linux-x64;linux-arm;linux-arm64;linux-musl-arm;win-arm64
                           RuntimePackNamePatterns = Microsoft.AspNetCore.App.Runtime.**RID**
                           TargetingPackVersion = 5.0.0
                           RuntimeFrameworkName = Microsoft.AspNetCore.App
                       Microsoft.AspNetCore.App
                           TargetFramework = net6.0
                           DefaultRuntimeFrameworkVersion = 6.0.0
                           TargetingPackName = Microsoft.AspNetCore.App.Ref
                           LatestRuntimeFrameworkVersion = 6.0.36
                           RuntimePackRuntimeIdentifiers = win-x64;win-x86;win-arm;osx-x64;linux-musl-x64;linux-musl-arm64;linux-x64;linux-arm;linux-arm64;linux-musl-arm;win-arm64;osx-arm64;linux-s390x;linux-loongarch64
                           RuntimePackNamePatterns = Microsoft.AspNetCore.App.Runtime.**RID**
                           TargetingPackVersion = 6.0.36
                           RuntimeFrameworkName = Microsoft.AspNetCore.App
                       Microsoft.AspNetCore.App
                           TargetFramework = netcoreapp3.0
                           DefaultRuntimeFrameworkVersion = 3.0.0
                           TargetingPackName = Microsoft.AspNetCore.App.Ref
                           LatestRuntimeFrameworkVersion = 3.0.3
                           RuntimePackRuntimeIdentifiers = win-x64;win-x86;win-arm;osx-x64;linux-musl-x64;linux-musl-arm64;linux-x64;linux-arm;linux-arm64
                           RuntimePackNamePatterns = Microsoft.AspNetCore.App.Runtime.**RID**
                           TargetingPackVersion = 3.0.1
                           RuntimeFrameworkName = Microsoft.AspNetCore.App
                       Microsoft.AspNetCore.App
                           TargetFramework = net9.0
                           DefaultRuntimeFrameworkVersion = 9.0.0
                           TargetingPackName = Microsoft.AspNetCore.App.Ref
                           LatestRuntimeFrameworkVersion = 9.0.12
                           RuntimePackExcludedRuntimeIdentifiers = android;linux-bionic
                           RuntimePackRuntimeIdentifiers = win-x64;win-x86;osx-x64;linux-musl-x64;linux-musl-arm64;linux-x64;linux-arm;linux-arm64;linux-musl-arm;win-arm64;osx-arm64;linux-s390x;linux-loongarch64;linux-ppc64le;freebsd-x64;freebsd-arm64;linux-riscv64;linux-musl-riscv64;linux-loongarch64;linux-musl-loongarch64
                           RuntimePackNamePatterns = Microsoft.AspNetCore.App.Runtime.**RID**
                           TargetingPackVersion = 9.0.12
                           RuntimeFrameworkName = Microsoft.AspNetCore.App
                       Microsoft.AspNetCore.App
                           TargetFramework = net7.0
                           DefaultRuntimeFrameworkVersion = 7.0.0
                           TargetingPackName = Microsoft.AspNetCore.App.Ref
                           LatestRuntimeFrameworkVersion = 7.0.20
                           RuntimePackExcludedRuntimeIdentifiers = android
                           RuntimePackRuntimeIdentifiers = win-x64;win-x86;win-arm;osx-x64;linux-musl-x64;linux-musl-arm64;linux-x64;linux-arm;linux-arm64;linux-musl-arm;win-arm64;osx-arm64;linux-s390x;linux-loongarch64;linux-ppc64le
                           RuntimePackNamePatterns = Microsoft.AspNetCore.App.Runtime.**RID**
                           TargetingPackVersion = 7.0.20
                           RuntimeFrameworkName = Microsoft.AspNetCore.App
                       Microsoft.AspNetCore.App
                           TargetFramework = net8.0
                           DefaultRuntimeFrameworkVersion = 8.0.0
                           TargetingPackName = Microsoft.AspNetCore.App.Ref
                           LatestRuntimeFrameworkVersion = 8.0.23
                           RuntimePackExcludedRuntimeIdentifiers = android;linux-bionic
                           RuntimePackRuntimeIdentifiers = win-x64;win-x86;osx-x64;linux-musl-x64;linux-musl-arm64;linux-x64;linux-arm;linux-arm64;linux-musl-arm;win-arm64;osx-arm64;linux-s390x;linux-loongarch64;linux-ppc64le;freebsd-x64;freebsd-arm64
                           RuntimePackNamePatterns = Microsoft.AspNetCore.App.Runtime.**RID**
                           TargetingPackVersion = 8.0.23
                           RuntimeFrameworkName = Microsoft.AspNetCore.App
                       Microsoft.NETCore.App
                           TargetFramework = net10.0
                           DefaultRuntimeFrameworkVersion = 10.0.0
                           TargetingPackName = Microsoft.NETCore.App.Ref
                           LatestRuntimeFrameworkVersion = 10.0.2
                           RuntimePackRuntimeIdentifiers = linux-arm;linux-arm64;linux-musl-arm64;linux-musl-x64;linux-x64;osx-x64;tizen.4.0.0-armel;tizen.5.0.0-armel;win-arm64;win-x64;win-x86;linux-musl-arm;osx-arm64;linux-s390x;linux-loongarch64;linux-bionic-arm;linux-bionic-arm64;linux-bionic-x64;linux-bionic-x86;linux-ppc64le;freebsd-x64;freebsd-arm64;linux-riscv64;linux-musl-riscv64;linux-musl-loongarch64;android-arm64;android-x64
                           RuntimePackNamePatterns = Microsoft.NETCore.App.Runtime.**RID**
                           TargetingPackVersion = 10.0.2
                           RuntimeFrameworkName = Microsoft.NETCore.App
                       Microsoft.NETCore.App
                           TargetFramework = netcoreapp3.0
                           DefaultRuntimeFrameworkVersion = 3.0.0
                           TargetingPackName = Microsoft.NETCore.App.Ref
                           LatestRuntimeFrameworkVersion = 3.0.3
                           RuntimePackRuntimeIdentifiers = linux-arm;linux-arm64;linux-musl-arm64;linux-musl-x64;linux-x64;osx-x64;tizen.4.0.0-armel;tizen.5.0.0-armel;win-arm;win-arm64;win-x64;win-x86
                           RuntimePackNamePatterns = Microsoft.NETCore.App.Runtime.**RID**
                           TargetingPackVersion = 3.0.0
                           IsTrimmable = true
                           RuntimeFrameworkName = Microsoft.NETCore.App
                       Microsoft.NETCore.App
                           TargetFramework = netcoreapp3.1
                           DefaultRuntimeFrameworkVersion = 3.1.0
                           TargetingPackName = Microsoft.NETCore.App.Ref
                           LatestRuntimeFrameworkVersion = 3.1.32
                           RuntimePackRuntimeIdentifiers = linux-arm;linux-arm64;linux-musl-arm64;linux-musl-x64;linux-x64;osx-x64;tizen.4.0.0-armel;tizen.5.0.0-armel;win-arm;win-arm64;win-x64;win-x86
                           RuntimePackNamePatterns = Microsoft.NETCore.App.Runtime.**RID**
                           TargetingPackVersion = 3.1.0
                           IsTrimmable = true
                           RuntimeFrameworkName = Microsoft.NETCore.App
                       Microsoft.NETCore.App
                           TargetFramework = net5.0
                           DefaultRuntimeFrameworkVersion = 5.0.0
                           TargetingPackName = Microsoft.NETCore.App.Ref
                           LatestRuntimeFrameworkVersion = 5.0.17
                           RuntimePackRuntimeIdentifiers = linux-arm;linux-arm64;linux-musl-arm64;linux-musl-x64;linux-x64;osx-x64;tizen.4.0.0-armel;tizen.5.0.0-armel;win-arm;win-arm64;win-x64;win-x86;linux-musl-arm;browser-wasm
                           RuntimePackNamePatterns = Microsoft.NETCore.App.Runtime.**RID**
                           TargetingPackVersion = 5.0.0
                           IsTrimmable = true
                           RuntimeFrameworkName = Microsoft.NETCore.App
                       Microsoft.NETCore.App
                           TargetFramework = net7.0
                           DefaultRuntimeFrameworkVersion = 7.0.0
                           TargetingPackName = Microsoft.NETCore.App.Ref
                           LatestRuntimeFrameworkVersion = 7.0.20
                           RuntimePackRuntimeIdentifiers = linux-arm;linux-arm64;linux-musl-arm64;linux-musl-x64;linux-x64;osx-x64;tizen.4.0.0-armel;tizen.5.0.0-armel;win-arm;win-arm64;win-x64;win-x86;linux-musl-arm;osx-arm64;linux-s390x;linux-loongarch64;linux-bionic-arm;linux-bionic-arm64;linux-bionic-x64;linux-bionic-x86;linux-ppc64le
                           RuntimePackNamePatterns = Microsoft.NETCore.App.Runtime.**RID**
                           TargetingPackVersion = 7.0.20
                           RuntimeFrameworkName = Microsoft.NETCore.App
                       Microsoft.NETCore.App
                           TargetFramework = net6.0
                           DefaultRuntimeFrameworkVersion = 6.0.0
                           TargetingPackName = Microsoft.NETCore.App.Ref
                           LatestRuntimeFrameworkVersion = 6.0.36
                           RuntimePackRuntimeIdentifiers = linux-arm;linux-arm64;linux-musl-arm64;linux-musl-x64;linux-x64;osx-x64;tizen.4.0.0-armel;tizen.5.0.0-armel;win-arm;win-arm64;win-x64;win-x86;linux-musl-arm;osx-arm64;linux-s390x;linux-loongarch64
                           RuntimePackNamePatterns = Microsoft.NETCore.App.Runtime.**RID**
                           TargetingPackVersion = 6.0.36
                           RuntimeFrameworkName = Microsoft.NETCore.App
                       Microsoft.NETCore.App
                           TargetFramework = net8.0
                           DefaultRuntimeFrameworkVersion = 8.0.0
                           TargetingPackName = Microsoft.NETCore.App.Ref
                           LatestRuntimeFrameworkVersion = 8.0.23
                           RuntimePackRuntimeIdentifiers = linux-arm;linux-arm64;linux-musl-arm64;linux-musl-x64;linux-x64;osx-x64;tizen.4.0.0-armel;tizen.5.0.0-armel;win-arm64;win-x64;win-x86;linux-musl-arm;osx-arm64;linux-s390x;linux-loongarch64;linux-bionic-arm;linux-bionic-arm64;linux-bionic-x64;linux-bionic-x86;linux-ppc64le;freebsd-x64;freebsd-arm64
                           RuntimePackNamePatterns = Microsoft.NETCore.App.Runtime.**RID**
                           TargetingPackVersion = 8.0.23
                           RuntimeFrameworkName = Microsoft.NETCore.App
                       Microsoft.NETCore.App
                           TargetFramework = net9.0
                           DefaultRuntimeFrameworkVersion = 9.0.0
                           TargetingPackName = Microsoft.NETCore.App.Ref
                           LatestRuntimeFrameworkVersion = 9.0.12
                           RuntimePackRuntimeIdentifiers = linux-arm;linux-arm64;linux-musl-arm64;linux-musl-x64;linux-x64;osx-x64;tizen.4.0.0-armel;tizen.5.0.0-armel;win-arm64;win-x64;win-x86;linux-musl-arm;osx-arm64;linux-s390x;linux-loongarch64;linux-bionic-arm;linux-bionic-arm64;linux-bionic-x64;linux-bionic-x86;linux-ppc64le;freebsd-x64;freebsd-arm64;linux-riscv64;linux-musl-riscv64;linux-musl-loongarch64
                           RuntimePackNamePatterns = Microsoft.NETCore.App.Runtime.**RID**
                           TargetingPackVersion = 9.0.12
                           RuntimeFrameworkName = Microsoft.NETCore.App
                       Microsoft.WindowsDesktop.App
                           TargetFramework = net8.0
                           DefaultRuntimeFrameworkVersion = 8.0.0
                           TargetingPackName = Microsoft.WindowsDesktop.App.Ref
                           IsWindowsOnly = true
                           LatestRuntimeFrameworkVersion = 8.0.23
                           RuntimePackRuntimeIdentifiers = win-x64;win-x86;win-arm64
                           RuntimePackNamePatterns = Microsoft.WindowsDesktop.App.Runtime.**RID**
                           TargetingPackVersion = 8.0.23
                           RuntimeFrameworkName = Microsoft.WindowsDesktop.App
                       Microsoft.WindowsDesktop.App
                           TargetFramework = net7.0
                           DefaultRuntimeFrameworkVersion = 7.0.0
                           TargetingPackName = Microsoft.WindowsDesktop.App.Ref
                           IsWindowsOnly = true
                           LatestRuntimeFrameworkVersion = 7.0.20
                           RuntimePackRuntimeIdentifiers = win-x64;win-x86;win-arm64
                           RuntimePackNamePatterns = Microsoft.WindowsDesktop.App.Runtime.**RID**
                           TargetingPackVersion = 7.0.20
                           RuntimeFrameworkName = Microsoft.WindowsDesktop.App
                       Microsoft.WindowsDesktop.App
                           TargetFramework = netcoreapp3.1
                           DefaultRuntimeFrameworkVersion = 3.1.0
                           TargetingPackName = Microsoft.WindowsDesktop.App.Ref
                           IsWindowsOnly = true
                           LatestRuntimeFrameworkVersion = 3.1.32
                           RuntimePackRuntimeIdentifiers = win-x64;win-x86
                           RuntimePackNamePatterns = Microsoft.WindowsDesktop.App.Runtime.**RID**
                           TargetingPackVersion = 3.1.0
                           RuntimeFrameworkName = Microsoft.WindowsDesktop.App
                       Microsoft.WindowsDesktop.App
                           TargetFramework = net6.0
                           DefaultRuntimeFrameworkVersion = 6.0.0
                           TargetingPackName = Microsoft.WindowsDesktop.App.Ref
                           IsWindowsOnly = true
                           LatestRuntimeFrameworkVersion = 6.0.36
                           RuntimePackRuntimeIdentifiers = win-x64;win-x86;win-arm64
                           RuntimePackNamePatterns = Microsoft.WindowsDesktop.App.Runtime.**RID**
                           TargetingPackVersion = 6.0.36
                           RuntimeFrameworkName = Microsoft.WindowsDesktop.App
                       Microsoft.WindowsDesktop.App
                           TargetFramework = net10.0
                           DefaultRuntimeFrameworkVersion = 10.0.0
                           TargetingPackName = Microsoft.WindowsDesktop.App.Ref
                           IsWindowsOnly = true
                           LatestRuntimeFrameworkVersion = 10.0.2
                           RuntimePackRuntimeIdentifiers = win-x64;win-x86;win-arm64
                           RuntimePackNamePatterns = Microsoft.WindowsDesktop.App.Runtime.**RID**
                           TargetingPackVersion = 10.0.2
                           RuntimeFrameworkName = Microsoft.WindowsDesktop.App
                       Microsoft.WindowsDesktop.App
                           TargetFramework = netcoreapp3.0
                           DefaultRuntimeFrameworkVersion = 3.0.0
                           TargetingPackName = Microsoft.WindowsDesktop.App.Ref
                           IsWindowsOnly = true
                           LatestRuntimeFrameworkVersion = 3.0.3
                           RuntimePackRuntimeIdentifiers = win-x64;win-x86
                           RuntimePackNamePatterns = Microsoft.WindowsDesktop.App.Runtime.**RID**
                           TargetingPackVersion = 3.0.0
                           RuntimeFrameworkName = Microsoft.WindowsDesktop.App
                       Microsoft.WindowsDesktop.App
                           TargetFramework = net9.0
                           DefaultRuntimeFrameworkVersion = 9.0.0
                           TargetingPackName = Microsoft.WindowsDesktop.App.Ref
                           IsWindowsOnly = true
                           LatestRuntimeFrameworkVersion = 9.0.12
                           RuntimePackRuntimeIdentifiers = win-x64;win-x86;win-arm64
                           RuntimePackNamePatterns = Microsoft.WindowsDesktop.App.Runtime.**RID**
                           TargetingPackVersion = 9.0.12
                           RuntimeFrameworkName = Microsoft.WindowsDesktop.App
                       Microsoft.WindowsDesktop.App
                           TargetFramework = net5.0
                           DefaultRuntimeFrameworkVersion = 5.0.0
                           TargetingPackName = Microsoft.WindowsDesktop.App.Ref
                           IsWindowsOnly = true
                           LatestRuntimeFrameworkVersion = 5.0.17
                           RuntimePackRuntimeIdentifiers = win-x64;win-x86;win-arm64
                           RuntimePackNamePatterns = Microsoft.WindowsDesktop.App.Runtime.**RID**
                           TargetingPackVersion = 5.0.0
                           RuntimeFrameworkName = Microsoft.WindowsDesktop.App
                       Microsoft.WindowsDesktop.App.WindowsForms
                           TargetFramework = net6.0
                           DefaultRuntimeFrameworkVersion = 6.0.0
                           TargetingPackName = Microsoft.WindowsDesktop.App.Ref
                           IsWindowsOnly = true
                           LatestRuntimeFrameworkVersion = 6.0.36
                           RuntimePackRuntimeIdentifiers = win-x64;win-x86;win-arm64
                           RuntimePackNamePatterns = Microsoft.WindowsDesktop.App.Runtime.**RID**
                           TargetingPackVersion = 6.0.36
                           Profile = WindowsForms
                           RuntimeFrameworkName = Microsoft.WindowsDesktop.App
                       Microsoft.WindowsDesktop.App.WindowsForms
                           TargetFramework = net10.0
                           DefaultRuntimeFrameworkVersion = 10.0.0
                           TargetingPackName = Microsoft.WindowsDesktop.App.Ref
                           IsWindowsOnly = true
                           LatestRuntimeFrameworkVersion = 10.0.2
                           RuntimePackRuntimeIdentifiers = win-x64;win-x86;win-arm64
                           RuntimePackNamePatterns = Microsoft.WindowsDesktop.App.Runtime.**RID**
                           TargetingPackVersion = 10.0.2
                           Profile = WindowsForms
                           RuntimeFrameworkName = Microsoft.WindowsDesktop.App
                       Microsoft.WindowsDesktop.App.WindowsForms
                           TargetFramework = net5.0
                           DefaultRuntimeFrameworkVersion = 5.0.0
                           TargetingPackName = Microsoft.WindowsDesktop.App.Ref
                           IsWindowsOnly = true
                           LatestRuntimeFrameworkVersion = 5.0.17
                           RuntimePackRuntimeIdentifiers = win-x64;win-x86;win-arm64
                           RuntimePackNamePatterns = Microsoft.WindowsDesktop.App.Runtime.**RID**
                           TargetingPackVersion = 5.0.0
                           Profile = WindowsForms
                           RuntimeFrameworkName = Microsoft.WindowsDesktop.App
                       Microsoft.WindowsDesktop.App.WindowsForms
                           TargetFramework = netcoreapp3.1
                           DefaultRuntimeFrameworkVersion = 3.1.0
                           TargetingPackName = Microsoft.WindowsDesktop.App.Ref
                           IsWindowsOnly = true
                           LatestRuntimeFrameworkVersion = 3.1.32
                           RuntimePackRuntimeIdentifiers = win-x64;win-x86
                           RuntimePackNamePatterns = Microsoft.WindowsDesktop.App.Runtime.**RID**
                           TargetingPackVersion = 3.1.0
                           Profile = WindowsForms
                           RuntimeFrameworkName = Microsoft.WindowsDesktop.App
                       Microsoft.WindowsDesktop.App.WindowsForms
                           TargetFramework = net9.0
                           DefaultRuntimeFrameworkVersion = 9.0.0
                           TargetingPackName = Microsoft.WindowsDesktop.App.Ref
                           IsWindowsOnly = true
                           LatestRuntimeFrameworkVersion = 9.0.12
                           RuntimePackRuntimeIdentifiers = win-x64;win-x86;win-arm64
                           RuntimePackNamePatterns = Microsoft.WindowsDesktop.App.Runtime.**RID**
                           TargetingPackVersion = 9.0.12
                           Profile = WindowsForms
                           RuntimeFrameworkName = Microsoft.WindowsDesktop.App
                       Microsoft.WindowsDesktop.App.WindowsForms
                           TargetFramework = net7.0
                           DefaultRuntimeFrameworkVersion = 7.0.0
                           TargetingPackName = Microsoft.WindowsDesktop.App.Ref
                           IsWindowsOnly = true
                           LatestRuntimeFrameworkVersion = 7.0.20
                           RuntimePackRuntimeIdentifiers = win-x64;win-x86;win-arm64
                           RuntimePackNamePatterns = Microsoft.WindowsDesktop.App.Runtime.**RID**
                           TargetingPackVersion = 7.0.20
                           Profile = WindowsForms
                           RuntimeFrameworkName = Microsoft.WindowsDesktop.App
                       Microsoft.WindowsDesktop.App.WindowsForms
                           TargetFramework = netcoreapp3.0
                           DefaultRuntimeFrameworkVersion = 3.0.0
                           TargetingPackName = Microsoft.WindowsDesktop.App.Ref
                           IsWindowsOnly = true
                           LatestRuntimeFrameworkVersion = 3.0.3
                           RuntimePackRuntimeIdentifiers = win-x64;win-x86
                           RuntimePackNamePatterns = Microsoft.WindowsDesktop.App.Runtime.**RID**
                           TargetingPackVersion = 3.0.0
                           Profile = WindowsForms
                           RuntimeFrameworkName = Microsoft.WindowsDesktop.App
                       Microsoft.WindowsDesktop.App.WindowsForms
                           TargetFramework = net8.0
                           DefaultRuntimeFrameworkVersion = 8.0.0
                           TargetingPackName = Microsoft.WindowsDesktop.App.Ref
                           IsWindowsOnly = true
                           LatestRuntimeFrameworkVersion = 8.0.23
                           RuntimePackRuntimeIdentifiers = win-x64;win-x86;win-arm64
                           RuntimePackNamePatterns = Microsoft.WindowsDesktop.App.Runtime.**RID**
                           TargetingPackVersion = 8.0.23
                           Profile = WindowsForms
                           RuntimeFrameworkName = Microsoft.WindowsDesktop.App
                       Microsoft.WindowsDesktop.App.WPF
                           TargetFramework = netcoreapp3.0
                           DefaultRuntimeFrameworkVersion = 3.0.0
                           TargetingPackName = Microsoft.WindowsDesktop.App.Ref
                           IsWindowsOnly = true
                           LatestRuntimeFrameworkVersion = 3.0.3
                           RuntimePackRuntimeIdentifiers = win-x64;win-x86
                           RuntimePackNamePatterns = Microsoft.WindowsDesktop.App.Runtime.**RID**
                           TargetingPackVersion = 3.0.0
                           Profile = WPF
                           RuntimeFrameworkName = Microsoft.WindowsDesktop.App
                       Microsoft.WindowsDesktop.App.WPF
                           TargetFramework = net8.0
                           DefaultRuntimeFrameworkVersion = 8.0.0
                           TargetingPackName = Microsoft.WindowsDesktop.App.Ref
                           IsWindowsOnly = true
                           LatestRuntimeFrameworkVersion = 8.0.23
                           RuntimePackRuntimeIdentifiers = win-x64;win-x86;win-arm64
                           RuntimePackNamePatterns = Microsoft.WindowsDesktop.App.Runtime.**RID**
                           TargetingPackVersion = 8.0.23
                           Profile = WPF
                           RuntimeFrameworkName = Microsoft.WindowsDesktop.App
                       Microsoft.WindowsDesktop.App.WPF
                           TargetFramework = net5.0
                           DefaultRuntimeFrameworkVersion = 5.0.0
                           TargetingPackName = Microsoft.WindowsDesktop.App.Ref
                           IsWindowsOnly = true
                           LatestRuntimeFrameworkVersion = 5.0.17
                           RuntimePackRuntimeIdentifiers = win-x64;win-x86;win-arm64
                           RuntimePackNamePatterns = Microsoft.WindowsDesktop.App.Runtime.**RID**
                           TargetingPackVersion = 5.0.0
                           Profile = WPF
                           RuntimeFrameworkName = Microsoft.WindowsDesktop.App
                       Microsoft.WindowsDesktop.App.WPF
                           TargetFramework = netcoreapp3.1
                           DefaultRuntimeFrameworkVersion = 3.1.0
                           TargetingPackName = Microsoft.WindowsDesktop.App.Ref
                           IsWindowsOnly = true
                           LatestRuntimeFrameworkVersion = 3.1.32
                           RuntimePackRuntimeIdentifiers = win-x64;win-x86
                           RuntimePackNamePatterns = Microsoft.WindowsDesktop.App.Runtime.**RID**
                           TargetingPackVersion = 3.1.0
                           Profile = WPF
                           RuntimeFrameworkName = Microsoft.WindowsDesktop.App
                       Microsoft.WindowsDesktop.App.WPF
                           TargetFramework = net9.0
                           DefaultRuntimeFrameworkVersion = 9.0.0
                           TargetingPackName = Microsoft.WindowsDesktop.App.Ref
                           IsWindowsOnly = true
                           LatestRuntimeFrameworkVersion = 9.0.12
                           RuntimePackRuntimeIdentifiers = win-x64;win-x86;win-arm64
                           RuntimePackNamePatterns = Microsoft.WindowsDesktop.App.Runtime.**RID**
                           TargetingPackVersion = 9.0.12
                           Profile = WPF
                           RuntimeFrameworkName = Microsoft.WindowsDesktop.App
                       Microsoft.WindowsDesktop.App.WPF
                           TargetFramework = net6.0
                           DefaultRuntimeFrameworkVersion = 6.0.0
                           TargetingPackName = Microsoft.WindowsDesktop.App.Ref
                           IsWindowsOnly = true
                           LatestRuntimeFrameworkVersion = 6.0.36
                           RuntimePackRuntimeIdentifiers = win-x64;win-x86;win-arm64
                           RuntimePackNamePatterns = Microsoft.WindowsDesktop.App.Runtime.**RID**
                           TargetingPackVersion = 6.0.36
                           Profile = WPF
                           RuntimeFrameworkName = Microsoft.WindowsDesktop.App
                       Microsoft.WindowsDesktop.App.WPF
                           TargetFramework = net7.0
                           DefaultRuntimeFrameworkVersion = 7.0.0
                           TargetingPackName = Microsoft.WindowsDesktop.App.Ref
                           IsWindowsOnly = true
                           LatestRuntimeFrameworkVersion = 7.0.20
                           RuntimePackRuntimeIdentifiers = win-x64;win-x86;win-arm64
                           RuntimePackNamePatterns = Microsoft.WindowsDesktop.App.Runtime.**RID**
                           TargetingPackVersion = 7.0.20
                           Profile = WPF
                           RuntimeFrameworkName = Microsoft.WindowsDesktop.App
                       Microsoft.WindowsDesktop.App.WPF
                           TargetFramework = net10.0
                           DefaultRuntimeFrameworkVersion = 10.0.0
                           TargetingPackName = Microsoft.WindowsDesktop.App.Ref
                           IsWindowsOnly = true
                           LatestRuntimeFrameworkVersion = 10.0.2
                           RuntimePackRuntimeIdentifiers = win-x64;win-x86;win-arm64
                           RuntimePackNamePatterns = Microsoft.WindowsDesktop.App.Runtime.**RID**
                           TargetingPackVersion = 10.0.2
                           Profile = WPF
                           RuntimeFrameworkName = Microsoft.WindowsDesktop.App
                       NETStandard.Library
                           TargetFramework = netstandard2.1
                           TargetingPackName = NETStandard.Library.Ref
                           TargetingPackVersion = 2.1.0
                   KnownILCompilerPack
                       Microsoft.DotNet.ILCompiler
                           ILCompilerPackNamePattern = runtime.**RID**.Microsoft.DotNet.ILCompiler
                           ILCompilerRuntimePackNamePattern = Microsoft.NETCore.App.Runtime.NativeAOT.**RID**
                           TargetFramework = net10.0
                           ILCompilerPackVersion = 10.0.2
                           ILCompilerRuntimeIdentifiers = linux-arm64;linux-musl-arm64;linux-musl-x64;linux-x64;win-arm64;win-x64;osx-x64;osx-arm64;freebsd-x64;freebsd-arm64;linux-arm;linux-musl-arm;linux-loongarch64;linux-musl-loongarch64;win-x86;linux-riscv64;linux-musl-riscv64
                           ILCompilerPortableRuntimeIdentifiers = linux-arm64;linux-musl-arm64;linux-musl-x64;linux-x64;win-arm64;win-x64;osx-x64;osx-arm64;freebsd-x64;freebsd-arm64;linux-arm;linux-musl-arm;linux-loongarch64;linux-musl-loongarch64;win-x86;linux-riscv64;linux-musl-riscv64
                       Microsoft.DotNet.ILCompiler
                           ILCompilerPackNamePattern = runtime.**RID**.Microsoft.DotNet.ILCompiler
                           TargetFramework = net9.0
                           ILCompilerPackVersion = 9.0.12
                           ILCompilerRuntimeIdentifiers = linux-arm64;linux-musl-arm64;linux-musl-x64;linux-x64;win-arm64;win-x64;osx-x64;osx-arm64;freebsd-x64;freebsd-arm64;linux-arm;linux-musl-arm;linux-loongarch64;linux-musl-loongarch64;win-x86
                       Microsoft.DotNet.ILCompiler
                           ILCompilerPackNamePattern = runtime.**RID**.Microsoft.DotNet.ILCompiler
                           TargetFramework = net8.0
                           ILCompilerPackVersion = 8.0.23
                           ILCompilerRuntimeIdentifiers = linux-arm64;linux-musl-arm64;linux-musl-x64;linux-x64;win-arm64;win-x64;osx-x64;osx-arm64;freebsd-x64;freebsd-arm64
                       Microsoft.DotNet.ILCompiler
                           ILCompilerPackNamePattern = runtime.**RID**.Microsoft.DotNet.ILCompiler
                           TargetFramework = net7.0
                           ILCompilerPackVersion = 7.0.20
                           ILCompilerRuntimeIdentifiers = linux-arm64;linux-musl-arm64;linux-musl-x64;linux-x64;win-arm64;win-x64
                   KnownILLinkPack
                       Microsoft.NET.ILLink.Tasks
                           TargetFramework = net10.0
                           ILLinkPackVersion = 10.0.2
                       Microsoft.NET.ILLink.Tasks
                           TargetFramework = net9.0
                           ILLinkPackVersion = 9.0.12
                       Microsoft.NET.ILLink.Tasks
                           TargetFramework = net8.0
                           ILLinkPackVersion = 8.0.23
                       Microsoft.NET.ILLink.Tasks
                           TargetFramework = net7.0
                           ILLinkPackVersion = 7.0.100-1.23211.1
                       Microsoft.NET.ILLink.Tasks
                           TargetFramework = net6.0
                           ILLinkPackVersion = 7.0.100-1.23211.1
                       Microsoft.NET.ILLink.Tasks
                           TargetFramework = net5.0
                           ILLinkPackVersion = 7.0.100-1.23211.1
                       Microsoft.NET.ILLink.Tasks
                           TargetFramework = netcoreapp3.1
                           ILLinkPackVersion = 7.0.100-1.23211.1
                       Microsoft.NET.ILLink.Tasks
                           TargetFramework = netcoreapp3.0
                           ILLinkPackVersion = 7.0.100-1.23211.1
                   KnownRuntimePack
                       Microsoft.NETCore.App
                           TargetFramework = net10.0
                           LatestRuntimeFrameworkVersion = 10.0.2
                           RuntimePackRuntimeIdentifiers = ios-arm64;iossimulator-arm64;iossimulator-x64;tvos-arm64;tvossimulator-arm64;tvossimulator-x64;maccatalyst-arm64;maccatalyst-x64;linux-bionic-arm64;linux-bionic-x64;osx-arm64;osx-x64;freebsd-arm64;freebsd-x64;linux-x64;linux-arm;linux-arm64;linux-loongarch64;linux-bionic-arm;linux-musl-x64;linux-musl-arm;linux-musl-arm64;linux-musl-loongarch64;win-x64;win-x86;win-arm64;browser-wasm;wasi-wasm;linux-riscv64;linux-musl-riscv64;android-arm64;android-x64
                           RuntimePackNamePatterns = Microsoft.NETCore.App.Runtime.NativeAOT.**RID**
                           RuntimePackLabels = NativeAOT
                           RuntimeFrameworkName = Microsoft.NETCore.App
                       Microsoft.NETCore.App
                           TargetFramework = net10.0
                           LatestRuntimeFrameworkVersion = 10.0.2
                           RuntimePackRuntimeIdentifiers = linux-arm;linux-arm64;linux-musl-arm64;linux-musl-x64;linux-x64;osx-x64;win-arm64;win-x64;win-x86;linux-musl-arm;osx-arm64;linux-s390x;linux-loongarch64;browser-wasm;ios-arm64;ios-arm;iossimulator-arm64;iossimulator-x64;iossimulator-x86;tvos-arm64;tvossimulator-arm64;tvossimulator-x64;maccatalyst-x64;maccatalyst-arm64;android-arm64;android-arm;android-x64;android-x86;freebsd-x64;freebsd-arm64;wasi-wasm;linux-riscv64;linux-musl-riscv64;linux-loongarch64;linux-musl-loongarch64
                           RuntimePackNamePatterns = Microsoft.NETCore.App.Runtime.Mono.**RID**
                           RuntimePackLabels = Mono
                           RuntimeFrameworkName = Microsoft.NETCore.App
                       Microsoft.NETCore.App
                           TargetFramework = net9.0
                           LatestRuntimeFrameworkVersion = 9.0.12
                           RuntimePackRuntimeIdentifiers = ios-arm64;iossimulator-arm64;iossimulator-x64;tvos-arm64;tvossimulator-arm64;tvossimulator-x64;maccatalyst-arm64;maccatalyst-x64;linux-bionic-arm64;linux-bionic-x64;osx-arm64;osx-x64;freebsd-arm64;freebsd-x64;linux-x64;linux-arm;linux-arm64;linux-loongarch64;linux-bionic-arm;linux-musl-x64;linux-musl-arm;linux-musl-arm64;linux-musl-loongarch64;win-x64;win-x86;win-arm64;browser-wasm;wasi-wasm
                           RuntimePackNamePatterns = Microsoft.NETCore.App.Runtime.NativeAOT.**RID**
                           RuntimePackLabels = NativeAOT
                           RuntimeFrameworkName = Microsoft.NETCore.App
                       Microsoft.NETCore.App
                           TargetFramework = net9.0
                           LatestRuntimeFrameworkVersion = 9.0.12
                           RuntimePackRuntimeIdentifiers = linux-arm;linux-arm64;linux-musl-arm64;linux-musl-x64;linux-x64;osx-x64;win-arm64;win-x64;win-x86;linux-musl-arm;osx-arm64;linux-s390x;linux-loongarch64;browser-wasm;ios-arm64;ios-arm;iossimulator-arm64;iossimulator-x64;iossimulator-x86;tvos-arm64;tvossimulator-arm64;tvossimulator-x64;maccatalyst-x64;maccatalyst-arm64;android-arm64;android-arm;android-x64;android-x86;freebsd-x64;freebsd-arm64;wasi-wasm;linux-riscv64;linux-musl-riscv64;linux-loongarch64;linux-musl-loongarch64
                           RuntimePackNamePatterns = Microsoft.NETCore.App.Runtime.Mono.**RID**
                           RuntimePackLabels = Mono
                           RuntimeFrameworkName = Microsoft.NETCore.App
                       Microsoft.NETCore.App
                           TargetFramework = net8.0
                           LatestRuntimeFrameworkVersion = 8.0.23
                           RuntimePackRuntimeIdentifiers = ios-arm64;iossimulator-arm64;iossimulator-x64;tvos-arm64;tvossimulator-arm64;tvossimulator-x64;maccatalyst-arm64;maccatalyst-x64;linux-bionic-arm64;linux-bionic-x64;osx-arm64;osx-x64;freebsd-arm64;freebsd-x64
                           RuntimePackNamePatterns = Microsoft.NETCore.App.Runtime.NativeAOT.**RID**
                           RuntimePackLabels = NativeAOT
                           RuntimeFrameworkName = Microsoft.NETCore.App
                       Microsoft.NETCore.App
                           TargetFramework = net8.0
                           LatestRuntimeFrameworkVersion = 8.0.23
                           RuntimePackRuntimeIdentifiers = linux-arm;linux-arm64;linux-musl-arm64;linux-musl-x64;linux-x64;osx-x64;win-arm64;win-x64;win-x86;linux-musl-arm;osx-arm64;linux-s390x;linux-loongarch64;browser-wasm;ios-arm64;ios-arm;iossimulator-arm64;iossimulator-x64;iossimulator-x86;tvos-arm64;tvossimulator-arm64;tvossimulator-x64;maccatalyst-x64;maccatalyst-arm64;android-arm64;android-arm;android-x64;android-x86;freebsd-x64;freebsd-arm64;wasi-wasm
                           RuntimePackNamePatterns = Microsoft.NETCore.App.Runtime.Mono.**RID**
                           RuntimePackLabels = Mono
                           RuntimeFrameworkName = Microsoft.NETCore.App
                       Microsoft.NETCore.App
                           TargetFramework = net7.0
                           LatestRuntimeFrameworkVersion = 7.0.20
                           RuntimePackRuntimeIdentifiers = linux-arm;linux-arm64;linux-musl-arm64;linux-musl-x64;linux-x64;osx-x64;win-arm;win-arm64;win-x64;win-x86;linux-musl-arm;osx-arm64;linux-s390x;linux-loongarch64;browser-wasm;ios-arm64;ios-arm;iossimulator-arm64;iossimulator-x64;iossimulator-x86;tvos-arm64;tvossimulator-arm64;tvossimulator-x64;maccatalyst-x64;maccatalyst-arm64;android-arm64;android-arm;android-x64;android-x86
                           RuntimePackNamePatterns = Microsoft.NETCore.App.Runtime.Mono.**RID**
                           RuntimePackLabels = Mono
                           RuntimeFrameworkName = Microsoft.NETCore.App
                       Microsoft.NETCore.App
                           TargetFramework = net6.0
                           LatestRuntimeFrameworkVersion = 6.0.36
                           RuntimePackRuntimeIdentifiers = linux-arm;linux-arm64;linux-musl-arm64;linux-musl-x64;linux-x64;osx-x64;win-arm;win-arm64;win-x64;win-x86;linux-musl-arm;osx-arm64;linux-s390x;linux-loongarch64;browser-wasm;ios-arm64;ios-arm;iossimulator-arm64;iossimulator-x64;iossimulator-x86;tvos-arm64;tvossimulator-arm64;tvossimulator-x64;maccatalyst-x64;maccatalyst-arm64;android-arm64;android-arm;android-x64;android-x86
                           RuntimePackNamePatterns = Microsoft.NETCore.App.Runtime.Mono.**RID**
                           RuntimePackLabels = Mono
                           RuntimeFrameworkName = Microsoft.NETCore.App
                   KnownWebAssemblySdkPack
                       Microsoft.NET.Sdk.WebAssembly.Pack
                           TargetFramework = net10.0
                           WebAssemblySdkPackVersion = 10.0.2
                       Microsoft.NET.Sdk.WebAssembly.Pack
                           TargetFramework = net9.0
                           WebAssemblySdkPackVersion = 10.0.2
                       Microsoft.NET.Sdk.WebAssembly.Pack
                           TargetFramework = net8.0
                           WebAssemblySdkPackVersion = 10.0.2
                       Microsoft.NET.Sdk.WebAssembly.Pack
                           TargetFramework = net7.0
                           WebAssemblySdkPackVersion = 10.0.2
                       Microsoft.NET.Sdk.WebAssembly.Pack
                           TargetFramework = net6.0
                           WebAssemblySdkPackVersion = 10.0.2
                   None
                       Assets\Webp\Guide_Deposit_AUD.webp
                       Infrastructure\Database\Sql\device_command_log.sql
                       Infrastructure\Database\Sql\device_status_log.sql
                       libs\x86\MPOST.dll
                           CopyToOutputDirectory = PreserveNewest
                       libs\x86\MPOST.dll
                           CopyToOutputDirectory = PreserveNewest
                           Link = MPOST.dll
                       libs\x86\Pr22.dll
                           CopyToOutputDirectory = PreserveNewest
                       libs\x86\Pr22.dll
                           CopyToOutputDirectory = PreserveNewest
                           Link = Pr22.dll
                       Properties\launchSettings.json
                       Properties\Settings.settings
                           Generator = SettingsSingleFileGenerator
                           LastGenOutput = Settings.Designer.cs
                       Resources\Fonts\PretendardVariable.ttf
                       symbol.ico
                   PackageConflictOverrides
                       NETStandard.Library
                           OverriddenPackages = 
                           Microsoft.Win32.Primitives|4.3.0;
                           System.AppContext|4.3.0;
                           System.Collections|4.3.0;
                           System.Collections.Concurrent|4.3.0;
                           System.Collections.Immutable|1.4.0;
                           System.Collections.NonGeneric|4.3.0;
                           System.Collections.Specialized|4.3.0;
                           System.ComponentModel|4.3.0;
                           System.ComponentModel.EventBasedAsync|4.3.0;
                           System.ComponentModel.Primitives|4.3.0;
                           System.ComponentModel.TypeConverter|4.3.0;
                           System.Console|4.3.0;
                           System.Data.Common|4.3.0;
                           System.Diagnostics.Contracts|4.3.0;
                           System.Diagnostics.Debug|4.3.0;
                           System.Diagnostics.FileVersionInfo|4.3.0;
                           System.Diagnostics.Process|4.3.0;
                           System.Diagnostics.StackTrace|4.3.0;
                           System.Diagnostics.TextWriterTraceListener|4.3.0;
                           System.Diagnostics.Tools|4.3.0;
                           System.Diagnostics.TraceSource|4.3.0;
                           System.Diagnostics.Tracing|4.3.0;
                           System.Dynamic.Runtime|4.3.0;
                           System.Globalization|4.3.0;
                           System.Globalization.Calendars|4.3.0;
                           System.Globalization.Extensions|4.3.0;
                           System.IO|4.3.0;
                           System.IO.Compression|4.3.0;
                           System.IO.Compression.ZipFile|4.3.0;
                           System.IO.FileSystem|4.3.0;
                           System.IO.FileSystem.DriveInfo|4.3.0;
                           System.IO.FileSystem.Primitives|4.3.0;
                           System.IO.FileSystem.Watcher|4.3.0;
                           System.IO.IsolatedStorage|4.3.0;
                           System.IO.MemoryMappedFiles|4.3.0;
                           System.IO.Pipes|4.3.0;
                           System.IO.UnmanagedMemoryStream|4.3.0;
                           System.Linq|4.3.0;
                           System.Linq.Expressions|4.3.0;
                           System.Linq.Queryable|4.3.0;
                           System.Net.Http|4.3.0;
                           System.Net.NameResolution|4.3.0;
                           System.Net.Primitives|4.3.0;
                           System.Net.Requests|4.3.0;
                           System.Net.Security|4.3.0;
                           System.Net.Sockets|4.3.0;
                           System.Net.WebHeaderCollection|4.3.0;
                           System.ObjectModel|4.3.0;
                           System.Private.DataContractSerialization|4.3.0;
                           System.Reflection|4.3.0;
                           System.Reflection.Emit|4.3.0;
                           System.Reflection.Emit.ILGeneration|4.3.0;
                           System.Reflection.Emit.Lightweight|4.3.0;
                           System.Reflection.Extensions|4.3.0;
                           System.Reflection.Primitives|4.3.0;
                           System.Reflection.TypeExtensions|4.3.0;
                           System.Resources.ResourceManager|4.3.0;
                           System.Runtime|4.3.0;
                           System.Runtime.Extensions|4.3.0;
                           System.Runtime.Handles|4.3.0;
                           System.Runtime.InteropServices|4.3.0;
                           System.Runtime.InteropServices.RuntimeInformation|4.3.0;
                           System.Runtime.Loader|4.3.0;
                           System.Runtime.Numerics|4.3.0;
                           System.Runtime.Serialization.Formatters|4.3.0;
                           System.Runtime.Serialization.Json|4.3.0;
                           System.Runtime.Serialization.Primitives|4.3.0;
                           System.Security.AccessControl|4.4.0;
                           System.Security.Claims|4.3.0;
                           System.Security.Cryptography.Algorithms|4.3.0;
                           System.Security.Cryptography.Csp|4.3.0;
                           System.Security.Cryptography.Encoding|4.3.0;
                           System.Security.Cryptography.Primitives|4.3.0;
                           System.Security.Cryptography.X509Certificates|4.3.0;
                           System.Security.Cryptography.Xml|4.4.0;
                           System.Security.Principal|4.3.0;
                           System.Security.Principal.Windows|4.4.0;
                           System.Text.Encoding|4.3.0;
                           System.Text.Encoding.Extensions|4.3.0;
                           System.Text.RegularExpressions|4.3.0;
                           System.Threading|4.3.0;
                           System.Threading.Overlapped|4.3.0;
                           System.Threading.Tasks|4.3.0;
                           System.Threading.Tasks.Extensions|4.3.0;
                           System.Threading.Tasks.Parallel|4.3.0;
                           System.Threading.Thread|4.3.0;
                           System.Threading.ThreadPool|4.3.0;
                           System.Threading.Timer|4.3.0;
                           System.ValueTuple|4.3.0;
                           System.Xml.ReaderWriter|4.3.0;
                           System.Xml.XDocument|4.3.0;
                           System.Xml.XmlDocument|4.3.0;
                           System.Xml.XmlSerializer|4.3.0;
                           System.Xml.XPath|4.3.0;
                           System.Xml.XPath.XDocument|4.3.0;
                         
                   PackageReference
                       CommunityToolkit.Mvvm
                           Version = 8.4.0
                       Lib.Harmony
                           Version = 2.4.1
                       Microsoft.EntityFrameworkCore
                           Version = 9.0.9
                       Microsoft.EntityFrameworkCore.Design
                           Version = 9.0.9
                           PrivateAssets = all
                       Microsoft.Extensions.DependencyInjection
                           Version = 10.0.0-preview.6.25358.103
                       Microsoft.Extensions.Hosting
                           Version = 9.0.9
                       Microsoft.Extensions.Http
                           Version = 10.0.0-preview.6.25358.103
                       MySqlConnector
                           Version = 2.4.0
                       NAudio
                           Version = 2.2.1
                       Newtonsoft.Json
                           Version = 13.0.4
                       Pomelo.EntityFrameworkCore.MySql
                           Version = 9.0.0
                       QRCoder
                           Version = 1.6.0
                       Serilog
                           Version = 4.3.0
                       Serilog.Extensions.Hosting
                           Version = 9.0.0
                       Serilog.Formatting.Compact
                           Version = 3.0.0
                       Serilog.Settings.Configuration
                           Version = 9.0.0
                       Serilog.Sinks.Async
                           Version = 2.1.0
                       Serilog.Sinks.Console
                           Version = 6.0.0
                       Serilog.Sinks.Debug
                           Version = 3.0.0
                       Serilog.Sinks.File
                           Version = 7.0.0
                       Serilog.Sinks.Seq
                           Version = 9.0.0
                       SkiaSharp
                           Version = 2.88.8
                       SkiaSharp.Skottie
                           Version = 2.88.8
                       SkiaSharp.Views.WPF
                           Version = 2.88.8
                       Stateless
                           Version = 5.18.0
                       System.IO.Ports
                           Version = 10.0.0-preview.6.25358.103
                   Page
                       Assets\Language\StringResources.en-US.xaml
                           Generator = MSBuild:Compile
                           XamlRuntime = Wpf
                           SubType = Designer
                           CopyToOutputDirectory = PreserveNewest
                       Assets\Language\StringResources.ja-JP.xaml
                           Generator = MSBuild:Compile
                           XamlRuntime = Wpf
                           SubType = Designer
                           CopyToOutputDirectory = PreserveNewest
                       Assets\Language\StringResources.ko-KR.xaml
                           Generator = MSBuild:Compile
                           XamlRuntime = Wpf
                           SubType = Designer
                           CopyToOutputDirectory = PreserveNewest
                       Assets\Language\StringResources.zh-CN.xaml
                           Generator = MSBuild:Compile
                           XamlRuntime = Wpf
                           SubType = Designer
                       Assets\Language\StringResources.zh-TW.xaml
                           Generator = MSBuild:Compile
                           XamlRuntime = Wpf
                           SubType = Designer
                       Presentation\Features\Common\Pages\Views\FooterView.xaml
                           Generator = MSBuild:Compile
                           XamlRuntime = Wpf
                           SubType = Designer
                       Presentation\Features\Common\Pages\Views\LoadingView.xaml
                           Generator = MSBuild:Compile
                           XamlRuntime = Wpf
                           SubType = Designer
                       Presentation\Features\Environment\Layout\Views\EnvironmentLayoutView.xaml
                           Generator = MSBuild:Compile
                           XamlRuntime = Wpf
                           SubType = Designer
                       Presentation\Features\Environment\Pages\Views\DeviceStatusView.xaml
                           Generator = MSBuild:Compile
                           XamlRuntime = Wpf
                           SubType = Designer
                       Presentation\Features\Environment\Pages\Views\EnvironmentCassetteSettingView.xaml
                           Generator = MSBuild:Compile
                           XamlRuntime = Wpf
                           SubType = Designer
                       Presentation\Features\Environment\Pages\Views\EnvironmentView.xaml
                           Generator = MSBuild:Compile
                           XamlRuntime = Wpf
                           SubType = Designer
                       Presentation\Features\Environment\Pages\Views\ResxLocalizationTestView.xaml
                           Generator = MSBuild:Compile
                           XamlRuntime = Wpf
                           SubType = Designer
                       Presentation\Features\Exchange\Layout\Views\ExchangeLayoutView.xaml
                           Generator = MSBuild:Compile
                           XamlRuntime = Wpf
                           SubType = Designer
                       Presentation\Features\Exchange\Pages\Views\ExchangeCompleteView.xaml
                           Generator = MSBuild:Compile
                           XamlRuntime = Wpf
                           SubType = Designer
                       Presentation\Features\Exchange\Pages\Views\ExchangeCurrencyView.xaml
                           Generator = MSBuild:Compile
                           XamlRuntime = Wpf
                           SubType = Designer
                       Presentation\Features\Exchange\Pages\Views\ExchangeDepositView.xaml
                           Generator = MSBuild:Compile
                           XamlRuntime = Wpf
                           SubType = Designer
                       Presentation\Features\Exchange\Pages\Views\ExchangeIDScanCompleteView.xaml
                           Generator = MSBuild:Compile
                           XamlRuntime = Wpf
                           SubType = Designer
                       Presentation\Features\Exchange\Pages\Views\ExchangeIDScanConsentView.xaml
                           Generator = MSBuild:Compile
                           XamlRuntime = Wpf
                           SubType = Designer
                       Presentation\Features\Exchange\Pages\Views\ExchangeIDScanGuideView.xaml
                           Generator = MSBuild:Compile
                           XamlRuntime = Wpf
                           SubType = Designer
                       Presentation\Features\Exchange\Pages\Views\ExchangeIDScanProcessView.xaml
                           Generator = MSBuild:Compile
                           XamlRuntime = Wpf
                           SubType = Designer
                       Presentation\Features\Exchange\Pages\Views\ExchangeLanguageView.xaml
                           Generator = MSBuild:Compile
                           XamlRuntime = Wpf
                           SubType = Designer
                       Presentation\Features\Exchange\Pages\Views\ExchangeResultView.xaml
                           Generator = MSBuild:Compile
                           XamlRuntime = Wpf
                           SubType = Designer
                       Presentation\Features\Exchange\Pages\Views\ExchangeWithdrawalView.xaml
                           Generator = MSBuild:Compile
                           XamlRuntime = Wpf
                           SubType = Designer
                       Presentation\Features\Exchange\Popup\Views\ExchangePopupIDScanInfoView.xaml
                           Generator = MSBuild:Compile
                           XamlRuntime = Wpf
                           SubType = Designer
                       Presentation\Features\Exchange\Popup\Views\ExchangePopupTermsView.xaml
                           Generator = MSBuild:Compile
                           XamlRuntime = Wpf
                           SubType = Designer
                       Presentation\Features\Exchange\Popup\Views\PopupWindow.xaml
                           Generator = MSBuild:Compile
                           XamlRuntime = Wpf
                           SubType = Designer
                       Presentation\Features\ExchangeV2\Layout\Views\ExchangeV2FlowHeaderView.xaml
                           Generator = MSBuild:Compile
                           XamlRuntime = Wpf
                           SubType = Designer
                       Presentation\Features\ExchangeV2\Layout\Views\ExchangeV2LayoutView.xaml
                           Generator = MSBuild:Compile
                           XamlRuntime = Wpf
                           SubType = Designer
                       Presentation\Features\ExchangeV2\Pages\Views\ExchangeV2DepositView.xaml
                           Generator = MSBuild:Compile
                           XamlRuntime = Wpf
                           SubType = Designer
                       Presentation\Features\ExchangeV2\Pages\Views\ExchangeV2ExchangeCurrencySelectView.xaml
                           Generator = MSBuild:Compile
                           XamlRuntime = Wpf
                           SubType = Designer
                       Presentation\Features\ExchangeV2\Pages\Views\ExchangeV2ExchangeMethodSelectView.xaml
                           Generator = MSBuild:Compile
                           XamlRuntime = Wpf
                           SubType = Designer
                       Presentation\Features\ExchangeV2\Pages\Views\ExchangeV2ExchangeTypeSelectView.xaml
                           Generator = MSBuild:Compile
                           XamlRuntime = Wpf
                           SubType = Designer
                       Presentation\Features\ExchangeV2\Pages\Views\ExchangeV2IdScanCompleteView.xaml
                           Generator = MSBuild:Compile
                           XamlRuntime = Wpf
                           SubType = Designer
                       Presentation\Features\ExchangeV2\Pages\Views\ExchangeV2IdScanConsentView.xaml
                           Generator = MSBuild:Compile
                           XamlRuntime = Wpf
                           SubType = Designer
                       Presentation\Features\ExchangeV2\Pages\Views\ExchangeV2IdScanProcessView.xaml
                           Generator = MSBuild:Compile
                           XamlRuntime = Wpf
                           SubType = Designer
                       Presentation\Features\ExchangeV2\Pages\Views\ExchangeV2LanguageSelectView.xaml
                           Generator = MSBuild:Compile
                           XamlRuntime = Wpf
                           SubType = Designer
                       Presentation\Features\ExchangeV2\Popup\Views\ExchangeV2IdScanFailedPopupView.xaml
                           Generator = MSBuild:Compile
                           XamlRuntime = Wpf
                           SubType = Designer
                       Presentation\Features\ExchangeV2\Popup\Views\ExchangeV2TermsPopupView.xaml
                           Generator = MSBuild:Compile
                           XamlRuntime = Wpf
                           SubType = Designer
                       Presentation\Features\ExchangeV2\Templates\ExchangeV2Templates.xaml
                           Generator = MSBuild:Compile
                           XamlRuntime = Wpf
                           SubType = Designer
                       Presentation\Features\GTF\Layout\Views\GtfLayoutView.xaml
                           Generator = MSBuild:Compile
                           XamlRuntime = Wpf
                           SubType = Designer
                       Presentation\Features\GTF\Pages\Views\GtfAlipayAccountSelect.xaml
                           Generator = MSBuild:Compile
                           XamlRuntime = Wpf
                           SubType = Designer
                       Presentation\Features\GTF\Pages\Views\GtfAlipayGuideView.xaml
                           Generator = MSBuild:Compile
                           XamlRuntime = Wpf
                           SubType = Designer
                       Presentation\Features\GTF\Pages\Views\GtfAlipayRegisterView.xaml
                           Generator = MSBuild:Compile
                           XamlRuntime = Wpf
                           SubType = Designer
                       Presentation\Features\GTF\Pages\Views\GtfCreditGuideView.xaml
                           Generator = MSBuild:Compile
                           XamlRuntime = Wpf
                           SubType = Designer
                       Presentation\Features\GTF\Pages\Views\GtfCreditRegisterView.xaml
                           Generator = MSBuild:Compile
                           XamlRuntime = Wpf
                           SubType = Designer
                       Presentation\Features\GTF\Pages\Views\GtfIdScanCompleteView.xaml
                           Generator = MSBuild:Compile
                           XamlRuntime = Wpf
                           SubType = Designer
                       Presentation\Features\GTF\Pages\Views\GtfIdScanConsentView.xaml
                           Generator = MSBuild:Compile
                           XamlRuntime = Wpf
                           SubType = Designer
                       Presentation\Features\GTF\Pages\Views\GtfIdScanGuideView.xaml
                           Generator = MSBuild:Compile
                           XamlRuntime = Wpf
                           SubType = Designer
                       Presentation\Features\GTF\Pages\Views\GtfIdScanProcessView.xaml
                           Generator = MSBuild:Compile
                           XamlRuntime = Wpf
                           SubType = Designer
                       Presentation\Features\GTF\Pages\Views\GtfLanguageSelectView.xaml
                           Generator = MSBuild:Compile
                           XamlRuntime = Wpf
                           SubType = Designer
                       Presentation\Features\GTF\Pages\Views\GtfRefundCompleteView.xaml
                           Generator = MSBuild:Compile
                           XamlRuntime = Wpf
                           SubType = Designer
                       Presentation\Features\GTF\Pages\Views\GtfRefundMethodGuideView.xaml
                           Generator = MSBuild:Compile
                           XamlRuntime = Wpf
                           SubType = Designer
                       Presentation\Features\GTF\Pages\Views\GtfRefundMethodSelectView.xaml
                           Generator = MSBuild:Compile
                           XamlRuntime = Wpf
                           SubType = Designer
                       Presentation\Features\GTF\Pages\Views\GtfRefundSignatureView.xaml
                           Generator = MSBuild:Compile
                           XamlRuntime = Wpf
                           SubType = Designer
                       Presentation\Features\GTF\Pages\Views\GtfRefundVoucherRegisterView.xaml
                           Generator = MSBuild:Compile
                           XamlRuntime = Wpf
                           SubType = Designer
                       Presentation\Features\GTF\Pages\Views\GtfWeChatGuideView.xaml
                           Generator = MSBuild:Compile
                           XamlRuntime = Wpf
                           SubType = Designer
                       Presentation\Features\GTF\Pages\Views\GtfWeChatRegisterGuideView.xaml
                           Generator = MSBuild:Compile
                           XamlRuntime = Wpf
                           SubType = Designer
                       Presentation\Features\GTF\Pages\Views\GtfWeChatRegisterView.xaml
                           Generator = MSBuild:Compile
                           XamlRuntime = Wpf
                           SubType = Designer
                       Presentation\Features\GTF\Popup\Views\GtfTestPopupView.xaml
                           Generator = MSBuild:Compile
                           XamlRuntime = Wpf
                           SubType = Designer
                       Presentation\Features\Menu\Layout\Views\MenuLayoutView.xaml
                           Generator = MSBuild:Compile
                           XamlRuntime = Wpf
                           SubType = Designer
                       Presentation\Features\Menu\Pages\Views\MenuView.xaml
                           Generator = MSBuild:Compile
                           XamlRuntime = Wpf
                           SubType = Designer
                       Presentation\Features\MenuV2\Layout\Views\MenuV2LayoutView.xaml
                           Generator = MSBuild:Compile
                           XamlRuntime = Wpf
                           SubType = Designer
                       Presentation\Features\MenuV2\Pages\Views\MenuV2View.xaml
                           Generator = MSBuild:Compile
                           XamlRuntime = Wpf
                           SubType = Designer
                       Presentation\Features\Startup\Layout\Views\StartupLayoutView.xaml
                           Generator = MSBuild:Compile
                           XamlRuntime = Wpf
                           SubType = Designer
                       Presentation\Features\Startup\Pages\Views\StartupView.xaml
                           Generator = MSBuild:Compile
                           XamlRuntime = Wpf
                           SubType = Designer
                       Presentation\Window\Main\Views\MainWindowView.xaml
                           Generator = MSBuild:Compile
                           XamlRuntime = Wpf
                           SubType = Designer
                       Resources\Colors\Colors.Base.xaml
                           Generator = MSBuild:Compile
                           XamlRuntime = Wpf
                           SubType = Designer
                           CopyToOutputDirectory = Never
                       Resources\Controls\ElipseToggleButton.xaml
                           Generator = MSBuild:Compile
                           XamlRuntime = Wpf
                           SubType = Designer
                       Resources\Controls\IconButton.xaml
                           Generator = MSBuild:Compile
                           XamlRuntime = Wpf
                           SubType = Designer
                       Resources\Controls\RoundButton.xaml
                           Generator = MSBuild:Compile
                           XamlRuntime = Wpf
                           SubType = Designer
                       Resources\Styles\ButtonStyles.xaml
                           Generator = MSBuild:Compile
                           XamlRuntime = Wpf
                           SubType = Designer
                       Resources\Typography\Typography.xaml
                           Generator = MSBuild:Compile
                           XamlRuntime = Wpf
                           SubType = Designer
                   PotentialEditorConfigFiles
                       c:\.editorconfig
                       c:\Users\.editorconfig
                       c:\Users\niaci\.editorconfig
                       c:\Users\niaci\RiderProjects\.editorconfig
                       c:\Users\niaci\RiderProjects\moenybox_devicecontroller\.editorconfig
                       c:\Users\niaci\RiderProjects\moenybox_devicecontroller\KIOSK\.editorconfig
                       c:\Users\niaci\RiderProjects\moenybox_devicecontroller\KIOSK\Application\.editorconfig
                       c:\Users\niaci\RiderProjects\moenybox_devicecontroller\KIOSK\Application\Abstractions\.editorconfig
                       c:\Users\niaci\RiderProjects\moenybox_devicecontroller\KIOSK\Application\Features\.editorconfig
                       c:\Users\niaci\RiderProjects\moenybox_devicecontroller\KIOSK\Application\Features\ExchangeV2\.editorconfig
                       c:\Users\niaci\RiderProjects\moenybox_devicecontroller\KIOSK\Application\Features\ExchangeV2\Orchestration\.editorconfig
                       c:\Users\niaci\RiderProjects\moenybox_devicecontroller\KIOSK\Application\Features\ExchangeV2\Services\.editorconfig
                       c:\Users\niaci\RiderProjects\moenybox_devicecontroller\KIOSK\Application\Features\ExchangeV2\StateMachine\.editorconfig
                       c:\Users\niaci\RiderProjects\moenybox_devicecontroller\KIOSK\Application\Features\ExchangeV2\UseCases\.editorconfig
                       c:\Users\niaci\RiderProjects\moenybox_devicecontroller\KIOSK\Application\Services\.editorconfig
                       c:\Users\niaci\RiderProjects\moenybox_devicecontroller\KIOSK\Application\Services\API\.editorconfig
                       c:\Users\niaci\RiderProjects\moenybox_devicecontroller\KIOSK\Application\Services\BackgroundTasks\.editorconfig
                       c:\Users\niaci\RiderProjects\moenybox_devicecontroller\KIOSK\Application\Services\DataBase\.editorconfig
                       c:\Users\niaci\RiderProjects\moenybox_devicecontroller\KIOSK\Application\Services\Devices\.editorconfig
                       c:\Users\niaci\RiderProjects\moenybox_devicecontroller\KIOSK\Application\Services\Exchange\.editorconfig
                       c:\Users\niaci\RiderProjects\moenybox_devicecontroller\KIOSK\Application\Services\Health\.editorconfig
                       c:\Users\niaci\RiderProjects\moenybox_devicecontroller\KIOSK\Application\Services\Localization\.editorconfig
                       c:\Users\niaci\RiderProjects\moenybox_devicecontroller\KIOSK\Application\Services\Resx\.editorconfig
                       c:\Users\niaci\RiderProjects\moenybox_devicecontroller\KIOSK\Application\Services\Transactions\.editorconfig
                       c:\Users\niaci\RiderProjects\moenybox_devicecontroller\KIOSK\Application\StateMachines\.editorconfig
                       c:\Users\niaci\RiderProjects\moenybox_devicecontroller\KIOSK\CompositionRoot\.editorconfig
                       c:\Users\niaci\RiderProjects\moenybox_devicecontroller\KIOSK\CompositionRoot\Modules\.editorconfig
                       c:\Users\niaci\RiderProjects\moenybox_devicecontroller\KIOSK\Domain\.editorconfig
                       c:\Users\niaci\RiderProjects\moenybox_devicecontroller\KIOSK\Domain\Transactions\.editorconfig
                       c:\Users\niaci\RiderProjects\moenybox_devicecontroller\KIOSK\Infrastructure\.editorconfig
                       c:\Users\niaci\RiderProjects\moenybox_devicecontroller\KIOSK\Infrastructure\API\.editorconfig
                       c:\Users\niaci\RiderProjects\moenybox_devicecontroller\KIOSK\Infrastructure\API\Cems\.editorconfig
                       c:\Users\niaci\RiderProjects\moenybox_devicecontroller\KIOSK\Infrastructure\API\Core\.editorconfig
                       c:\Users\niaci\RiderProjects\moenybox_devicecontroller\KIOSK\Infrastructure\API\Gtf\.editorconfig
                       c:\Users\niaci\RiderProjects\moenybox_devicecontroller\KIOSK\Infrastructure\Cache\.editorconfig
                       c:\Users\niaci\RiderProjects\moenybox_devicecontroller\KIOSK\Infrastructure\Common\.editorconfig
                       c:\Users\niaci\RiderProjects\moenybox_devicecontroller\KIOSK\Infrastructure\Common\Utils\.editorconfig
                       c:\Users\niaci\RiderProjects\moenybox_devicecontroller\KIOSK\Infrastructure\Configuration\.editorconfig
                       c:\Users\niaci\RiderProjects\moenybox_devicecontroller\KIOSK\Infrastructure\Database\.editorconfig
                       c:\Users\niaci\RiderProjects\moenybox_devicecontroller\KIOSK\Infrastructure\Database\Common\.editorconfig
                       c:\Users\niaci\RiderProjects\moenybox_devicecontroller\KIOSK\Infrastructure\Database\Ef\.editorconfig
                       c:\Users\niaci\RiderProjects\moenybox_devicecontroller\KIOSK\Infrastructure\Database\Ef\Entities\.editorconfig
                       c:\Users\niaci\RiderProjects\moenybox_devicecontroller\KIOSK\Infrastructure\Database\Interface\.editorconfig
                       c:\Users\niaci\RiderProjects\moenybox_devicecontroller\KIOSK\Infrastructure\Database\Models\.editorconfig
                       c:\Users\niaci\RiderProjects\moenybox_devicecontroller\KIOSK\Infrastructure\Database\Repositories\.editorconfig
                       c:\Users\niaci\RiderProjects\moenybox_devicecontroller\KIOSK\Infrastructure\Devices\.editorconfig
                       c:\Users\niaci\RiderProjects\moenybox_devicecontroller\KIOSK\Infrastructure\Devices\Adapters\.editorconfig
                       c:\Users\niaci\RiderProjects\moenybox_devicecontroller\KIOSK\Infrastructure\Devices\Control\.editorconfig
                       c:\Users\niaci\RiderProjects\moenybox_devicecontroller\KIOSK\Infrastructure\Devices\Runtime\.editorconfig
                       c:\Users\niaci\RiderProjects\moenybox_devicecontroller\KIOSK\Infrastructure\Devices\Status\.editorconfig
                       c:\Users\niaci\RiderProjects\moenybox_devicecontroller\KIOSK\Infrastructure\Health\.editorconfig
                       c:\Users\niaci\RiderProjects\moenybox_devicecontroller\KIOSK\Infrastructure\Hosting\.editorconfig
                       c:\Users\niaci\RiderProjects\moenybox_devicecontroller\KIOSK\Infrastructure\Hosting\Modules\.editorconfig
                       c:\Users\niaci\RiderProjects\moenybox_devicecontroller\KIOSK\Infrastructure\Initialization\.editorconfig
                       c:\Users\niaci\RiderProjects\moenybox_devicecontroller\KIOSK\Infrastructure\Logging\.editorconfig
                       c:\Users\niaci\RiderProjects\moenybox_devicecontroller\KIOSK\Infrastructure\Media\.editorconfig
                       c:\Users\niaci\RiderProjects\moenybox_devicecontroller\KIOSK\Infrastructure\Network\.editorconfig
                       c:\Users\niaci\RiderProjects\moenybox_devicecontroller\KIOSK\Infrastructure\OCR\.editorconfig
                       c:\Users\niaci\RiderProjects\moenybox_devicecontroller\KIOSK\Infrastructure\OCR\Models\.editorconfig
                       c:\Users\niaci\RiderProjects\moenybox_devicecontroller\KIOSK\Infrastructure\OCR\Providers\.editorconfig
                       c:\Users\niaci\RiderProjects\moenybox_devicecontroller\KIOSK\Infrastructure\OCR\Services\.editorconfig
                       c:\Users\niaci\RiderProjects\moenybox_devicecontroller\KIOSK\Infrastructure\Storage\.editorconfig
                       c:\Users\niaci\RiderProjects\moenybox_devicecontroller\KIOSK\Migrations\.editorconfig
                       c:\Users\niaci\RiderProjects\moenybox_devicecontroller\KIOSK\Presentation\.editorconfig
                       c:\Users\niaci\RiderProjects\moenybox_devicecontroller\KIOSK\Presentation\Abstractions\.editorconfig
                       c:\Users\niaci\RiderProjects\moenybox_devicecontroller\KIOSK\Presentation\Controls\.editorconfig
                       c:\Users\niaci\RiderProjects\moenybox_devicecontroller\KIOSK\Presentation\Features\.editorconfig
                       c:\Users\niaci\RiderProjects\moenybox_devicecontroller\KIOSK\Presentation\Features\Common\.editorconfig
                       c:\Users\niaci\RiderProjects\moenybox_devicecontroller\KIOSK\Presentation\Features\Common\Pages\.editorconfig
                       c:\Users\niaci\RiderProjects\moenybox_devicecontroller\KIOSK\Presentation\Features\Common\Pages\ViewModels\.editorconfig
                       c:\Users\niaci\RiderProjects\moenybox_devicecontroller\KIOSK\Presentation\Features\Common\Pages\Views\.editorconfig
                       c:\Users\niaci\RiderProjects\moenybox_devicecontroller\KIOSK\Presentation\Features\Environment\.editorconfig
                       c:\Users\niaci\RiderProjects\moenybox_devicecontroller\KIOSK\Presentation\Features\Environment\Layout\.editorconfig
                       c:\Users\niaci\RiderProjects\moenybox_devicecontroller\KIOSK\Presentation\Features\Environment\Layout\ViewModels\.editorconfig
                       c:\Users\niaci\RiderProjects\moenybox_devicecontroller\KIOSK\Presentation\Features\Environment\Layout\Views\.editorconfig
                       c:\Users\niaci\RiderProjects\moenybox_devicecontroller\KIOSK\Presentation\Features\Environment\Pages\.editorconfig
                       c:\Users\niaci\RiderProjects\moenybox_devicecontroller\KIOSK\Presentation\Features\Environment\Pages\ViewModels\.editorconfig
                       c:\Users\niaci\RiderProjects\moenybox_devicecontroller\KIOSK\Presentation\Features\Environment\Pages\Views\.editorconfig
                       c:\Users\niaci\RiderProjects\moenybox_devicecontroller\KIOSK\Presentation\Features\Exchange\.editorconfig
                       c:\Users\niaci\RiderProjects\moenybox_devicecontroller\KIOSK\Presentation\Features\Exchange\Flow\.editorconfig
                       c:\Users\niaci\RiderProjects\moenybox_devicecontroller\KIOSK\Presentation\Features\Exchange\Layout\.editorconfig
                       c:\Users\niaci\RiderProjects\moenybox_devicecontroller\KIOSK\Presentation\Features\Exchange\Layout\ViewModels\.editorconfig
                       c:\Users\niaci\RiderProjects\moenybox_devicecontroller\KIOSK\Presentation\Features\Exchange\Layout\Views\.editorconfig
                       c:\Users\niaci\RiderProjects\moenybox_devicecontroller\KIOSK\Presentation\Features\Exchange\Pages\.editorconfig
                       c:\Users\niaci\RiderProjects\moenybox_devicecontroller\KIOSK\Presentation\Features\Exchange\Pages\ViewModels\.editorconfig
                       c:\Users\niaci\RiderProjects\moenybox_devicecontroller\KIOSK\Presentation\Features\Exchange\Pages\Views\.editorconfig
                       c:\Users\niaci\RiderProjects\moenybox_devicecontroller\KIOSK\Presentation\Features\Exchange\Popup\.editorconfig
                       c:\Users\niaci\RiderProjects\moenybox_devicecontroller\KIOSK\Presentation\Features\Exchange\Popup\ViewModels\.editorconfig
                       c:\Users\niaci\RiderProjects\moenybox_devicecontroller\KIOSK\Presentation\Features\Exchange\Popup\Views\.editorconfig
                       c:\Users\niaci\RiderProjects\moenybox_devicecontroller\KIOSK\Presentation\Features\Exchange\Resources\.editorconfig
                       c:\Users\niaci\RiderProjects\moenybox_devicecontroller\KIOSK\Presentation\Features\ExchangeV2\.editorconfig
                       c:\Users\niaci\RiderProjects\moenybox_devicecontroller\KIOSK\Presentation\Features\ExchangeV2\Flow\.editorconfig
                       c:\Users\niaci\RiderProjects\moenybox_devicecontroller\KIOSK\Presentation\Features\ExchangeV2\Layout\.editorconfig
                       c:\Users\niaci\RiderProjects\moenybox_devicecontroller\KIOSK\Presentation\Features\ExchangeV2\Layout\ViewModels\.editorconfig
                       c:\Users\niaci\RiderProjects\moenybox_devicecontroller\KIOSK\Presentation\Features\ExchangeV2\Layout\Views\.editorconfig
                       c:\Users\niaci\RiderProjects\moenybox_devicecontroller\KIOSK\Presentation\Features\ExchangeV2\Pages\.editorconfig
                       c:\Users\niaci\RiderProjects\moenybox_devicecontroller\KIOSK\Presentation\Features\ExchangeV2\Pages\ViewModels\.editorconfig
                       c:\Users\niaci\RiderProjects\moenybox_devicecontroller\KIOSK\Presentation\Features\ExchangeV2\Pages\Views\.editorconfig
                       c:\Users\niaci\RiderProjects\moenybox_devicecontroller\KIOSK\Presentation\Features\ExchangeV2\Popup\.editorconfig
                       c:\Users\niaci\RiderProjects\moenybox_devicecontroller\KIOSK\Presentation\Features\ExchangeV2\Popup\ViewModels\.editorconfig
                       c:\Users\niaci\RiderProjects\moenybox_devicecontroller\KIOSK\Presentation\Features\ExchangeV2\Popup\Views\.editorconfig
                       c:\Users\niaci\RiderProjects\moenybox_devicecontroller\KIOSK\Presentation\Features\GTF\.editorconfig
                       c:\Users\niaci\RiderProjects\moenybox_devicecontroller\KIOSK\Presentation\Features\GTF\Flow\.editorconfig
                       c:\Users\niaci\RiderProjects\moenybox_devicecontroller\KIOSK\Presentation\Features\GTF\Layout\.editorconfig
                       c:\Users\niaci\RiderProjects\moenybox_devicecontroller\KIOSK\Presentation\Features\GTF\Layout\ViewModels\.editorconfig
                       c:\Users\niaci\RiderProjects\moenybox_devicecontroller\KIOSK\Presentation\Features\GTF\Layout\Views\.editorconfig
                       c:\Users\niaci\RiderProjects\moenybox_devicecontroller\KIOSK\Presentation\Features\GTF\Pages\.editorconfig
                       c:\Users\niaci\RiderProjects\moenybox_devicecontroller\KIOSK\Presentation\Features\GTF\Pages\ViewModels\.editorconfig
                       c:\Users\niaci\RiderProjects\moenybox_devicecontroller\KIOSK\Presentation\Features\GTF\Pages\Views\.editorconfig
                       c:\Users\niaci\RiderProjects\moenybox_devicecontroller\KIOSK\Presentation\Features\GTF\Popup\.editorconfig
                       c:\Users\niaci\RiderProjects\moenybox_devicecontroller\KIOSK\Presentation\Features\GTF\Popup\ViewModels\.editorconfig
                       c:\Users\niaci\RiderProjects\moenybox_devicecontroller\KIOSK\Presentation\Features\GTF\Popup\Views\.editorconfig
                       c:\Users\niaci\RiderProjects\moenybox_devicecontroller\KIOSK\Presentation\Features\Menu\.editorconfig
                       c:\Users\niaci\RiderProjects\moenybox_devicecontroller\KIOSK\Presentation\Features\Menu\Layout\.editorconfig
                       c:\Users\niaci\RiderProjects\moenybox_devicecontroller\KIOSK\Presentation\Features\Menu\Layout\ViewModels\.editorconfig
                       c:\Users\niaci\RiderProjects\moenybox_devicecontroller\KIOSK\Presentation\Features\Menu\Layout\Views\.editorconfig
                       c:\Users\niaci\RiderProjects\moenybox_devicecontroller\KIOSK\Presentation\Features\Menu\Pages\.editorconfig
                       c:\Users\niaci\RiderProjects\moenybox_devicecontroller\KIOSK\Presentation\Features\Menu\Pages\ViewModels\.editorconfig
                       c:\Users\niaci\RiderProjects\moenybox_devicecontroller\KIOSK\Presentation\Features\Menu\Pages\Views\.editorconfig
                       c:\Users\niaci\RiderProjects\moenybox_devicecontroller\KIOSK\Presentation\Features\MenuV2\.editorconfig
                       c:\Users\niaci\RiderProjects\moenybox_devicecontroller\KIOSK\Presentation\Features\MenuV2\Layout\.editorconfig
                       c:\Users\niaci\RiderProjects\moenybox_devicecontroller\KIOSK\Presentation\Features\MenuV2\Layout\ViewModels\.editorconfig
                       c:\Users\niaci\RiderProjects\moenybox_devicecontroller\KIOSK\Presentation\Features\MenuV2\Layout\Views\.editorconfig
                       c:\Users\niaci\RiderProjects\moenybox_devicecontroller\KIOSK\Presentation\Features\MenuV2\Pages\.editorconfig
                       c:\Users\niaci\RiderProjects\moenybox_devicecontroller\KIOSK\Presentation\Features\MenuV2\Pages\ViewModels\.editorconfig
                       c:\Users\niaci\RiderProjects\moenybox_devicecontroller\KIOSK\Presentation\Features\MenuV2\Pages\Views\.editorconfig
                       c:\Users\niaci\RiderProjects\moenybox_devicecontroller\KIOSK\Presentation\Features\Startup\.editorconfig
                       c:\Users\niaci\RiderProjects\moenybox_devicecontroller\KIOSK\Presentation\Features\Startup\Layout\.editorconfig
                       c:\Users\niaci\RiderProjects\moenybox_devicecontroller\KIOSK\Presentation\Features\Startup\Layout\ViewModels\.editorconfig
                       c:\Users\niaci\RiderProjects\moenybox_devicecontroller\KIOSK\Presentation\Features\Startup\Layout\Views\.editorconfig
                       c:\Users\niaci\RiderProjects\moenybox_devicecontroller\KIOSK\Presentation\Features\Startup\Pages\.editorconfig
                       c:\Users\niaci\RiderProjects\moenybox_devicecontroller\KIOSK\Presentation\Features\Startup\Pages\ViewModels\.editorconfig
                       c:\Users\niaci\RiderProjects\moenybox_devicecontroller\KIOSK\Presentation\Features\Startup\Pages\Views\.editorconfig
                       c:\Users\niaci\RiderProjects\moenybox_devicecontroller\KIOSK\Presentation\Navigation\.editorconfig
                       c:\Users\niaci\RiderProjects\moenybox_devicecontroller\KIOSK\Presentation\Navigation\Services\.editorconfig
                       c:\Users\niaci\RiderProjects\moenybox_devicecontroller\KIOSK\Presentation\Window\.editorconfig
                       c:\Users\niaci\RiderProjects\moenybox_devicecontroller\KIOSK\Presentation\Window\Main\.editorconfig
                       c:\Users\niaci\RiderProjects\moenybox_devicecontroller\KIOSK\Presentation\Window\Main\ViewModels\.editorconfig
                       c:\Users\niaci\RiderProjects\moenybox_devicecontroller\KIOSK\Presentation\Window\Main\Views\.editorconfig
                       c:\Users\niaci\RiderProjects\moenybox_devicecontroller\KIOSK\Presentation\Window\Services\.editorconfig
                       c:\Users\niaci\RiderProjects\moenybox_devicecontroller\KIOSK\Properties\.editorconfig
                       c:\Users\niaci\RiderProjects\moenybox_devicecontroller\KIOSK\Resources\.editorconfig
                       c:\Users\niaci\RiderProjects\moenybox_devicecontroller\KIOSK\Resources\Controls\.editorconfig
                   PreprocessorValue
                       assemblyname
                           Value = KIOSK
                       filename
                           Value = KIOSK.csproj
                       fullpath
                           Value = c:\Users\niaci\RiderProjects\moenybox_devicecontroller\KIOSK
                       outputfilename
                           Value = KIOSK.dll
                       rootnamespace
                           Value = KIOSK
                   ProjectCapability
                       AllTargetOutputGroups
                       AssemblyReferences
                       COMReferences
                       CrossPlatformExecutable
                       CSharp
                       DeclaredSourceItems
                       GenerateDocumentationFile
                       LanguageService
                       Managed
                       NetSdkOCIImageBuild
                       OutputGroups
                       Pack
                       ProjectReferences
                       ReferencesFolder
                       RelativePathDerivedDefaultNamespace
                       SharedProjectReferences
                       SingleFileGenerators
                       SupportsComputeRunCommand
                       SupportsHotReload
                       UserSourceItems
                       VisualStudioWellKnownOutputGroups
                   ProjectReference
                       ..\KIOSK.Device.Contracts\KIOSK.Device.Contracts.csproj
                           ReferenceSourceTarget = ProjectReference
                           OutputItemType = 
                           Targets = 
                       ..\KIOSK.Device.Runtime\KIOSK.Device.Runtime.csproj
                           ReferenceSourceTarget = ProjectReference
                           OutputItemType = 
                           Targets = 
                   PropertyPageSchema
                       C:\Program Files\dotnet\sdk\10.0.102\\assemblyreference.xaml
                           Context = ;BrowseObject
                       C:\Program Files\dotnet\sdk\10.0.102\\COMReference.xaml
                           Context = ;BrowseObject
                       C:\Program Files\dotnet\sdk\10.0.102\\Content.xaml
                           Context = File;BrowseObject
                       C:\Program Files\dotnet\sdk\10.0.102\\CSharp.BrowseObject.xaml
                           Context = BrowseObject
                       C:\Program Files\dotnet\sdk\10.0.102\\CSharp.ProjectItemsSchema.xaml
                       C:\Program Files\dotnet\sdk\10.0.102\\CSharp.xaml
                           Context = File
                       C:\Program Files\dotnet\sdk\10.0.102\\Debugger_General.xaml
                           Context = Project
                       C:\Program Files\dotnet\sdk\10.0.102\\EmbeddedResource.xaml
                           Context = File;BrowseObject
                       C:\Program Files\dotnet\sdk\10.0.102\\Folder.xaml
                           Context = File;BrowseObject
                       C:\Program Files\dotnet\sdk\10.0.102\\General_File.xaml
                           Context = File
                       C:\Program Files\dotnet\sdk\10.0.102\\General.BrowseObject.xaml
                           Context = BrowseObject
                       C:\Program Files\dotnet\sdk\10.0.102\\General.xaml
                           Context = Project
                       C:\Program Files\dotnet\sdk\10.0.102\\None.xaml
                           Context = File;BrowseObject
                       C:\Program Files\dotnet\sdk\10.0.102\\ProjectItemsSchema.xaml
                       C:\Program Files\dotnet\sdk\10.0.102\\ProjectReference.xaml
                           Context = ;BrowseObject
                       C:\Program Files\dotnet\sdk\10.0.102\\ResolvedAssemblyReference.xaml
                           Context = ProjectSubscriptionService;BrowseObject
                       C:\Program Files\dotnet\sdk\10.0.102\\ResolvedCOMReference.xaml
                           Context = ProjectSubscriptionService;BrowseObject
                       C:\Program Files\dotnet\sdk\10.0.102\\ResolvedProjectReference.xaml
                           Context = ProjectSubscriptionService;BrowseObject
                       C:\Program Files\dotnet\sdk\10.0.102\\SCC.xaml
                           Context = Invisible
                       C:\Program Files\dotnet\sdk\10.0.102\\SpecialFolder.xaml
                           Context = File;ProjectSubscriptionService
                   Reference
                       MPOST
                           HintPath = libs\x86\MPOST.dll
                       Pr22
                           HintPath = libs\x86\Pr22.dll
                   RegFreeComManifest
                       obj\Debug\net9.0-windows10.0.17763.0\KIOSK.X.manifest
                   Resource
                       Assets\Flag\AED.png
                           CopyToOutputDirectory = PreserveNewest
                       Assets\Flag\AUD.png
                           CopyToOutputDirectory = PreserveNewest
                       Assets\Flag\CAD.png
                           CopyToOutputDirectory = PreserveNewest
                       Assets\Flag\CHF.png
                           CopyToOutputDirectory = PreserveNewest
                       Assets\Flag\CNY.png
                           CopyToOutputDirectory = PreserveNewest
                       Assets\Flag\EUR.png
                           CopyToOutputDirectory = PreserveNewest
                       Assets\Flag\GBP.png
                           CopyToOutputDirectory = PreserveNewest
                       Assets\Flag\HKD.png
                           CopyToOutputDirectory = PreserveNewest
                       Assets\Flag\IDR.png
                           CopyToOutputDirectory = PreserveNewest
                       Assets\Flag\JPY.png
                           CopyToOutputDirectory = PreserveNewest
                       Assets\Flag\KOR.png
                           CopyToOutputDirectory = PreserveNewest
                       Assets\Flag\MYR.png
                           CopyToOutputDirectory = PreserveNewest
                       Assets\Flag\NZD.png
                           CopyToOutputDirectory = PreserveNewest
                       Assets\Flag\PHP.png
                           CopyToOutputDirectory = PreserveNewest
                       Assets\Flag\RUB.png
                           CopyToOutputDirectory = PreserveNewest
                       Assets\Flag\SGD.png
                           CopyToOutputDirectory = PreserveNewest
                       Assets\Flag\THB.png
                           CopyToOutputDirectory = PreserveNewest
                       Assets\Flag\TMP.png
                           CopyToOutputDirectory = PreserveNewest
                       Assets\Flag\TWD.png
                           CopyToOutputDirectory = PreserveNewest
                       Assets\Flag\USD.png
                           CopyToOutputDirectory = PreserveNewest
                       Assets\Flag\VND.png
                           CopyToOutputDirectory = PreserveNewest
                       Assets\Gif\IDScan_ID.gif
                           CopyToOutputDirectory = PreserveNewest
                       Assets\Gif\IDScan_Passport.gif
                           CopyToOutputDirectory = PreserveNewest
                       Assets\Gif\Progress.gif
                           CopyToOutputDirectory = PreserveNewest
                       Assets\Image\bx-home-smile.png
                           CopyToOutputDirectory = PreserveNewest
                       Assets\Image\bx-up-arrow-alt.png
                           CopyToOutputDirectory = PreserveNewest
                       Assets\Image\character-complete.png
                           CopyToOutputDirectory = PreserveNewest
                       Assets\Image\Character.png
                           CopyToOutputDirectory = PreserveNewest
                       Assets\Image\Common_Logo.png
                           CopyToOutputDirectory = PreserveNewest
                       Assets\Image\Error.png
                           CopyToOutputDirectory = PreserveNewest
                       Assets\Image\exchange_buy.png
                           CopyToOutputDirectory = PreserveNewest
                       Assets\Image\exchange_sell.png
                           CopyToOutputDirectory = PreserveNewest
                       Assets\Image\Frame.png
                           CopyToOutputDirectory = PreserveNewest
                       Assets\Image\GTF_LOGO2.bmp
                           CopyToOutputDirectory = PreserveNewest
                       Assets\Image\Identification.png
                           CopyToOutputDirectory = PreserveNewest
                       Assets\Image\IDScan_ID.png
                           CopyToOutputDirectory = PreserveNewest
                       Assets\Image\IDScan_Passport.png
                           CopyToOutputDirectory = PreserveNewest
                       Assets\Image\Info_normal.png
                           CopyToOutputDirectory = PreserveNewest
                       Assets\Image\Info_warn.png
                           CopyToOutputDirectory = PreserveNewest
                       Assets\Image\Info.png
                           CopyToOutputDirectory = PreserveNewest
                       Assets\Image\Light.png
                           CopyToOutputDirectory = PreserveNewest
                       Assets\Image\succss.png
                           CopyToOutputDirectory = PreserveNewest
                       Assets\Image\Terms\Terms_ko-KR.png
                           CopyToOutputDirectory = PreserveNewest
                       Assets\Image\Vector.png
                           CopyToOutputDirectory = PreserveNewest
                       Assets\Image\Withdrawal.png
                           CopyToOutputDirectory = PreserveNewest
                       Resources\Fonts\PretendardVariable.ttf
                   RestoreGraphProjectInputItems
                       c:\Users\niaci\RiderProjects\moenybox_devicecontroller\KIOSK\KIOSK.csproj
                   RuntimeHostConfigurationOption
                       CSWINRT_USE_WINDOWS_UI_XAML_PROJECTIONS
                           Value = false
                           Trim = true
                       System.Runtime.Serialization.EnableUnsafeBinaryFormatterSerialization
                           Value = false
                           Trim = true
                   SdkSupportedTargetPlatformIdentifier
                       android
                           DisplayName = Android
                       ios
                           DisplayName = iOS
                       maccatalyst
                           DisplayName = MacCatalyst
                       macos
                           DisplayName = macOS
                       tvos
                           DisplayName = tvOS
                       windows
                           DisplayName = Windows
                   SdkSupportedTargetPlatformVersion
                       10.0.17763.0
                           WindowsSdkPackageVersion = 10.0.17763.57
                           MinimumNETVersion = 8.0
                       10.0.17763.0
                           WindowsSdkPackageVersion = 10.0.17763.55
                           MinimumNETVersion = 6.0
                       10.0.17763.0
                           WindowsSdkPackageVersion = 10.0.17763.26
                           MinimumNETVersion = 5.0
                       10.0.17763.1
                           NormalizedSupportedTargetPlatformVersion = 10.0.17763.0
                           WindowsSdkPackageVersion = 10.0.17763.57
                           MinimumNETVersion = 10.0
                       10.0.18362.0
                           WindowsSdkPackageVersion = 10.0.18362.55
                           MinimumNETVersion = 6.0
                       10.0.18362.0
                           WindowsSdkPackageVersion = 10.0.18362.57
                           MinimumNETVersion = 8.0
                       10.0.18362.0
                           WindowsSdkPackageVersion = 10.0.18362.26
                           MinimumNETVersion = 5.0
                       10.0.18362.1
                           NormalizedSupportedTargetPlatformVersion = 10.0.18362.0
                           WindowsSdkPackageVersion = 10.0.18362.57
                           MinimumNETVersion = 10.0
                       10.0.19041.0
                           WindowsSdkPackageVersion = 10.0.19041.55
                           MinimumNETVersion = 6.0
                       10.0.19041.0
                           WindowsSdkPackageVersion = 10.0.19041.26
                           MinimumNETVersion = 5.0
                       10.0.19041.0
                           WindowsSdkPackageVersion = 10.0.19041.57
                           MinimumNETVersion = 8.0
                       10.0.19041.1
                           NormalizedSupportedTargetPlatformVersion = 10.0.19041.0
                           WindowsSdkPackageVersion = 10.0.19041.57
                           MinimumNETVersion = 10.0
                       10.0.20348.0
                           WindowsSdkPackageVersion = 10.0.20348.55
                           MinimumNETVersion = 6.0
                       10.0.20348.0
                           WindowsSdkPackageVersion = 10.0.20348.26
                           MinimumNETVersion = 5.0
                       10.0.20348.0
                           WindowsSdkPackageVersion = 10.0.20348.57
                           MinimumNETVersion = 8.0
                       10.0.20348.1
                           NormalizedSupportedTargetPlatformVersion = 10.0.20348.0
                           WindowsSdkPackageVersion = 10.0.20348.57
                           MinimumNETVersion = 10.0
                       10.0.22000.0
                           WindowsSdkPackageVersion = 10.0.22000.57
                           MinimumNETVersion = 8.0
                       10.0.22000.0
                           WindowsSdkPackageVersion = 10.0.22000.55
                           MinimumNETVersion = 6.0
                       10.0.22000.0
                           WindowsSdkPackageVersion = 10.0.22000.26
                           MinimumNETVersion = 5.0
                       10.0.22000.1
                           NormalizedSupportedTargetPlatformVersion = 10.0.22000.0
                           WindowsSdkPackageVersion = 10.0.22000.57
                           MinimumNETVersion = 10.0
                       10.0.22621.0
                           WindowsSdkPackageVersion = 10.0.22621.57
                           MinimumNETVersion = 8.0
                       10.0.22621.0
                           WindowsSdkPackageVersion = 10.0.22621.55
                           MinimumNETVersion = 6.0
                       10.0.22621.1
                           NormalizedSupportedTargetPlatformVersion = 10.0.22621.0
                           WindowsSdkPackageVersion = 10.0.22621.57
                           MinimumNETVersion = 10.0
                       10.0.26100.0
                           WindowsSdkPackageVersion = 10.0.26100.55
                           MinimumNETVersion = 6.0
                       10.0.26100.0
                           WindowsSdkPackageVersion = 10.0.26100.57
                           MinimumNETVersion = 8.0
                       10.0.26100.1
                           NormalizedSupportedTargetPlatformVersion = 10.0.26100.0
                           WindowsSdkPackageVersion = 10.0.26100.57
                           MinimumNETVersion = 10.0
                       7.0
                       8.0
                   SourceLinkAzureReposGitHost
                       dev.azure.com
                       visualstudio.com
                       vsts.me
                   SourceLinkBitbucketGitHost
                       bitbucket.org
                           EnterpriseEdition = false
                   SourceLinkGitHubHost
                       github.com
                           ContentUrl = https://raw.githubusercontent.com
                   SourceLinkGitLabHost
                       gitlab.com
                   SupportedNETCoreAppTargetFramework
                       .NETCoreApp,Version=v10.0
                           DisplayName = .NET 10.0
                           Alias = net10.0
                       .NETCoreApp,Version=v3.0
                           DisplayName = .NET Core 3.0
                           Alias = netcoreapp3.0
                       .NETCoreApp,Version=v3.1
                           DisplayName = .NET Core 3.1
                           Alias = netcoreapp3.1
                       .NETCoreApp,Version=v5.0
                           DisplayName = .NET 5.0
                           Alias = net5.0
                       .NETCoreApp,Version=v6.0
                           DisplayName = .NET 6.0
                           Alias = net6.0
                       .NETCoreApp,Version=v7.0
                           DisplayName = .NET 7.0
                           Alias = net7.0
                       .NETCoreApp,Version=v8.0
                           DisplayName = .NET 8.0
                           Alias = net8.0
                       .NETCoreApp,Version=v9.0
                           DisplayName = .NET 9.0
                           Alias = net9.0
                   SupportedNETFrameworkTargetFramework
                       .NETFramework,Version=v3.0
                           DisplayName = .NET Framework 3.0
                           Alias = net30
                       .NETFramework,Version=v3.5
                           DisplayName = .NET Framework 3.5
                           Alias = net35
                       .NETFramework,Version=v4.0
                           DisplayName = .NET Framework 4.0
                           Alias = net40
                       .NETFramework,Version=v4.5
                           DisplayName = .NET Framework 4.5
                           Alias = net45
                       .NETFramework,Version=v4.5.1
                           DisplayName = .NET Framework 4.5.1
                           Alias = net451
                       .NETFramework,Version=v4.5.2
                           DisplayName = .NET Framework 4.5.2
                           Alias = net452
                       .NETFramework,Version=v4.6
                           DisplayName = .NET Framework 4.6
                           Alias = net46
                       .NETFramework,Version=v4.6.1
                           DisplayName = .NET Framework 4.6.1
                           Alias = net461
                       .NETFramework,Version=v4.6.2
                           DisplayName = .NET Framework 4.6.2
                           Alias = net462
                       .NETFramework,Version=v4.7
                           DisplayName = .NET Framework 4.7
                           Alias = net47
                       .NETFramework,Version=v4.7.1
                           DisplayName = .NET Framework 4.7.1
                           Alias = net471
                       .NETFramework,Version=v4.7.2
                           DisplayName = .NET Framework 4.7.2
                           Alias = net472
                       .NETFramework,Version=v4.8
                           DisplayName = .NET Framework 4.8
                           Alias = net48
                       .NETFramework,Version=v4.8.1
                           DisplayName = .NET Framework 4.8.1
                           Alias = net481
                   SupportedPlatform
                       Linux
                       macOS
                       Windows
                   SupportedTargetFramework
                       .NETCoreApp,Version=v10.0
                           DisplayName = .NET 10.0
                           Alias = net10.0
                       .NETCoreApp,Version=v3.0
                           DisplayName = .NET Core 3.0
                           Alias = netcoreapp3.0
                       .NETCoreApp,Version=v3.1
                           DisplayName = .NET Core 3.1
                           Alias = netcoreapp3.1
                       .NETCoreApp,Version=v5.0
                           DisplayName = .NET 5.0
                           Alias = net5.0
                       .NETCoreApp,Version=v6.0
                           DisplayName = .NET 6.0
                           Alias = net6.0
                       .NETCoreApp,Version=v7.0
                           DisplayName = .NET 7.0
                           Alias = net7.0
                       .NETCoreApp,Version=v8.0
                           DisplayName = .NET 8.0
                           Alias = net8.0
                       .NETCoreApp,Version=v9.0
                           DisplayName = .NET 9.0
                           Alias = net9.0
                       .NETFramework,Version=v3.0
                           DisplayName = .NET Framework 3.0
                           Alias = net30
                       .NETFramework,Version=v3.5
                           DisplayName = .NET Framework 3.5
                           Alias = net35
                       .NETFramework,Version=v4.0
                           DisplayName = .NET Framework 4.0
                           Alias = net40
                       .NETFramework,Version=v4.5
                           DisplayName = .NET Framework 4.5
                           Alias = net45
                       .NETFramework,Version=v4.5.1
                           DisplayName = .NET Framework 4.5.1
                           Alias = net451
                       .NETFramework,Version=v4.5.2
                           DisplayName = .NET Framework 4.5.2
                           Alias = net452
                       .NETFramework,Version=v4.6
                           DisplayName = .NET Framework 4.6
                           Alias = net46
                       .NETFramework,Version=v4.6.1
                           DisplayName = .NET Framework 4.6.1
                           Alias = net461
                       .NETFramework,Version=v4.6.2
                           DisplayName = .NET Framework 4.6.2
                           Alias = net462
                       .NETFramework,Version=v4.7
                           DisplayName = .NET Framework 4.7
                           Alias = net47
                       .NETFramework,Version=v4.7.1
                           DisplayName = .NET Framework 4.7.1
                           Alias = net471
                       .NETFramework,Version=v4.7.2
                           DisplayName = .NET Framework 4.7.2
                           Alias = net472
                       .NETFramework,Version=v4.8
                           DisplayName = .NET Framework 4.8
                           Alias = net48
                       .NETFramework,Version=v4.8.1
                           DisplayName = .NET Framework 4.8.1
                           Alias = net481
                   Using
                       System
                       System.Collections.Generic
                       System.Linq
                       System.Threading
                       System.Threading.Tasks
                   WindowsSdkSupportedTargetPlatformVersion
                       10.0.17763.0
                           WindowsSdkPackageVersion = 10.0.17763.57
                           MinimumNETVersion = 8.0
                       10.0.17763.0
                           WindowsSdkPackageVersion = 10.0.17763.55
                           MinimumNETVersion = 6.0
                       10.0.17763.0
                           WindowsSdkPackageVersion = 10.0.17763.26
                           MinimumNETVersion = 5.0
                       10.0.17763.1
                           WindowsSdkPackageVersion = 10.0.17763.57
                           MinimumNETVersion = 10.0
                       10.0.18362.0
                           WindowsSdkPackageVersion = 10.0.18362.55
                           MinimumNETVersion = 6.0
                       10.0.18362.0
                           WindowsSdkPackageVersion = 10.0.18362.57
                           MinimumNETVersion = 8.0
                       10.0.18362.0
                           WindowsSdkPackageVersion = 10.0.18362.26
                           MinimumNETVersion = 5.0
                       10.0.18362.1
                           WindowsSdkPackageVersion = 10.0.18362.57
                           MinimumNETVersion = 10.0
                       10.0.19041.0
                           WindowsSdkPackageVersion = 10.0.19041.55
                           MinimumNETVersion = 6.0
                       10.0.19041.0
                           WindowsSdkPackageVersion = 10.0.19041.26
                           MinimumNETVersion = 5.0
                       10.0.19041.0
                           WindowsSdkPackageVersion = 10.0.19041.57
                           MinimumNETVersion = 8.0
                       10.0.19041.1
                           WindowsSdkPackageVersion = 10.0.19041.57
                           MinimumNETVersion = 10.0
                       10.0.20348.0
                           WindowsSdkPackageVersion = 10.0.20348.55
                           MinimumNETVersion = 6.0
                       10.0.20348.0
                           WindowsSdkPackageVersion = 10.0.20348.26
                           MinimumNETVersion = 5.0
                       10.0.20348.0
                           WindowsSdkPackageVersion = 10.0.20348.57
                           MinimumNETVersion = 8.0
                       10.0.20348.1
                           WindowsSdkPackageVersion = 10.0.20348.57
                           MinimumNETVersion = 10.0
                       10.0.22000.0
                           WindowsSdkPackageVersion = 10.0.22000.57
                           MinimumNETVersion = 8.0
                       10.0.22000.0
                           WindowsSdkPackageVersion = 10.0.22000.55
                           MinimumNETVersion = 6.0
                       10.0.22000.0
                           WindowsSdkPackageVersion = 10.0.22000.26
                           MinimumNETVersion = 5.0
                       10.0.22000.1
                           WindowsSdkPackageVersion = 10.0.22000.57
                           MinimumNETVersion = 10.0
                       10.0.22621.0
                           WindowsSdkPackageVersion = 10.0.22621.57
                           MinimumNETVersion = 8.0
                       10.0.22621.0
                           WindowsSdkPackageVersion = 10.0.22621.55
                           MinimumNETVersion = 6.0
                       10.0.22621.1
                           WindowsSdkPackageVersion = 10.0.22621.57
                           MinimumNETVersion = 10.0
                       10.0.26100.0
                           WindowsSdkPackageVersion = 10.0.26100.55
                           MinimumNETVersion = 6.0
                       10.0.26100.0
                           WindowsSdkPackageVersion = 10.0.26100.57
                           MinimumNETVersion = 8.0
                       10.0.26100.1
                           WindowsSdkPackageVersion = 10.0.26100.57
                           MinimumNETVersion = 10.0
                       7.0
                       8.0

10:37:46.355     1>Project "c:\Users\niaci\RiderProjects\moenybox_devicecontroller\KIOSK\KIOSK.csproj" on node 1 (Restore target(s)).
10:37:46.359     1>Target "_LoadRestoreGraphEntryPoints: (TargetId:2)" in file "C:\Program Files\dotnet\sdk\10.0.102\NuGet.targets" from project "c:\Users\niaci\RiderProjects\moenybox_devicecontroller\KIOSK\KIOSK.csproj" (target "_FilterRestoreGraphProjectInputItems" depends on it):
10:37:46.361     1>Added Item(s): RestoreGraphProjectInputItems=c:\Users\niaci\RiderProjects\moenybox_devicecontroller\KIOSK\KIOSK.csproj
10:37:46.363     1>Done building target "_LoadRestoreGraphEntryPoints" in project "KIOSK.csproj".: (TargetId:2)
10:37:46.363     1>Target "_FilterRestoreGraphProjectInputItems: (TargetId:3)" in file "C:\Program Files\dotnet\sdk\10.0.102\NuGet.targets" from project "c:\Users\niaci\RiderProjects\moenybox_devicecontroller\KIOSK\KIOSK.csproj" (target "_GenerateRestoreGraph" depends on it):
                   Set Property: RestoreProjectFilterMode=exclusionlist
                   Added Item(s): _FilteredRestoreGraphProjectInputItemsTmp=c:\Users\niaci\RiderProjects\moenybox_devicecontroller\KIOSK\KIOSK.csproj
                   Using "RemoveDuplicates" task from assembly "Microsoft.Build.Tasks.Core, Version=15.1.0.0, Culture=neutral, PublicKeyToken=b03f5f7f11d50a3a".
                   Task "RemoveDuplicates" (TaskId:2)
                     Output Item(s): FilteredRestoreGraphProjectInputItemsWithoutDuplicates=c:\Users\niaci\RiderProjects\moenybox_devicecontroller\KIOSK\KIOSK.csproj (TaskId:2)
                   Done executing task "RemoveDuplicates". (TaskId:2)
                   Using "MSBuild" task from assembly "Microsoft.Build.Tasks.Core, Version=15.1.0.0, Culture=neutral, PublicKeyToken=b03f5f7f11d50a3a".
                   Task "MSBuild" (TaskId:3)
                     Task Parameter:Targets=_IsProjectRestoreSupported (TaskId:3)
                     Task Parameter:Projects=c:\Users\niaci\RiderProjects\moenybox_devicecontroller\KIOSK\KIOSK.csproj (TaskId:3)
                     Task Parameter:Properties=ExcludeRestorePackageImports=true (TaskId:3)
                     Task Parameter:SkipNonexistentTargets=True (TaskId:3)
                     Task Parameter:BuildInParallel=True (TaskId:3)
                     Global Properties: (TaskId:3)
                       ExcludeRestorePackageImports=true (TaskId:3)
10:37:46.381     0>C:\Program Files\dotnet\sdk\10.0.102\Sdks\Microsoft.NET.Sdk\Sdk\Sdk.props(49,11): message : Property 'MSBuildExtensionsPath' with value 'C:\Program Files\dotnet\sdk\10.0.102\' expanded from the environment.
                   C:\Program Files\dotnet\sdk\10.0.102\Current\Microsoft.Common.props(60,5): message : Property reassignment: $(MSBuildProjectExtensionsPath)="c:\Users\niaci\RiderProjects\moenybox_devicecontroller\KIOSK\obj\" (previous value: "obj\") at C:\Program Files\dotnet\sdk\10.0.102\Current\Microsoft.Common.props (60,5)
                   C:\Program Files\dotnet\sdk\10.0.102\Current\Microsoft.Common.props(84,119): message : Property 'MSBuildUserExtensionsPath' with value 'C:\Users\niaci\AppData\Local\Microsoft\MSBuild' expanded from the environment.
                   C:\Program Files\dotnet\sdk\10.0.102\Sdks\Microsoft.NET.Sdk\targets\Microsoft.NET.Sdk.props(90,5): message : Property reassignment: $(AssemblySearchPaths)="{CandidateAssemblyFiles};{HintPathFromItem}" (previous value: "{CandidateAssemblyFiles}") at C:\Program Files\dotnet\sdk\10.0.102\Sdks\Microsoft.NET.Sdk\targets\Microsoft.NET.Sdk.props (90,5)
                   C:\Program Files\dotnet\sdk\10.0.102\Sdks\Microsoft.NET.Sdk\targets\Microsoft.NET.Sdk.props(91,5): message : Property reassignment: $(AssemblySearchPaths)="{CandidateAssemblyFiles};{HintPathFromItem};{TargetFrameworkDirectory}" (previous value: "{CandidateAssemblyFiles};{HintPathFromItem}") at C:\Program Files\dotnet\sdk\10.0.102\Sdks\Microsoft.NET.Sdk\targets\Microsoft.NET.Sdk.props (91,5)
                   C:\Program Files\dotnet\sdk\10.0.102\Sdks\Microsoft.NET.Sdk\targets\Microsoft.NET.Sdk.props(92,5): message : Property reassignment: $(AssemblySearchPaths)="{CandidateAssemblyFiles};{HintPathFromItem};{TargetFrameworkDirectory};{RawFileName}" (previous value: "{CandidateAssemblyFiles};{HintPathFromItem};{TargetFrameworkDirectory}") at C:\Program Files\dotnet\sdk\10.0.102\Sdks\Microsoft.NET.Sdk\targets\Microsoft.NET.Sdk.props (92,5)
                   c:\Users\niaci\RiderProjects\moenybox_devicecontroller\KIOSK\KIOSK.csproj(4,9): message : Property reassignment: $(OutputType)="WinExe" (previous value: "Library") at c:\Users\niaci\RiderProjects\moenybox_devicecontroller\KIOSK\KIOSK.csproj (4,9)
                   c:\Users\niaci\RiderProjects\moenybox_devicecontroller\KIOSK\KIOSK.csproj(10,3): message : Property reassignment: $(Platforms)="AnyCPU;x86;x64" (previous value: "AnyCPU") at c:\Users\niaci\RiderProjects\moenybox_devicecontroller\KIOSK\KIOSK.csproj (10,3)
                   c:\Users\niaci\RiderProjects\moenybox_devicecontroller\KIOSK\KIOSK.csproj(11,3): message : Property reassignment: $(Configurations)="Debug;Release;Remote" (previous value: "Debug;Release") at c:\Users\niaci\RiderProjects\moenybox_devicecontroller\KIOSK\KIOSK.csproj (11,3)
                   C:\Program Files\dotnet\sdk\10.0.102\Sdks\Microsoft.NET.Sdk\targets\Microsoft.NET.Sdk.ImportPublishProfile.targets(28,5): message : Property reassignment: $(PublishProfileImported)="false" (previous value: "true") at C:\Program Files\dotnet\sdk\10.0.102\Sdks\Microsoft.NET.Sdk\targets\Microsoft.NET.Sdk.ImportPublishProfile.targets (28,5)
                   C:\Program Files\dotnet\sdk\10.0.102\Sdks\Microsoft.NET.Sdk\targets\Microsoft.NET.TargetFrameworkInference.targets(84,5): message : Property reassignment: $(TargetPlatformIdentifier)="Windows" (previous value: "windows") at C:\Program Files\dotnet\sdk\10.0.102\Sdks\Microsoft.NET.Sdk\targets\Microsoft.NET.TargetFrameworkInference.targets (84,5)
                   C:\Program Files\dotnet\sdk\10.0.102\Sdks\Microsoft.NET.Sdk\targets\Microsoft.NET.DefaultOutputPaths.targets(102,5): message : Property reassignment: $(BaseOutputPath)="bin\" (previous value: "") at C:\Program Files\dotnet\sdk\10.0.102\Sdks\Microsoft.NET.Sdk\targets\Microsoft.NET.DefaultOutputPaths.targets (102,5)
                   C:\Program Files\dotnet\sdk\10.0.102\Sdks\Microsoft.NET.Sdk\targets\Microsoft.NET.DefaultOutputPaths.targets(119,5): message : Property reassignment: $(PackageOutputPath)="bin\Debug\" (previous value: "") at C:\Program Files\dotnet\sdk\10.0.102\Sdks\Microsoft.NET.Sdk\targets\Microsoft.NET.DefaultOutputPaths.targets (119,5)
                   C:\Program Files\dotnet\sdk\10.0.102\Sdks\Microsoft.NET.Sdk\targets\Microsoft.NET.DefaultOutputPaths.targets(127,5): message : Property reassignment: $(DefaultItemExcludes)=";bin\Debug\/**;obj\Debug\/**" (previous value: ";bin\Debug\/**") at C:\Program Files\dotnet\sdk\10.0.102\Sdks\Microsoft.NET.Sdk\targets\Microsoft.NET.DefaultOutputPaths.targets (127,5)
                   C:\Program Files\dotnet\sdk\10.0.102\Sdks\Microsoft.NET.Sdk\targets\Microsoft.NET.DefaultOutputPaths.targets(142,5): message : Property reassignment: $(OutputPath)="bin\Debug\net9.0-windows10.0.17763.0\" (previous value: "bin\Debug\") at C:\Program Files\dotnet\sdk\10.0.102\Sdks\Microsoft.NET.Sdk\targets\Microsoft.NET.DefaultOutputPaths.targets (142,5)
                   C:\Program Files\dotnet\sdk\10.0.102\Sdks\Microsoft.NET.Sdk\targets\Microsoft.NET.DefaultOutputPaths.targets(147,5): message : Property reassignment: $(IntermediateOutputPath)="obj\Debug\net9.0-windows10.0.17763.0\" (previous value: "obj\Debug\") at C:\Program Files\dotnet\sdk\10.0.102\Sdks\Microsoft.NET.Sdk\targets\Microsoft.NET.DefaultOutputPaths.targets (147,5)
                   C:\Program Files\dotnet\sdk\10.0.102\Sdks\Microsoft.NET.Sdk\targets\Microsoft.NET.Sdk.BeforeCommon.targets(371,5): message : Property reassignment: $(RoslynTargetsPath)="C:\Program Files\dotnet\sdk\10.0.102\Sdks\Microsoft.NET.Sdk\targets\..\..\..\Roslyn" (previous value: "C:\Program Files\dotnet\sdk\10.0.102\Roslyn") at C:\Program Files\dotnet\sdk\10.0.102\Sdks\Microsoft.NET.Sdk\targets\Microsoft.NET.Sdk.BeforeCommon.targets (371,5)
                   C:\Program Files\dotnet\sdk\10.0.102\Roslyn\Microsoft.Managed.Core.targets(6,5): message : Property reassignment: $(_BuildTasksDirectory)="C:\Program Files\dotnet\sdk\10.0.102\Sdks\Microsoft.NET.Sdk\targets\..\..\..\Roslyn\" (previous value: "C:\Program Files\dotnet\sdk\10.0.102\Roslyn\") at C:\Program Files\dotnet\sdk\10.0.102\Roslyn\Microsoft.Managed.Core.targets (6,5)
                   C:\Program Files\dotnet\sdk\10.0.102\Roslyn\Microsoft.CSharp.Core.targets(200,5): message : Property reassignment: $(CommandLineArgsForDesignTimeEvaluation)="-langversion:13.0 -define:TRACE" (previous value: "-langversion:13.0") at C:\Program Files\dotnet\sdk\10.0.102\Roslyn\Microsoft.CSharp.Core.targets (200,5)
                   C:\Program Files\dotnet\sdk\10.0.102\Microsoft.Common.CurrentVersion.targets(175,5): message : Property reassignment: $(_DebugSymbolsProduced)="true" (previous value: "false") at C:\Program Files\dotnet\sdk\10.0.102\Microsoft.Common.CurrentVersion.targets (175,5)
                   C:\Program Files\dotnet\sdk\10.0.102\Microsoft.Common.CurrentVersion.targets(185,5): message : Property reassignment: $(_DocumentationFileProduced)="false" (previous value: "true") at C:\Program Files\dotnet\sdk\10.0.102\Microsoft.Common.CurrentVersion.targets (185,5)
                   C:\Program Files\dotnet\sdk\10.0.102\Microsoft.Common.CurrentVersion.targets(393,5): message : Property reassignment: $(MSBuildCopyMarkerName)="KIOSK.csproj.Up2Date" (previous value: "KIOSK.csproj") at C:\Program Files\dotnet\sdk\10.0.102\Microsoft.Common.CurrentVersion.targets (393,5)
                   C:\Program Files\dotnet\sdk\10.0.102\Microsoft.Common.CurrentVersion.targets(541,5): message : Property reassignment: $(ProcessorArchitecture)="msil" (previous value: "") at C:\Program Files\dotnet\sdk\10.0.102\Microsoft.Common.CurrentVersion.targets (541,5)
                   C:\Program Files\dotnet\sdk\10.0.102\Microsoft.Common.CurrentVersion.targets(580,5): message : Property reassignment: $(DelaySign)="" (previous value: "false") at C:\Program Files\dotnet\sdk\10.0.102\Microsoft.Common.CurrentVersion.targets (580,5)
                   C:\Program Files\dotnet\sdk\10.0.102\Microsoft.Common.CurrentVersion.targets(2606,5): message : Property 'LOCALAPPDATA' with value 'C:\Users\niaci\AppData\Local' expanded from the environment.
                   C:\Program Files\dotnet\sdk\10.0.102\Microsoft.Common.CurrentVersion.targets(3934,5): message : Property reassignment: $(_SGenGenerateSerializationAssembliesConfig)="Auto" (previous value: "") at C:\Program Files\dotnet\sdk\10.0.102\Microsoft.Common.CurrentVersion.targets (3934,5)
                   C:\Program Files\dotnet\sdk\10.0.102\Microsoft.Common.CurrentVersion.targets(3935,5): message : Property reassignment: $(_SGenGenerateSerializationAssembliesConfig)="Off" (previous value: "Auto") at C:\Program Files\dotnet\sdk\10.0.102\Microsoft.Common.CurrentVersion.targets (3935,5)
                   C:\Program Files\dotnet\sdk\10.0.102\Microsoft.Common.CurrentVersion.targets(5146,5): message : Property reassignment: $(_TargetsThatPrepareProjectReferences)="
                   C:\Program Files\dotnet\sdk\10.0.102\Microsoft.Common.CurrentVersion.targets(5146,5): message :       AssignProjectConfiguration;
                   C:\Program Files\dotnet\sdk\10.0.102\Microsoft.Common.CurrentVersion.targets(5146,5): message :       _SplitProjectReferencesByFileExistence
                   C:\Program Files\dotnet\sdk\10.0.102\Microsoft.Common.CurrentVersion.targets(5146,5): message :     " (previous value: "_SplitProjectReferencesByFileExistence") at C:\Program Files\dotnet\sdk\10.0.102\Microsoft.Common.CurrentVersion.targets (5146,5)
                   C:\Program Files\dotnet\sdk\10.0.102\Microsoft.Common.CurrentVersion.targets(6959,5): message : Property 'MSBuildExtensionsPath32' with value 'C:\Program Files\dotnet\sdk\10.0.102' expanded from the environment.
                   The "NuGetInteractive" property is a global property, and cannot be modified.
                   C:\Program Files\dotnet\sdk\10.0.102\Sdks\Microsoft.NET.Sdk\targets\Microsoft.PackageDependencyResolution.targets(24,5): message : Property reassignment: $(ProjectAssetsFile)="c:\Users\niaci\RiderProjects\moenybox_devicecontroller\KIOSK\obj\project.assets.json" (previous value: "c:\Users\niaci\RiderProjects\moenybox_devicecontroller\KIOSK\obj\/project.assets.json") at C:\Program Files\dotnet\sdk\10.0.102\Sdks\Microsoft.NET.Sdk\targets\Microsoft.PackageDependencyResolution.targets (24,5)
                   C:\Program Files\dotnet\sdk\10.0.102\Sdks\Microsoft.NET.Sdk\targets\Microsoft.PackageDependencyResolution.targets(29,5): message : Property reassignment: $(ProjectAssetsCacheFile)="c:\Users\niaci\RiderProjects\moenybox_devicecontroller\KIOSK\obj\Debug\net9.0-windows10.0.17763.0\KIOSK.assets.cache" (previous value: "obj\Debug\net9.0-windows10.0.17763.0\KIOSK.assets.cache") at C:\Program Files\dotnet\sdk\10.0.102\Sdks\Microsoft.NET.Sdk\targets\Microsoft.PackageDependencyResolution.targets (29,5)
                   C:\Program Files\dotnet\sdk\10.0.102\Sdks\Microsoft.NET.Sdk\targets\Microsoft.PackageDependencyResolution.targets(80,5): message : Property reassignment: $(ResolveAssemblyReferencesDependsOn)="
                   C:\Program Files\dotnet\sdk\10.0.102\Sdks\Microsoft.NET.Sdk\targets\Microsoft.PackageDependencyResolution.targets(80,5): message :       
                   C:\Program Files\dotnet\sdk\10.0.102\Sdks\Microsoft.NET.Sdk\targets\Microsoft.PackageDependencyResolution.targets(80,5): message :       ResolveProjectReferences;
                   C:\Program Files\dotnet\sdk\10.0.102\Sdks\Microsoft.NET.Sdk\targets\Microsoft.PackageDependencyResolution.targets(80,5): message :       FindInvalidProjectReferences;
                   C:\Program Files\dotnet\sdk\10.0.102\Sdks\Microsoft.NET.Sdk\targets\Microsoft.PackageDependencyResolution.targets(80,5): message :       GetFrameworkPaths;
                   C:\Program Files\dotnet\sdk\10.0.102\Sdks\Microsoft.NET.Sdk\targets\Microsoft.PackageDependencyResolution.targets(80,5): message :       GetReferenceAssemblyPaths;
                   C:\Program Files\dotnet\sdk\10.0.102\Sdks\Microsoft.NET.Sdk\targets\Microsoft.PackageDependencyResolution.targets(80,5): message :       PrepareForBuild;
                   C:\Program Files\dotnet\sdk\10.0.102\Sdks\Microsoft.NET.Sdk\targets\Microsoft.PackageDependencyResolution.targets(80,5): message :       ResolveSDKReferences;
                   C:\Program Files\dotnet\sdk\10.0.102\Sdks\Microsoft.NET.Sdk\targets\Microsoft.PackageDependencyResolution.targets(80,5): message :       ExpandSDKReferences;
                   C:\Program Files\dotnet\sdk\10.0.102\Sdks\Microsoft.NET.Sdk\targets\Microsoft.PackageDependencyResolution.targets(80,5): message :     ;
                   C:\Program Files\dotnet\sdk\10.0.102\Sdks\Microsoft.NET.Sdk\targets\Microsoft.PackageDependencyResolution.targets(80,5): message :       ResolvePackageDependenciesForBuild;
                   C:\Program Files\dotnet\sdk\10.0.102\Sdks\Microsoft.NET.Sdk\targets\Microsoft.PackageDependencyResolution.targets(80,5): message :       _HandlePackageFileConflicts;
                   C:\Program Files\dotnet\sdk\10.0.102\Sdks\Microsoft.NET.Sdk\targets\Microsoft.PackageDependencyResolution.targets(80,5): message :     " (previous value: "
                   C:\Program Files\dotnet\sdk\10.0.102\Sdks\Microsoft.NET.Sdk\targets\Microsoft.PackageDependencyResolution.targets(80,5): message :       ResolveProjectReferences;
                   C:\Program Files\dotnet\sdk\10.0.102\Sdks\Microsoft.NET.Sdk\targets\Microsoft.PackageDependencyResolution.targets(80,5): message :       FindInvalidProjectReferences;
                   C:\Program Files\dotnet\sdk\10.0.102\Sdks\Microsoft.NET.Sdk\targets\Microsoft.PackageDependencyResolution.targets(80,5): message :       GetFrameworkPaths;
                   C:\Program Files\dotnet\sdk\10.0.102\Sdks\Microsoft.NET.Sdk\targets\Microsoft.PackageDependencyResolution.targets(80,5): message :       GetReferenceAssemblyPaths;
                   C:\Program Files\dotnet\sdk\10.0.102\Sdks\Microsoft.NET.Sdk\targets\Microsoft.PackageDependencyResolution.targets(80,5): message :       PrepareForBuild;
                   C:\Program Files\dotnet\sdk\10.0.102\Sdks\Microsoft.NET.Sdk\targets\Microsoft.PackageDependencyResolution.targets(80,5): message :       ResolveSDKReferences;
                   C:\Program Files\dotnet\sdk\10.0.102\Sdks\Microsoft.NET.Sdk\targets\Microsoft.PackageDependencyResolution.targets(80,5): message :       ExpandSDKReferences;
                   C:\Program Files\dotnet\sdk\10.0.102\Sdks\Microsoft.NET.Sdk\targets\Microsoft.PackageDependencyResolution.targets(80,5): message :     ") at C:\Program Files\dotnet\sdk\10.0.102\Sdks\Microsoft.NET.Sdk\targets\Microsoft.PackageDependencyResolution.targets (80,5)
                   C:\Program Files\dotnet\sdk\10.0.102\Sdks\Microsoft.NET.Sdk\targets\Microsoft.PackageDependencyResolution.targets(86,5): message : Property reassignment: $(PrepareResourcesDependsOn)="
                   C:\Program Files\dotnet\sdk\10.0.102\Sdks\Microsoft.NET.Sdk\targets\Microsoft.PackageDependencyResolution.targets(86,5): message :       ResolvePackageDependenciesForBuild;
                   C:\Program Files\dotnet\sdk\10.0.102\Sdks\Microsoft.NET.Sdk\targets\Microsoft.PackageDependencyResolution.targets(86,5): message :       _HandlePackageFileConflicts;
                   C:\Program Files\dotnet\sdk\10.0.102\Sdks\Microsoft.NET.Sdk\targets\Microsoft.PackageDependencyResolution.targets(86,5): message :       
                   C:\Program Files\dotnet\sdk\10.0.102\Sdks\Microsoft.NET.Sdk\targets\Microsoft.PackageDependencyResolution.targets(86,5): message :       ;
                   C:\Program Files\dotnet\sdk\10.0.102\Sdks\Microsoft.NET.Sdk\targets\Microsoft.PackageDependencyResolution.targets(86,5): message :       PrepareResourceNames;
                   C:\Program Files\dotnet\sdk\10.0.102\Sdks\Microsoft.NET.Sdk\targets\Microsoft.PackageDependencyResolution.targets(86,5): message :       ResGen;
                   C:\Program Files\dotnet\sdk\10.0.102\Sdks\Microsoft.NET.Sdk\targets\Microsoft.PackageDependencyResolution.targets(86,5): message :       CompileLicxFiles
                   C:\Program Files\dotnet\sdk\10.0.102\Sdks\Microsoft.NET.Sdk\targets\Microsoft.PackageDependencyResolution.targets(86,5): message :     
                   C:\Program Files\dotnet\sdk\10.0.102\Sdks\Microsoft.NET.Sdk\targets\Microsoft.PackageDependencyResolution.targets(86,5): message :     " (previous value: "
                   C:\Program Files\dotnet\sdk\10.0.102\Sdks\Microsoft.NET.Sdk\targets\Microsoft.PackageDependencyResolution.targets(86,5): message :       ;
                   C:\Program Files\dotnet\sdk\10.0.102\Sdks\Microsoft.NET.Sdk\targets\Microsoft.PackageDependencyResolution.targets(86,5): message :       PrepareResourceNames;
                   C:\Program Files\dotnet\sdk\10.0.102\Sdks\Microsoft.NET.Sdk\targets\Microsoft.PackageDependencyResolution.targets(86,5): message :       ResGen;
                   C:\Program Files\dotnet\sdk\10.0.102\Sdks\Microsoft.NET.Sdk\targets\Microsoft.PackageDependencyResolution.targets(86,5): message :       CompileLicxFiles
                   C:\Program Files\dotnet\sdk\10.0.102\Sdks\Microsoft.NET.Sdk\targets\Microsoft.PackageDependencyResolution.targets(86,5): message :     ") at C:\Program Files\dotnet\sdk\10.0.102\Sdks\Microsoft.NET.Sdk\targets\Microsoft.PackageDependencyResolution.targets (86,5)
                   C:\Program Files\dotnet\sdk\10.0.102\Sdks\Microsoft.NET.Sdk\targets\Microsoft.NET.Sdk.DefaultItems.targets(35,5): message : Property reassignment: $(DefaultItemExcludes)=";bin\Debug\/**;obj\Debug\/**;bin\/**" (previous value: ";bin\Debug\/**;obj\Debug\/**") at C:\Program Files\dotnet\sdk\10.0.102\Sdks\Microsoft.NET.Sdk\targets\Microsoft.NET.Sdk.DefaultItems.targets (35,5)
                   C:\Program Files\dotnet\sdk\10.0.102\Sdks\Microsoft.NET.Sdk\targets\Microsoft.NET.Sdk.DefaultItems.targets(37,5): message : Property reassignment: $(DefaultItemExcludes)=";bin\Debug\/**;obj\Debug\/**;bin\/**;obj\/**" (previous value: ";bin\Debug\/**;obj\Debug\/**;bin\/**") at C:\Program Files\dotnet\sdk\10.0.102\Sdks\Microsoft.NET.Sdk\targets\Microsoft.NET.Sdk.DefaultItems.targets (37,5)
                   C:\Program Files\dotnet\sdk\10.0.102\Sdks\Microsoft.NET.Sdk\targets\Microsoft.NET.Sdk.DefaultItems.targets(40,5): message : Property reassignment: $(DefaultItemExcludes)=";bin\Debug\/**;obj\Debug\/**;bin\/**;obj\/**;**/*.user" (previous value: ";bin\Debug\/**;obj\Debug\/**;bin\/**;obj\/**") at C:\Program Files\dotnet\sdk\10.0.102\Sdks\Microsoft.NET.Sdk\targets\Microsoft.NET.Sdk.DefaultItems.targets (40,5)
                   C:\Program Files\dotnet\sdk\10.0.102\Sdks\Microsoft.NET.Sdk\targets\Microsoft.NET.Sdk.DefaultItems.targets(41,5): message : Property reassignment: $(DefaultItemExcludes)=";bin\Debug\/**;obj\Debug\/**;bin\/**;obj\/**;**/*.user;**/*.*proj" (previous value: ";bin\Debug\/**;obj\Debug\/**;bin\/**;obj\/**;**/*.user") at C:\Program Files\dotnet\sdk\10.0.102\Sdks\Microsoft.NET.Sdk\targets\Microsoft.NET.Sdk.DefaultItems.targets (41,5)
                   C:\Program Files\dotnet\sdk\10.0.102\Sdks\Microsoft.NET.Sdk\targets\Microsoft.NET.Sdk.DefaultItems.targets(42,5): message : Property reassignment: $(DefaultItemExcludes)=";bin\Debug\/**;obj\Debug\/**;bin\/**;obj\/**;**/*.user;**/*.*proj;**/*.sln" (previous value: ";bin\Debug\/**;obj\Debug\/**;bin\/**;obj\/**;**/*.user;**/*.*proj") at C:\Program Files\dotnet\sdk\10.0.102\Sdks\Microsoft.NET.Sdk\targets\Microsoft.NET.Sdk.DefaultItems.targets (42,5)
                   C:\Program Files\dotnet\sdk\10.0.102\Sdks\Microsoft.NET.Sdk\targets\Microsoft.NET.Sdk.DefaultItems.targets(43,5): message : Property reassignment: $(DefaultItemExcludes)=";bin\Debug\/**;obj\Debug\/**;bin\/**;obj\/**;**/*.user;**/*.*proj;**/*.sln;**/*.slnx" (previous value: ";bin\Debug\/**;obj\Debug\/**;bin\/**;obj\/**;**/*.user;**/*.*proj;**/*.sln") at C:\Program Files\dotnet\sdk\10.0.102\Sdks\Microsoft.NET.Sdk\targets\Microsoft.NET.Sdk.DefaultItems.targets (43,5)
                   C:\Program Files\dotnet\sdk\10.0.102\Sdks\Microsoft.NET.Sdk\targets\Microsoft.NET.Sdk.DefaultItems.targets(44,5): message : Property reassignment: $(DefaultItemExcludes)=";bin\Debug\/**;obj\Debug\/**;bin\/**;obj\/**;**/*.user;**/*.*proj;**/*.sln;**/*.slnx;**/*.vssscc" (previous value: ";bin\Debug\/**;obj\Debug\/**;bin\/**;obj\/**;**/*.user;**/*.*proj;**/*.sln;**/*.slnx") at C:\Program Files\dotnet\sdk\10.0.102\Sdks\Microsoft.NET.Sdk\targets\Microsoft.NET.Sdk.DefaultItems.targets (44,5)
                   C:\Program Files\dotnet\sdk\10.0.102\Sdks\Microsoft.NET.Sdk\targets\Microsoft.NET.Sdk.DefaultItems.targets(45,5): message : Property reassignment: $(DefaultItemExcludes)=";bin\Debug\/**;obj\Debug\/**;bin\/**;obj\/**;**/*.user;**/*.*proj;**/*.sln;**/*.slnx;**/*.vssscc;**/.DS_Store" (previous value: ";bin\Debug\/**;obj\Debug\/**;bin\/**;obj\/**;**/*.user;**/*.*proj;**/*.sln;**/*.slnx;**/*.vssscc") at C:\Program Files\dotnet\sdk\10.0.102\Sdks\Microsoft.NET.Sdk\targets\Microsoft.NET.Sdk.DefaultItems.targets (45,5)
                   C:\Program Files\dotnet\sdk\10.0.102\Sdks\Microsoft.NET.Sdk\targets\Microsoft.NET.Sdk.FrameworkReferenceResolution.targets(14,5): message : Property reassignment: $(ResolveAssemblyReferencesDependsOn)="
                   C:\Program Files\dotnet\sdk\10.0.102\Sdks\Microsoft.NET.Sdk\targets\Microsoft.NET.Sdk.FrameworkReferenceResolution.targets(14,5): message :       
                   C:\Program Files\dotnet\sdk\10.0.102\Sdks\Microsoft.NET.Sdk\targets\Microsoft.NET.Sdk.FrameworkReferenceResolution.targets(14,5): message :       
                   C:\Program Files\dotnet\sdk\10.0.102\Sdks\Microsoft.NET.Sdk\targets\Microsoft.NET.Sdk.FrameworkReferenceResolution.targets(14,5): message :       ResolveProjectReferences;
                   C:\Program Files\dotnet\sdk\10.0.102\Sdks\Microsoft.NET.Sdk\targets\Microsoft.NET.Sdk.FrameworkReferenceResolution.targets(14,5): message :       FindInvalidProjectReferences;
                   C:\Program Files\dotnet\sdk\10.0.102\Sdks\Microsoft.NET.Sdk\targets\Microsoft.NET.Sdk.FrameworkReferenceResolution.targets(14,5): message :       GetFrameworkPaths;
                   C:\Program Files\dotnet\sdk\10.0.102\Sdks\Microsoft.NET.Sdk\targets\Microsoft.NET.Sdk.FrameworkReferenceResolution.targets(14,5): message :       GetReferenceAssemblyPaths;
                   C:\Program Files\dotnet\sdk\10.0.102\Sdks\Microsoft.NET.Sdk\targets\Microsoft.NET.Sdk.FrameworkReferenceResolution.targets(14,5): message :       PrepareForBuild;
                   C:\Program Files\dotnet\sdk\10.0.102\Sdks\Microsoft.NET.Sdk\targets\Microsoft.NET.Sdk.FrameworkReferenceResolution.targets(14,5): message :       ResolveSDKReferences;
                   C:\Program Files\dotnet\sdk\10.0.102\Sdks\Microsoft.NET.Sdk\targets\Microsoft.NET.Sdk.FrameworkReferenceResolution.targets(14,5): message :       ExpandSDKReferences;
                   C:\Program Files\dotnet\sdk\10.0.102\Sdks\Microsoft.NET.Sdk\targets\Microsoft.NET.Sdk.FrameworkReferenceResolution.targets(14,5): message :     ;
                   C:\Program Files\dotnet\sdk\10.0.102\Sdks\Microsoft.NET.Sdk\targets\Microsoft.NET.Sdk.FrameworkReferenceResolution.targets(14,5): message :       ResolvePackageDependenciesForBuild;
                   C:\Program Files\dotnet\sdk\10.0.102\Sdks\Microsoft.NET.Sdk\targets\Microsoft.NET.Sdk.FrameworkReferenceResolution.targets(14,5): message :       _HandlePackageFileConflicts;
                   C:\Program Files\dotnet\sdk\10.0.102\Sdks\Microsoft.NET.Sdk\targets\Microsoft.NET.Sdk.FrameworkReferenceResolution.targets(14,5): message :     ;
                   C:\Program Files\dotnet\sdk\10.0.102\Sdks\Microsoft.NET.Sdk\targets\Microsoft.NET.Sdk.FrameworkReferenceResolution.targets(14,5): message :       ResolveTargetingPackAssets;
                   C:\Program Files\dotnet\sdk\10.0.102\Sdks\Microsoft.NET.Sdk\targets\Microsoft.NET.Sdk.FrameworkReferenceResolution.targets(14,5): message :     " (previous value: "
                   C:\Program Files\dotnet\sdk\10.0.102\Sdks\Microsoft.NET.Sdk\targets\Microsoft.NET.Sdk.FrameworkReferenceResolution.targets(14,5): message :       
                   C:\Program Files\dotnet\sdk\10.0.102\Sdks\Microsoft.NET.Sdk\targets\Microsoft.NET.Sdk.FrameworkReferenceResolution.targets(14,5): message :       ResolveProjectReferences;
                   C:\Program Files\dotnet\sdk\10.0.102\Sdks\Microsoft.NET.Sdk\targets\Microsoft.NET.Sdk.FrameworkReferenceResolution.targets(14,5): message :       FindInvalidProjectReferences;
                   C:\Program Files\dotnet\sdk\10.0.102\Sdks\Microsoft.NET.Sdk\targets\Microsoft.NET.Sdk.FrameworkReferenceResolution.targets(14,5): message :       GetFrameworkPaths;
                   C:\Program Files\dotnet\sdk\10.0.102\Sdks\Microsoft.NET.Sdk\targets\Microsoft.NET.Sdk.FrameworkReferenceResolution.targets(14,5): message :       GetReferenceAssemblyPaths;
                   C:\Program Files\dotnet\sdk\10.0.102\Sdks\Microsoft.NET.Sdk\targets\Microsoft.NET.Sdk.FrameworkReferenceResolution.targets(14,5): message :       PrepareForBuild;
                   C:\Program Files\dotnet\sdk\10.0.102\Sdks\Microsoft.NET.Sdk\targets\Microsoft.NET.Sdk.FrameworkReferenceResolution.targets(14,5): message :       ResolveSDKReferences;
                   C:\Program Files\dotnet\sdk\10.0.102\Sdks\Microsoft.NET.Sdk\targets\Microsoft.NET.Sdk.FrameworkReferenceResolution.targets(14,5): message :       ExpandSDKReferences;
                   C:\Program Files\dotnet\sdk\10.0.102\Sdks\Microsoft.NET.Sdk\targets\Microsoft.NET.Sdk.FrameworkReferenceResolution.targets(14,5): message :     ;
                   C:\Program Files\dotnet\sdk\10.0.102\Sdks\Microsoft.NET.Sdk\targets\Microsoft.NET.Sdk.FrameworkReferenceResolution.targets(14,5): message :       ResolvePackageDependenciesForBuild;
                   C:\Program Files\dotnet\sdk\10.0.102\Sdks\Microsoft.NET.Sdk\targets\Microsoft.NET.Sdk.FrameworkReferenceResolution.targets(14,5): message :       _HandlePackageFileConflicts;
                   C:\Program Files\dotnet\sdk\10.0.102\Sdks\Microsoft.NET.Sdk\targets\Microsoft.NET.Sdk.FrameworkReferenceResolution.targets(14,5): message :     ") at C:\Program Files\dotnet\sdk\10.0.102\Sdks\Microsoft.NET.Sdk\targets\Microsoft.NET.Sdk.FrameworkReferenceResolution.targets (14,5)
                   C:\Program Files\dotnet\sdk\10.0.102\Sdks\Microsoft.NET.Sdk\targets\Microsoft.NET.Sdk.targets(44,5): message : Property reassignment: $(_GenerateRuntimeConfigurationPropertyInputsCache)="c:\Users\niaci\RiderProjects\moenybox_devicecontroller\KIOSK\obj\Debug\net9.0-windows10.0.17763.0\KIOSK.genruntimeconfig.cache" (previous value: "obj\Debug\net9.0-windows10.0.17763.0\KIOSK.genruntimeconfig.cache") at C:\Program Files\dotnet\sdk\10.0.102\Sdks\Microsoft.NET.Sdk\targets\Microsoft.NET.Sdk.targets (44,5)
                   C:\Program Files\dotnet\sdk\10.0.102\Sdks\Microsoft.NET.Sdk\targets\Microsoft.NET.Sdk.targets(46,5): message : Property reassignment: $(_GeneratePublishDependencyFilePropertyInputsCache)="c:\Users\niaci\RiderProjects\moenybox_devicecontroller\KIOSK\obj\Debug\net9.0-windows10.0.17763.0\KIOSK.genpublishdeps.cache" (previous value: "obj\Debug\net9.0-windows10.0.17763.0\KIOSK.genpublishdeps.cache") at C:\Program Files\dotnet\sdk\10.0.102\Sdks\Microsoft.NET.Sdk\targets\Microsoft.NET.Sdk.targets (46,5)
                   C:\Program Files\dotnet\sdk\10.0.102\Sdks\Microsoft.NET.Sdk\targets\Microsoft.NET.Sdk.targets(48,5): message : Property reassignment: $(_GenerateSingleFileBundlePropertyInputsCache)="c:\Users\niaci\RiderProjects\moenybox_devicecontroller\KIOSK\obj\Debug\net9.0-windows10.0.17763.0\KIOSK.genbundle.cache" (previous value: "obj\Debug\net9.0-windows10.0.17763.0\KIOSK.genbundle.cache") at C:\Program Files\dotnet\sdk\10.0.102\Sdks\Microsoft.NET.Sdk\targets\Microsoft.NET.Sdk.targets (48,5)
                   C:\Program Files\dotnet\sdk\10.0.102\Sdks\Microsoft.NET.Sdk\targets\Microsoft.NET.Sdk.targets(81,5): message : Property reassignment: $(GenerateRuntimeConfigDevFile)="false" (previous value: "true") at C:\Program Files\dotnet\sdk\10.0.102\Sdks\Microsoft.NET.Sdk\targets\Microsoft.NET.Sdk.targets (81,5)
                   C:\Program Files\dotnet\sdk\10.0.102\Sdks\Microsoft.NET.Sdk\targets\Microsoft.NET.Sdk.targets(98,5): message : Property 'USERPROFILE' with value 'C:\Users\niaci' expanded from the environment.
                   C:\Program Files\dotnet\sdk\10.0.102\Sdks\Microsoft.NET.Sdk\targets\Microsoft.NET.Sdk.targets(98,5): message : Property reassignment: $(_DefaultUserProfileRuntimeStorePath)="C:\Users\niaci" (previous value: "") at C:\Program Files\dotnet\sdk\10.0.102\Sdks\Microsoft.NET.Sdk\targets\Microsoft.NET.Sdk.targets (98,5)
                   C:\Program Files\dotnet\sdk\10.0.102\Sdks\Microsoft.NET.Sdk\targets\Microsoft.NET.Sdk.targets(99,5): message : Property reassignment: $(_DefaultUserProfileRuntimeStorePath)="C:\Users\niaci\.dotnet\store" (previous value: "C:\Users\niaci") at C:\Program Files\dotnet\sdk\10.0.102\Sdks\Microsoft.NET.Sdk\targets\Microsoft.NET.Sdk.targets (99,5)
                   C:\Program Files\dotnet\sdk\10.0.102\Sdks\Microsoft.NET.Sdk\targets\Microsoft.NET.Sdk.targets(144,5): message : Property reassignment: $(AvailablePlatforms)="Any CPU,x86,x64,ARM32" (previous value: "Any CPU,x86,x64") at C:\Program Files\dotnet\sdk\10.0.102\Sdks\Microsoft.NET.Sdk\targets\Microsoft.NET.Sdk.targets (144,5)
                   C:\Program Files\dotnet\sdk\10.0.102\Sdks\Microsoft.NET.Sdk\targets\Microsoft.NET.Sdk.targets(148,5): message : Property reassignment: $(AvailablePlatforms)="Any CPU,x86,x64,ARM32,ARM64" (previous value: "Any CPU,x86,x64,ARM32") at C:\Program Files\dotnet\sdk\10.0.102\Sdks\Microsoft.NET.Sdk\targets\Microsoft.NET.Sdk.targets (148,5)
                   C:\Program Files\dotnet\sdk\10.0.102\Sdks\Microsoft.NET.Sdk\targets\Microsoft.NET.Sdk.targets(204,5): message : Property reassignment: $(CoreBuildDependsOn)="
                   C:\Program Files\dotnet\sdk\10.0.102\Sdks\Microsoft.NET.Sdk\targets\Microsoft.NET.Sdk.targets(204,5): message :       _CheckForBuildWithNoBuild;
                   C:\Program Files\dotnet\sdk\10.0.102\Sdks\Microsoft.NET.Sdk\targets\Microsoft.NET.Sdk.targets(204,5): message :       
                   C:\Program Files\dotnet\sdk\10.0.102\Sdks\Microsoft.NET.Sdk\targets\Microsoft.NET.Sdk.targets(204,5): message :       BuildOnlySettings;
                   C:\Program Files\dotnet\sdk\10.0.102\Sdks\Microsoft.NET.Sdk\targets\Microsoft.NET.Sdk.targets(204,5): message :       PrepareForBuild;
                   C:\Program Files\dotnet\sdk\10.0.102\Sdks\Microsoft.NET.Sdk\targets\Microsoft.NET.Sdk.targets(204,5): message :       PreBuildEvent;
                   C:\Program Files\dotnet\sdk\10.0.102\Sdks\Microsoft.NET.Sdk\targets\Microsoft.NET.Sdk.targets(204,5): message :       ResolveReferences;
                   C:\Program Files\dotnet\sdk\10.0.102\Sdks\Microsoft.NET.Sdk\targets\Microsoft.NET.Sdk.targets(204,5): message :       PrepareResources;
                   C:\Program Files\dotnet\sdk\10.0.102\Sdks\Microsoft.NET.Sdk\targets\Microsoft.NET.Sdk.targets(204,5): message :       ResolveKeySource;
                   C:\Program Files\dotnet\sdk\10.0.102\Sdks\Microsoft.NET.Sdk\targets\Microsoft.NET.Sdk.targets(204,5): message :       Compile;
                   C:\Program Files\dotnet\sdk\10.0.102\Sdks\Microsoft.NET.Sdk\targets\Microsoft.NET.Sdk.targets(204,5): message :       ExportWindowsMDFile;
                   C:\Program Files\dotnet\sdk\10.0.102\Sdks\Microsoft.NET.Sdk\targets\Microsoft.NET.Sdk.targets(204,5): message :       UnmanagedUnregistration;
                   C:\Program Files\dotnet\sdk\10.0.102\Sdks\Microsoft.NET.Sdk\targets\Microsoft.NET.Sdk.targets(204,5): message :       GenerateSerializationAssemblies;
                   C:\Program Files\dotnet\sdk\10.0.102\Sdks\Microsoft.NET.Sdk\targets\Microsoft.NET.Sdk.targets(204,5): message :       CreateSatelliteAssemblies;
                   C:\Program Files\dotnet\sdk\10.0.102\Sdks\Microsoft.NET.Sdk\targets\Microsoft.NET.Sdk.targets(204,5): message :       GenerateManifests;
                   C:\Program Files\dotnet\sdk\10.0.102\Sdks\Microsoft.NET.Sdk\targets\Microsoft.NET.Sdk.targets(204,5): message :       GetTargetPath;
                   C:\Program Files\dotnet\sdk\10.0.102\Sdks\Microsoft.NET.Sdk\targets\Microsoft.NET.Sdk.targets(204,5): message :       PrepareForRun;
                   C:\Program Files\dotnet\sdk\10.0.102\Sdks\Microsoft.NET.Sdk\targets\Microsoft.NET.Sdk.targets(204,5): message :       UnmanagedRegistration;
                   C:\Program Files\dotnet\sdk\10.0.102\Sdks\Microsoft.NET.Sdk\targets\Microsoft.NET.Sdk.targets(204,5): message :       IncrementalClean;
                   C:\Program Files\dotnet\sdk\10.0.102\Sdks\Microsoft.NET.Sdk\targets\Microsoft.NET.Sdk.targets(204,5): message :       PostBuildEvent
                   C:\Program Files\dotnet\sdk\10.0.102\Sdks\Microsoft.NET.Sdk\targets\Microsoft.NET.Sdk.targets(204,5): message :     ;
                   C:\Program Files\dotnet\sdk\10.0.102\Sdks\Microsoft.NET.Sdk\targets\Microsoft.NET.Sdk.targets(204,5): message :       GenerateBuildDependencyFile;
                   C:\Program Files\dotnet\sdk\10.0.102\Sdks\Microsoft.NET.Sdk\targets\Microsoft.NET.Sdk.targets(204,5): message :       GenerateBuildRuntimeConfigurationFiles
                   C:\Program Files\dotnet\sdk\10.0.102\Sdks\Microsoft.NET.Sdk\targets\Microsoft.NET.Sdk.targets(204,5): message :     " (previous value: "
                   C:\Program Files\dotnet\sdk\10.0.102\Sdks\Microsoft.NET.Sdk\targets\Microsoft.NET.Sdk.targets(204,5): message :       BuildOnlySettings;
                   C:\Program Files\dotnet\sdk\10.0.102\Sdks\Microsoft.NET.Sdk\targets\Microsoft.NET.Sdk.targets(204,5): message :       PrepareForBuild;
                   C:\Program Files\dotnet\sdk\10.0.102\Sdks\Microsoft.NET.Sdk\targets\Microsoft.NET.Sdk.targets(204,5): message :       PreBuildEvent;
                   C:\Program Files\dotnet\sdk\10.0.102\Sdks\Microsoft.NET.Sdk\targets\Microsoft.NET.Sdk.targets(204,5): message :       ResolveReferences;
                   C:\Program Files\dotnet\sdk\10.0.102\Sdks\Microsoft.NET.Sdk\targets\Microsoft.NET.Sdk.targets(204,5): message :       PrepareResources;
                   C:\Program Files\dotnet\sdk\10.0.102\Sdks\Microsoft.NET.Sdk\targets\Microsoft.NET.Sdk.targets(204,5): message :       ResolveKeySource;
                   C:\Program Files\dotnet\sdk\10.0.102\Sdks\Microsoft.NET.Sdk\targets\Microsoft.NET.Sdk.targets(204,5): message :       Compile;
                   C:\Program Files\dotnet\sdk\10.0.102\Sdks\Microsoft.NET.Sdk\targets\Microsoft.NET.Sdk.targets(204,5): message :       ExportWindowsMDFile;
                   C:\Program Files\dotnet\sdk\10.0.102\Sdks\Microsoft.NET.Sdk\targets\Microsoft.NET.Sdk.targets(204,5): message :       UnmanagedUnregistration;
                   C:\Program Files\dotnet\sdk\10.0.102\Sdks\Microsoft.NET.Sdk\targets\Microsoft.NET.Sdk.targets(204,5): message :       GenerateSerializationAssemblies;
                   C:\Program Files\dotnet\sdk\10.0.102\Sdks\Microsoft.NET.Sdk\targets\Microsoft.NET.Sdk.targets(204,5): message :       CreateSatelliteAssemblies;
                   C:\Program Files\dotnet\sdk\10.0.102\Sdks\Microsoft.NET.Sdk\targets\Microsoft.NET.Sdk.targets(204,5): message :       GenerateManifests;
                   C:\Program Files\dotnet\sdk\10.0.102\Sdks\Microsoft.NET.Sdk\targets\Microsoft.NET.Sdk.targets(204,5): message :       GetTargetPath;
                   C:\Program Files\dotnet\sdk\10.0.102\Sdks\Microsoft.NET.Sdk\targets\Microsoft.NET.Sdk.targets(204,5): message :       PrepareForRun;
                   C:\Program Files\dotnet\sdk\10.0.102\Sdks\Microsoft.NET.Sdk\targets\Microsoft.NET.Sdk.targets(204,5): message :       UnmanagedRegistration;
                   C:\Program Files\dotnet\sdk\10.0.102\Sdks\Microsoft.NET.Sdk\targets\Microsoft.NET.Sdk.targets(204,5): message :       IncrementalClean;
                   C:\Program Files\dotnet\sdk\10.0.102\Sdks\Microsoft.NET.Sdk\targets\Microsoft.NET.Sdk.targets(204,5): message :       PostBuildEvent
                   C:\Program Files\dotnet\sdk\10.0.102\Sdks\Microsoft.NET.Sdk\targets\Microsoft.NET.Sdk.targets(204,5): message :     ") at C:\Program Files\dotnet\sdk\10.0.102\Sdks\Microsoft.NET.Sdk\targets\Microsoft.NET.Sdk.targets (204,5)
                   C:\Program Files\dotnet\sdk\10.0.102\Sdks\Microsoft.NET.Sdk\targets\Microsoft.NET.Sdk.targets(213,5): message : Property reassignment: $(CoreCleanDependsOn)="
                   C:\Program Files\dotnet\sdk\10.0.102\Sdks\Microsoft.NET.Sdk\targets\Microsoft.NET.Sdk.targets(213,5): message :       _SdkBeforeClean;
                   C:\Program Files\dotnet\sdk\10.0.102\Sdks\Microsoft.NET.Sdk\targets\Microsoft.NET.Sdk.targets(213,5): message :       
                   C:\Program Files\dotnet\sdk\10.0.102\Sdks\Microsoft.NET.Sdk\targets\Microsoft.NET.Sdk.targets(213,5): message :     " (previous value: "") at C:\Program Files\dotnet\sdk\10.0.102\Sdks\Microsoft.NET.Sdk\targets\Microsoft.NET.Sdk.targets (213,5)
                   C:\Program Files\dotnet\sdk\10.0.102\Sdks\Microsoft.NET.Sdk\targets\Microsoft.NET.Sdk.targets(220,5): message : Property reassignment: $(RebuildDependsOn)="
                   C:\Program Files\dotnet\sdk\10.0.102\Sdks\Microsoft.NET.Sdk\targets\Microsoft.NET.Sdk.targets(220,5): message :       _SdkBeforeRebuild;
                   C:\Program Files\dotnet\sdk\10.0.102\Sdks\Microsoft.NET.Sdk\targets\Microsoft.NET.Sdk.targets(220,5): message :       
                   C:\Program Files\dotnet\sdk\10.0.102\Sdks\Microsoft.NET.Sdk\targets\Microsoft.NET.Sdk.targets(220,5): message :       BeforeRebuild;
                   C:\Program Files\dotnet\sdk\10.0.102\Sdks\Microsoft.NET.Sdk\targets\Microsoft.NET.Sdk.targets(220,5): message :       Clean;
                   C:\Program Files\dotnet\sdk\10.0.102\Sdks\Microsoft.NET.Sdk\targets\Microsoft.NET.Sdk.targets(220,5): message :       Build;
                   C:\Program Files\dotnet\sdk\10.0.102\Sdks\Microsoft.NET.Sdk\targets\Microsoft.NET.Sdk.targets(220,5): message :       AfterRebuild;
                   C:\Program Files\dotnet\sdk\10.0.102\Sdks\Microsoft.NET.Sdk\targets\Microsoft.NET.Sdk.targets(220,5): message :     
                   C:\Program Files\dotnet\sdk\10.0.102\Sdks\Microsoft.NET.Sdk\targets\Microsoft.NET.Sdk.targets(220,5): message :     " (previous value: "
                   C:\Program Files\dotnet\sdk\10.0.102\Sdks\Microsoft.NET.Sdk\targets\Microsoft.NET.Sdk.targets(220,5): message :       BeforeRebuild;
                   C:\Program Files\dotnet\sdk\10.0.102\Sdks\Microsoft.NET.Sdk\targets\Microsoft.NET.Sdk.targets(220,5): message :       Clean;
                   C:\Program Files\dotnet\sdk\10.0.102\Sdks\Microsoft.NET.Sdk\targets\Microsoft.NET.Sdk.targets(220,5): message :       Build;
                   C:\Program Files\dotnet\sdk\10.0.102\Sdks\Microsoft.NET.Sdk\targets\Microsoft.NET.Sdk.targets(220,5): message :       AfterRebuild;
                   C:\Program Files\dotnet\sdk\10.0.102\Sdks\Microsoft.NET.Sdk\targets\Microsoft.NET.Sdk.targets(220,5): message :     ") at C:\Program Files\dotnet\sdk\10.0.102\Sdks\Microsoft.NET.Sdk\targets\Microsoft.NET.Sdk.targets (220,5)
                   C:\Program Files\dotnet\sdk\10.0.102\Sdks\Microsoft.NET.Sdk\targets\Microsoft.NET.Sdk.targets(799,5): message : Property reassignment: $(CompileDependsOn)="
                   C:\Program Files\dotnet\sdk\10.0.102\Sdks\Microsoft.NET.Sdk\targets\Microsoft.NET.Sdk.targets(799,5): message :       
                   C:\Program Files\dotnet\sdk\10.0.102\Sdks\Microsoft.NET.Sdk\targets\Microsoft.NET.Sdk.targets(799,5): message :       ResolveReferences;
                   C:\Program Files\dotnet\sdk\10.0.102\Sdks\Microsoft.NET.Sdk\targets\Microsoft.NET.Sdk.targets(799,5): message :       ResolveKeySource;
                   C:\Program Files\dotnet\sdk\10.0.102\Sdks\Microsoft.NET.Sdk\targets\Microsoft.NET.Sdk.targets(799,5): message :       SetWin32ManifestProperties;
                   C:\Program Files\dotnet\sdk\10.0.102\Sdks\Microsoft.NET.Sdk\targets\Microsoft.NET.Sdk.targets(799,5): message :       _SetPreferNativeArm64Win32ManifestProperties;
                   C:\Program Files\dotnet\sdk\10.0.102\Sdks\Microsoft.NET.Sdk\targets\Microsoft.NET.Sdk.targets(799,5): message :       FindReferenceAssembliesForReferences;
                   C:\Program Files\dotnet\sdk\10.0.102\Sdks\Microsoft.NET.Sdk\targets\Microsoft.NET.Sdk.targets(799,5): message :       _GenerateCompileInputs;
                   C:\Program Files\dotnet\sdk\10.0.102\Sdks\Microsoft.NET.Sdk\targets\Microsoft.NET.Sdk.targets(799,5): message :       BeforeCompile;
                   C:\Program Files\dotnet\sdk\10.0.102\Sdks\Microsoft.NET.Sdk\targets\Microsoft.NET.Sdk.targets(799,5): message :       _TimeStampBeforeCompile;
                   C:\Program Files\dotnet\sdk\10.0.102\Sdks\Microsoft.NET.Sdk\targets\Microsoft.NET.Sdk.targets(799,5): message :       _GenerateCompileDependencyCache;
                   C:\Program Files\dotnet\sdk\10.0.102\Sdks\Microsoft.NET.Sdk\targets\Microsoft.NET.Sdk.targets(799,5): message :       CoreCompile;
                   C:\Program Files\dotnet\sdk\10.0.102\Sdks\Microsoft.NET.Sdk\targets\Microsoft.NET.Sdk.targets(799,5): message :       _TimeStampAfterCompile;
                   C:\Program Files\dotnet\sdk\10.0.102\Sdks\Microsoft.NET.Sdk\targets\Microsoft.NET.Sdk.targets(799,5): message :       AfterCompile;
                   C:\Program Files\dotnet\sdk\10.0.102\Sdks\Microsoft.NET.Sdk\targets\Microsoft.NET.Sdk.targets(799,5): message :     ;
                   C:\Program Files\dotnet\sdk\10.0.102\Sdks\Microsoft.NET.Sdk\targets\Microsoft.NET.Sdk.targets(799,5): message :       _CreateAppHost;
                   C:\Program Files\dotnet\sdk\10.0.102\Sdks\Microsoft.NET.Sdk\targets\Microsoft.NET.Sdk.targets(799,5): message :       _CreateComHost;
                   C:\Program Files\dotnet\sdk\10.0.102\Sdks\Microsoft.NET.Sdk\targets\Microsoft.NET.Sdk.targets(799,5): message :       _GetIjwHostPaths;
                   C:\Program Files\dotnet\sdk\10.0.102\Sdks\Microsoft.NET.Sdk\targets\Microsoft.NET.Sdk.targets(799,5): message :     " (previous value: "
                   C:\Program Files\dotnet\sdk\10.0.102\Sdks\Microsoft.NET.Sdk\targets\Microsoft.NET.Sdk.targets(799,5): message :       ResolveReferences;
                   C:\Program Files\dotnet\sdk\10.0.102\Sdks\Microsoft.NET.Sdk\targets\Microsoft.NET.Sdk.targets(799,5): message :       ResolveKeySource;
                   C:\Program Files\dotnet\sdk\10.0.102\Sdks\Microsoft.NET.Sdk\targets\Microsoft.NET.Sdk.targets(799,5): message :       SetWin32ManifestProperties;
                   C:\Program Files\dotnet\sdk\10.0.102\Sdks\Microsoft.NET.Sdk\targets\Microsoft.NET.Sdk.targets(799,5): message :       _SetPreferNativeArm64Win32ManifestProperties;
                   C:\Program Files\dotnet\sdk\10.0.102\Sdks\Microsoft.NET.Sdk\targets\Microsoft.NET.Sdk.targets(799,5): message :       FindReferenceAssembliesForReferences;
                   C:\Program Files\dotnet\sdk\10.0.102\Sdks\Microsoft.NET.Sdk\targets\Microsoft.NET.Sdk.targets(799,5): message :       _GenerateCompileInputs;
                   C:\Program Files\dotnet\sdk\10.0.102\Sdks\Microsoft.NET.Sdk\targets\Microsoft.NET.Sdk.targets(799,5): message :       BeforeCompile;
                   C:\Program Files\dotnet\sdk\10.0.102\Sdks\Microsoft.NET.Sdk\targets\Microsoft.NET.Sdk.targets(799,5): message :       _TimeStampBeforeCompile;
                   C:\Program Files\dotnet\sdk\10.0.102\Sdks\Microsoft.NET.Sdk\targets\Microsoft.NET.Sdk.targets(799,5): message :       _GenerateCompileDependencyCache;
                   C:\Program Files\dotnet\sdk\10.0.102\Sdks\Microsoft.NET.Sdk\targets\Microsoft.NET.Sdk.targets(799,5): message :       CoreCompile;
                   C:\Program Files\dotnet\sdk\10.0.102\Sdks\Microsoft.NET.Sdk\targets\Microsoft.NET.Sdk.targets(799,5): message :       _TimeStampAfterCompile;
                   C:\Program Files\dotnet\sdk\10.0.102\Sdks\Microsoft.NET.Sdk\targets\Microsoft.NET.Sdk.targets(799,5): message :       AfterCompile;
                   C:\Program Files\dotnet\sdk\10.0.102\Sdks\Microsoft.NET.Sdk\targets\Microsoft.NET.Sdk.targets(799,5): message :     ") at C:\Program Files\dotnet\sdk\10.0.102\Sdks\Microsoft.NET.Sdk\targets\Microsoft.NET.Sdk.targets (799,5)
                   C:\Program Files\dotnet\sdk\10.0.102\Sdks\Microsoft.NET.Sdk\targets\Microsoft.NET.Sdk.targets(1131,5): message : Property reassignment: $(CreateSatelliteAssembliesDependsOn)="
                   C:\Program Files\dotnet\sdk\10.0.102\Sdks\Microsoft.NET.Sdk\targets\Microsoft.NET.Sdk.targets(1131,5): message :       
                   C:\Program Files\dotnet\sdk\10.0.102\Sdks\Microsoft.NET.Sdk\targets\Microsoft.NET.Sdk.targets(1131,5): message :       ;
                   C:\Program Files\dotnet\sdk\10.0.102\Sdks\Microsoft.NET.Sdk\targets\Microsoft.NET.Sdk.targets(1131,5): message :       _GenerateSatelliteAssemblyInputs;
                   C:\Program Files\dotnet\sdk\10.0.102\Sdks\Microsoft.NET.Sdk\targets\Microsoft.NET.Sdk.targets(1131,5): message :       ComputeIntermediateSatelliteAssemblies;
                   C:\Program Files\dotnet\sdk\10.0.102\Sdks\Microsoft.NET.Sdk\targets\Microsoft.NET.Sdk.targets(1131,5): message :       GenerateSatelliteAssemblies
                   C:\Program Files\dotnet\sdk\10.0.102\Sdks\Microsoft.NET.Sdk\targets\Microsoft.NET.Sdk.targets(1131,5): message :     ;
                   C:\Program Files\dotnet\sdk\10.0.102\Sdks\Microsoft.NET.Sdk\targets\Microsoft.NET.Sdk.targets(1131,5): message :       CoreGenerateSatelliteAssemblies
                   C:\Program Files\dotnet\sdk\10.0.102\Sdks\Microsoft.NET.Sdk\targets\Microsoft.NET.Sdk.targets(1131,5): message :     " (previous value: "
                   C:\Program Files\dotnet\sdk\10.0.102\Sdks\Microsoft.NET.Sdk\targets\Microsoft.NET.Sdk.targets(1131,5): message :       ;
                   C:\Program Files\dotnet\sdk\10.0.102\Sdks\Microsoft.NET.Sdk\targets\Microsoft.NET.Sdk.targets(1131,5): message :       _GenerateSatelliteAssemblyInputs;
                   C:\Program Files\dotnet\sdk\10.0.102\Sdks\Microsoft.NET.Sdk\targets\Microsoft.NET.Sdk.targets(1131,5): message :       ComputeIntermediateSatelliteAssemblies;
                   C:\Program Files\dotnet\sdk\10.0.102\Sdks\Microsoft.NET.Sdk\targets\Microsoft.NET.Sdk.targets(1131,5): message :       GenerateSatelliteAssemblies
                   C:\Program Files\dotnet\sdk\10.0.102\Sdks\Microsoft.NET.Sdk\targets\Microsoft.NET.Sdk.targets(1131,5): message :     ") at C:\Program Files\dotnet\sdk\10.0.102\Sdks\Microsoft.NET.Sdk\targets\Microsoft.NET.Sdk.targets (1131,5)
                   C:\Program Files\dotnet\sdk\10.0.102\Sdks\Microsoft.SourceLink.GitLab\build\Microsoft.SourceLink.GitLab.targets(12,5): message : Property reassignment: $(SourceLinkUrlInitializerTargets)=";_InitializeGitHubSourceLinkUrl;_InitializeGitLabSourceLinkUrl" (previous value: ";_InitializeGitHubSourceLinkUrl") at C:\Program Files\dotnet\sdk\10.0.102\Sdks\Microsoft.SourceLink.GitLab\build\Microsoft.SourceLink.GitLab.targets (12,5)
                   C:\Program Files\dotnet\sdk\10.0.102\Sdks\Microsoft.SourceLink.GitLab\build\Microsoft.SourceLink.GitLab.targets(13,5): message : Property reassignment: $(SourceControlManagerUrlTranslationTargets)=";TranslateGitHubUrlsInSourceControlInformation;TranslateGitLabUrlsInSourceControlInformation" (previous value: ";TranslateGitHubUrlsInSourceControlInformation") at C:\Program Files\dotnet\sdk\10.0.102\Sdks\Microsoft.SourceLink.GitLab\build\Microsoft.SourceLink.GitLab.targets (13,5)
                   C:\Program Files\dotnet\sdk\10.0.102\Sdks\Microsoft.SourceLink.AzureRepos.Git\build\Microsoft.SourceLink.AzureRepos.Git.targets(12,5): message : Property reassignment: $(SourceLinkUrlInitializerTargets)=";_InitializeGitHubSourceLinkUrl;_InitializeGitLabSourceLinkUrl;_InitializeAzureReposGitSourceLinkUrl" (previous value: ";_InitializeGitHubSourceLinkUrl;_InitializeGitLabSourceLinkUrl") at C:\Program Files\dotnet\sdk\10.0.102\Sdks\Microsoft.SourceLink.AzureRepos.Git\build\Microsoft.SourceLink.AzureRepos.Git.targets (12,5)
                   C:\Program Files\dotnet\sdk\10.0.102\Sdks\Microsoft.SourceLink.AzureRepos.Git\build\Microsoft.SourceLink.AzureRepos.Git.targets(13,5): message : Property reassignment: $(SourceControlManagerUrlTranslationTargets)=";TranslateGitHubUrlsInSourceControlInformation;TranslateGitLabUrlsInSourceControlInformation;TranslateAzureReposGitUrlsInSourceControlInformation" (previous value: ";TranslateGitHubUrlsInSourceControlInformation;TranslateGitLabUrlsInSourceControlInformation") at C:\Program Files\dotnet\sdk\10.0.102\Sdks\Microsoft.SourceLink.AzureRepos.Git\build\Microsoft.SourceLink.AzureRepos.Git.targets (13,5)
                   C:\Program Files\dotnet\sdk\10.0.102\Sdks\Microsoft.SourceLink.Bitbucket.Git\build\Microsoft.SourceLink.Bitbucket.Git.targets(12,5): message : Property reassignment: $(SourceLinkUrlInitializerTargets)=";_InitializeGitHubSourceLinkUrl;_InitializeGitLabSourceLinkUrl;_InitializeAzureReposGitSourceLinkUrl;_InitializeBitbucketGitSourceLinkUrl" (previous value: ";_InitializeGitHubSourceLinkUrl;_InitializeGitLabSourceLinkUrl;_InitializeAzureReposGitSourceLinkUrl") at C:\Program Files\dotnet\sdk\10.0.102\Sdks\Microsoft.SourceLink.Bitbucket.Git\build\Microsoft.SourceLink.Bitbucket.Git.targets (12,5)
                   C:\Program Files\dotnet\sdk\10.0.102\Sdks\Microsoft.SourceLink.Bitbucket.Git\build\Microsoft.SourceLink.Bitbucket.Git.targets(13,5): message : Property reassignment: $(SourceControlManagerUrlTranslationTargets)=";TranslateGitHubUrlsInSourceControlInformation;TranslateGitLabUrlsInSourceControlInformation;TranslateAzureReposGitUrlsInSourceControlInformation;TranslateBitbucketGitUrlsInSourceControlInformation" (previous value: ";TranslateGitHubUrlsInSourceControlInformation;TranslateGitLabUrlsInSourceControlInformation;TranslateAzureReposGitUrlsInSourceControlInformation") at C:\Program Files\dotnet\sdk\10.0.102\Sdks\Microsoft.SourceLink.Bitbucket.Git\build\Microsoft.SourceLink.Bitbucket.Git.targets (13,5)
                   C:\Program Files\dotnet\sdk\10.0.102\Sdks\Microsoft.NET.Sdk\targets\Microsoft.NET.DesignerSupport.targets(21,5): message : Property reassignment: $(DesignerRuntimeImplementationProjectOutputGroupDependsOn)="
                   C:\Program Files\dotnet\sdk\10.0.102\Sdks\Microsoft.NET.Sdk\targets\Microsoft.NET.DesignerSupport.targets(21,5): message :       
                   C:\Program Files\dotnet\sdk\10.0.102\Sdks\Microsoft.NET.Sdk\targets\Microsoft.NET.DesignerSupport.targets(21,5): message :       ;
                   C:\Program Files\dotnet\sdk\10.0.102\Sdks\Microsoft.NET.Sdk\targets\Microsoft.NET.DesignerSupport.targets(21,5): message :       
                   C:\Program Files\dotnet\sdk\10.0.102\Sdks\Microsoft.NET.Sdk\targets\Microsoft.NET.DesignerSupport.targets(21,5): message :       ;
                   C:\Program Files\dotnet\sdk\10.0.102\Sdks\Microsoft.NET.Sdk\targets\Microsoft.NET.DesignerSupport.targets(21,5): message :       BuildOnlySettings;
                   C:\Program Files\dotnet\sdk\10.0.102\Sdks\Microsoft.NET.Sdk\targets\Microsoft.NET.DesignerSupport.targets(21,5): message :       PrepareForBuild;
                   C:\Program Files\dotnet\sdk\10.0.102\Sdks\Microsoft.NET.Sdk\targets\Microsoft.NET.DesignerSupport.targets(21,5): message :       AssignTargetPaths;
                   C:\Program Files\dotnet\sdk\10.0.102\Sdks\Microsoft.NET.Sdk\targets\Microsoft.NET.DesignerSupport.targets(21,5): message :       ResolveReferences
                   C:\Program Files\dotnet\sdk\10.0.102\Sdks\Microsoft.NET.Sdk\targets\Microsoft.NET.DesignerSupport.targets(21,5): message :     
                   C:\Program Files\dotnet\sdk\10.0.102\Sdks\Microsoft.NET.Sdk\targets\Microsoft.NET.DesignerSupport.targets(21,5): message :     ;
                   C:\Program Files\dotnet\sdk\10.0.102\Sdks\Microsoft.NET.Sdk\targets\Microsoft.NET.DesignerSupport.targets(21,5): message :       _GenerateDesignerDepsFile;
                   C:\Program Files\dotnet\sdk\10.0.102\Sdks\Microsoft.NET.Sdk\targets\Microsoft.NET.DesignerSupport.targets(21,5): message :       _GenerateDesignerRuntimeConfigFile;
                   C:\Program Files\dotnet\sdk\10.0.102\Sdks\Microsoft.NET.Sdk\targets\Microsoft.NET.DesignerSupport.targets(21,5): message :       GetCopyToOutputDirectoryItems;
                   C:\Program Files\dotnet\sdk\10.0.102\Sdks\Microsoft.NET.Sdk\targets\Microsoft.NET.DesignerSupport.targets(21,5): message :       _GatherDesignerShadowCopyFiles;
                   C:\Program Files\dotnet\sdk\10.0.102\Sdks\Microsoft.NET.Sdk\targets\Microsoft.NET.DesignerSupport.targets(21,5): message :     " (previous value: "
                   C:\Program Files\dotnet\sdk\10.0.102\Sdks\Microsoft.NET.Sdk\targets\Microsoft.NET.DesignerSupport.targets(21,5): message :       ;
                   C:\Program Files\dotnet\sdk\10.0.102\Sdks\Microsoft.NET.Sdk\targets\Microsoft.NET.DesignerSupport.targets(21,5): message :       
                   C:\Program Files\dotnet\sdk\10.0.102\Sdks\Microsoft.NET.Sdk\targets\Microsoft.NET.DesignerSupport.targets(21,5): message :       ;
                   C:\Program Files\dotnet\sdk\10.0.102\Sdks\Microsoft.NET.Sdk\targets\Microsoft.NET.DesignerSupport.targets(21,5): message :       BuildOnlySettings;
                   C:\Program Files\dotnet\sdk\10.0.102\Sdks\Microsoft.NET.Sdk\targets\Microsoft.NET.DesignerSupport.targets(21,5): message :       PrepareForBuild;
                   C:\Program Files\dotnet\sdk\10.0.102\Sdks\Microsoft.NET.Sdk\targets\Microsoft.NET.DesignerSupport.targets(21,5): message :       AssignTargetPaths;
                   C:\Program Files\dotnet\sdk\10.0.102\Sdks\Microsoft.NET.Sdk\targets\Microsoft.NET.DesignerSupport.targets(21,5): message :       ResolveReferences
                   C:\Program Files\dotnet\sdk\10.0.102\Sdks\Microsoft.NET.Sdk\targets\Microsoft.NET.DesignerSupport.targets(21,5): message :     
                   C:\Program Files\dotnet\sdk\10.0.102\Sdks\Microsoft.NET.Sdk\targets\Microsoft.NET.DesignerSupport.targets(21,5): message :     ") at C:\Program Files\dotnet\sdk\10.0.102\Sdks\Microsoft.NET.Sdk\targets\Microsoft.NET.DesignerSupport.targets (21,5)
                   C:\Program Files\dotnet\sdk\10.0.102\Sdks\Microsoft.NET.Sdk\targets\Microsoft.NET.Sdk.CSharp.targets(31,5): message : Property reassignment: $(DefineConstants)="TRACE;DEBUG" (previous value: "TRACE") at C:\Program Files\dotnet\sdk\10.0.102\Sdks\Microsoft.NET.Sdk\targets\Microsoft.NET.Sdk.CSharp.targets (31,5)
                   C:\Program Files\dotnet\sdk\10.0.102\Sdks\Microsoft.NET.Sdk\targets\Microsoft.NET.Sdk.CSharp.targets(45,5): message : Property reassignment: $(WarningsAsErrors)=";NU1605;SYSLIB0011" (previous value: ";NU1605") at C:\Program Files\dotnet\sdk\10.0.102\Sdks\Microsoft.NET.Sdk\targets\Microsoft.NET.Sdk.CSharp.targets (45,5)
                   C:\Program Files\dotnet\sdk\10.0.102\Sdks\Microsoft.NET.Sdk\targets\Microsoft.NET.Windows.targets(60,5): message : Property reassignment: $(SupportedOSPlatformVersion)="10.0.17763.0" (previous value: "") at C:\Program Files\dotnet\sdk\10.0.102\Sdks\Microsoft.NET.Sdk\targets\Microsoft.NET.Windows.targets (60,5)
                   C:\Program Files\dotnet\sdk\10.0.102\Sdks\Microsoft.NET.Sdk\targets\Microsoft.NET.Windows.targets(61,5): message : Property reassignment: $(TargetPlatformMinVersion)="10.0.17763.0" (previous value: "") at C:\Program Files\dotnet\sdk\10.0.102\Sdks\Microsoft.NET.Sdk\targets\Microsoft.NET.Windows.targets (61,5)
                   C:\Program Files\dotnet\sdk\10.0.102\Sdks\Microsoft.NET.Sdk\targets\Microsoft.NET.Windows.targets(239,5): message : Property reassignment: $(_RunCsWinRTGeneratorPropertyInputsCachePath)="c:\Users\niaci\RiderProjects\moenybox_devicecontroller\KIOSK\obj\Debug\net9.0-windows10.0.17763.0\KIOSK.cswinrtgen.cache" (previous value: "obj\Debug\net9.0-windows10.0.17763.0\KIOSK.cswinrtgen.cache") at C:\Program Files\dotnet\sdk\10.0.102\Sdks\Microsoft.NET.Sdk\targets\Microsoft.NET.Windows.targets (239,5)
                   C:\Program Files\dotnet\sdk\10.0.102\Sdks\Microsoft.NET.Sdk.WindowsDesktop\targets\Microsoft.NET.Sdk.WindowsDesktop.targets(51,5): message : Property reassignment: $(_TargetFrameworkVersionValue)="9.0" (previous value: "0.0") at C:\Program Files\dotnet\sdk\10.0.102\Sdks\Microsoft.NET.Sdk.WindowsDesktop\targets\Microsoft.NET.Sdk.WindowsDesktop.targets (51,5)
                   C:\Program Files\dotnet\sdk\10.0.102\Sdks\Microsoft.NET.Sdk.WindowsDesktop\targets\Microsoft.WinFX.targets(61,7): message : Property reassignment: $(PrepareResourceNamesDependsOn)="
                   C:\Program Files\dotnet\sdk\10.0.102\Sdks\Microsoft.NET.Sdk.WindowsDesktop\targets\Microsoft.WinFX.targets(61,7): message :                     AssignWinFXEmbeddedResource;
                   C:\Program Files\dotnet\sdk\10.0.102\Sdks\Microsoft.NET.Sdk.WindowsDesktop\targets\Microsoft.WinFX.targets(61,7): message :                     
                   C:\Program Files\dotnet\sdk\10.0.102\Sdks\Microsoft.NET.Sdk.WindowsDesktop\targets\Microsoft.WinFX.targets(61,7): message :       AssignTargetPaths;
                   C:\Program Files\dotnet\sdk\10.0.102\Sdks\Microsoft.NET.Sdk.WindowsDesktop\targets\Microsoft.WinFX.targets(61,7): message :       SplitResourcesByCulture;
                   C:\Program Files\dotnet\sdk\10.0.102\Sdks\Microsoft.NET.Sdk.WindowsDesktop\targets\Microsoft.WinFX.targets(61,7): message :       CreateManifestResourceNames;
                   C:\Program Files\dotnet\sdk\10.0.102\Sdks\Microsoft.NET.Sdk.WindowsDesktop\targets\Microsoft.WinFX.targets(61,7): message :       CreateCustomManifestResourceNames
                   C:\Program Files\dotnet\sdk\10.0.102\Sdks\Microsoft.NET.Sdk.WindowsDesktop\targets\Microsoft.WinFX.targets(61,7): message :     
                   C:\Program Files\dotnet\sdk\10.0.102\Sdks\Microsoft.NET.Sdk.WindowsDesktop\targets\Microsoft.WinFX.targets(61,7): message :       " (previous value: "
                   C:\Program Files\dotnet\sdk\10.0.102\Sdks\Microsoft.NET.Sdk.WindowsDesktop\targets\Microsoft.WinFX.targets(61,7): message :       AssignTargetPaths;
                   C:\Program Files\dotnet\sdk\10.0.102\Sdks\Microsoft.NET.Sdk.WindowsDesktop\targets\Microsoft.WinFX.targets(61,7): message :       SplitResourcesByCulture;
                   C:\Program Files\dotnet\sdk\10.0.102\Sdks\Microsoft.NET.Sdk.WindowsDesktop\targets\Microsoft.WinFX.targets(61,7): message :       CreateManifestResourceNames;
                   C:\Program Files\dotnet\sdk\10.0.102\Sdks\Microsoft.NET.Sdk.WindowsDesktop\targets\Microsoft.WinFX.targets(61,7): message :       CreateCustomManifestResourceNames
                   C:\Program Files\dotnet\sdk\10.0.102\Sdks\Microsoft.NET.Sdk.WindowsDesktop\targets\Microsoft.WinFX.targets(61,7): message :     ") at C:\Program Files\dotnet\sdk\10.0.102\Sdks\Microsoft.NET.Sdk.WindowsDesktop\targets\Microsoft.WinFX.targets (61,7)
                   C:\Program Files\dotnet\sdk\10.0.102\Sdks\Microsoft.NET.Sdk.WindowsDesktop\targets\Microsoft.WinFX.targets(69,7): message : Property reassignment: $(PrepareResourcesDependsOn)="
                   C:\Program Files\dotnet\sdk\10.0.102\Sdks\Microsoft.NET.Sdk.WindowsDesktop\targets\Microsoft.WinFX.targets(69,7): message :                 MarkupCompilePass1;
                   C:\Program Files\dotnet\sdk\10.0.102\Sdks\Microsoft.NET.Sdk.WindowsDesktop\targets\Microsoft.WinFX.targets(69,7): message :                 AfterMarkupCompilePass1;
                   C:\Program Files\dotnet\sdk\10.0.102\Sdks\Microsoft.NET.Sdk.WindowsDesktop\targets\Microsoft.WinFX.targets(69,7): message :                 MarkupCompilePass2ForMainAssembly;
                   C:\Program Files\dotnet\sdk\10.0.102\Sdks\Microsoft.NET.Sdk.WindowsDesktop\targets\Microsoft.WinFX.targets(69,7): message :                 FileClassification;
                   C:\Program Files\dotnet\sdk\10.0.102\Sdks\Microsoft.NET.Sdk.WindowsDesktop\targets\Microsoft.WinFX.targets(69,7): message :                 MainResourcesGeneration;
                   C:\Program Files\dotnet\sdk\10.0.102\Sdks\Microsoft.NET.Sdk.WindowsDesktop\targets\Microsoft.WinFX.targets(69,7): message :                 
                   C:\Program Files\dotnet\sdk\10.0.102\Sdks\Microsoft.NET.Sdk.WindowsDesktop\targets\Microsoft.WinFX.targets(69,7): message :       ResolvePackageDependenciesForBuild;
                   C:\Program Files\dotnet\sdk\10.0.102\Sdks\Microsoft.NET.Sdk.WindowsDesktop\targets\Microsoft.WinFX.targets(69,7): message :       _HandlePackageFileConflicts;
                   C:\Program Files\dotnet\sdk\10.0.102\Sdks\Microsoft.NET.Sdk.WindowsDesktop\targets\Microsoft.WinFX.targets(69,7): message :       
                   C:\Program Files\dotnet\sdk\10.0.102\Sdks\Microsoft.NET.Sdk.WindowsDesktop\targets\Microsoft.WinFX.targets(69,7): message :       ;
                   C:\Program Files\dotnet\sdk\10.0.102\Sdks\Microsoft.NET.Sdk.WindowsDesktop\targets\Microsoft.WinFX.targets(69,7): message :       PrepareResourceNames;
                   C:\Program Files\dotnet\sdk\10.0.102\Sdks\Microsoft.NET.Sdk.WindowsDesktop\targets\Microsoft.WinFX.targets(69,7): message :       ResGen;
                   C:\Program Files\dotnet\sdk\10.0.102\Sdks\Microsoft.NET.Sdk.WindowsDesktop\targets\Microsoft.WinFX.targets(69,7): message :       CompileLicxFiles
                   C:\Program Files\dotnet\sdk\10.0.102\Sdks\Microsoft.NET.Sdk.WindowsDesktop\targets\Microsoft.WinFX.targets(69,7): message :     
                   C:\Program Files\dotnet\sdk\10.0.102\Sdks\Microsoft.NET.Sdk.WindowsDesktop\targets\Microsoft.WinFX.targets(69,7): message :     
                   C:\Program Files\dotnet\sdk\10.0.102\Sdks\Microsoft.NET.Sdk.WindowsDesktop\targets\Microsoft.WinFX.targets(69,7): message :       " (previous value: "
                   C:\Program Files\dotnet\sdk\10.0.102\Sdks\Microsoft.NET.Sdk.WindowsDesktop\targets\Microsoft.WinFX.targets(69,7): message :       ResolvePackageDependenciesForBuild;
                   C:\Program Files\dotnet\sdk\10.0.102\Sdks\Microsoft.NET.Sdk.WindowsDesktop\targets\Microsoft.WinFX.targets(69,7): message :       _HandlePackageFileConflicts;
                   C:\Program Files\dotnet\sdk\10.0.102\Sdks\Microsoft.NET.Sdk.WindowsDesktop\targets\Microsoft.WinFX.targets(69,7): message :       
                   C:\Program Files\dotnet\sdk\10.0.102\Sdks\Microsoft.NET.Sdk.WindowsDesktop\targets\Microsoft.WinFX.targets(69,7): message :       ;
                   C:\Program Files\dotnet\sdk\10.0.102\Sdks\Microsoft.NET.Sdk.WindowsDesktop\targets\Microsoft.WinFX.targets(69,7): message :       PrepareResourceNames;
                   C:\Program Files\dotnet\sdk\10.0.102\Sdks\Microsoft.NET.Sdk.WindowsDesktop\targets\Microsoft.WinFX.targets(69,7): message :       ResGen;
                   C:\Program Files\dotnet\sdk\10.0.102\Sdks\Microsoft.NET.Sdk.WindowsDesktop\targets\Microsoft.WinFX.targets(69,7): message :       CompileLicxFiles
                   C:\Program Files\dotnet\sdk\10.0.102\Sdks\Microsoft.NET.Sdk.WindowsDesktop\targets\Microsoft.WinFX.targets(69,7): message :     
                   C:\Program Files\dotnet\sdk\10.0.102\Sdks\Microsoft.NET.Sdk.WindowsDesktop\targets\Microsoft.WinFX.targets(69,7): message :     ") at C:\Program Files\dotnet\sdk\10.0.102\Sdks\Microsoft.NET.Sdk.WindowsDesktop\targets\Microsoft.WinFX.targets (69,7)
                   C:\Program Files\dotnet\sdk\10.0.102\Sdks\Microsoft.NET.Sdk.WindowsDesktop\targets\Microsoft.WinFX.targets(136,5): message : Property reassignment: $(CompileDependsOn)="
                   C:\Program Files\dotnet\sdk\10.0.102\Sdks\Microsoft.NET.Sdk.WindowsDesktop\targets\Microsoft.WinFX.targets(136,5): message :         
                   C:\Program Files\dotnet\sdk\10.0.102\Sdks\Microsoft.NET.Sdk.WindowsDesktop\targets\Microsoft.WinFX.targets(136,5): message :       
                   C:\Program Files\dotnet\sdk\10.0.102\Sdks\Microsoft.NET.Sdk.WindowsDesktop\targets\Microsoft.WinFX.targets(136,5): message :       ResolveReferences;
                   C:\Program Files\dotnet\sdk\10.0.102\Sdks\Microsoft.NET.Sdk.WindowsDesktop\targets\Microsoft.WinFX.targets(136,5): message :       ResolveKeySource;
                   C:\Program Files\dotnet\sdk\10.0.102\Sdks\Microsoft.NET.Sdk.WindowsDesktop\targets\Microsoft.WinFX.targets(136,5): message :       SetWin32ManifestProperties;
                   C:\Program Files\dotnet\sdk\10.0.102\Sdks\Microsoft.NET.Sdk.WindowsDesktop\targets\Microsoft.WinFX.targets(136,5): message :       _SetPreferNativeArm64Win32ManifestProperties;
                   C:\Program Files\dotnet\sdk\10.0.102\Sdks\Microsoft.NET.Sdk.WindowsDesktop\targets\Microsoft.WinFX.targets(136,5): message :       FindReferenceAssembliesForReferences;
                   C:\Program Files\dotnet\sdk\10.0.102\Sdks\Microsoft.NET.Sdk.WindowsDesktop\targets\Microsoft.WinFX.targets(136,5): message :       _GenerateCompileInputs;
                   C:\Program Files\dotnet\sdk\10.0.102\Sdks\Microsoft.NET.Sdk.WindowsDesktop\targets\Microsoft.WinFX.targets(136,5): message :       BeforeCompile;
                   C:\Program Files\dotnet\sdk\10.0.102\Sdks\Microsoft.NET.Sdk.WindowsDesktop\targets\Microsoft.WinFX.targets(136,5): message :       _TimeStampBeforeCompile;
                   C:\Program Files\dotnet\sdk\10.0.102\Sdks\Microsoft.NET.Sdk.WindowsDesktop\targets\Microsoft.WinFX.targets(136,5): message :       _GenerateCompileDependencyCache;
                   C:\Program Files\dotnet\sdk\10.0.102\Sdks\Microsoft.NET.Sdk.WindowsDesktop\targets\Microsoft.WinFX.targets(136,5): message :       CoreCompile;
                   C:\Program Files\dotnet\sdk\10.0.102\Sdks\Microsoft.NET.Sdk.WindowsDesktop\targets\Microsoft.WinFX.targets(136,5): message :       _TimeStampAfterCompile;
                   C:\Program Files\dotnet\sdk\10.0.102\Sdks\Microsoft.NET.Sdk.WindowsDesktop\targets\Microsoft.WinFX.targets(136,5): message :       AfterCompile;
                   C:\Program Files\dotnet\sdk\10.0.102\Sdks\Microsoft.NET.Sdk.WindowsDesktop\targets\Microsoft.WinFX.targets(136,5): message :     ;
                   C:\Program Files\dotnet\sdk\10.0.102\Sdks\Microsoft.NET.Sdk.WindowsDesktop\targets\Microsoft.WinFX.targets(136,5): message :       _CreateAppHost;
                   C:\Program Files\dotnet\sdk\10.0.102\Sdks\Microsoft.NET.Sdk.WindowsDesktop\targets\Microsoft.WinFX.targets(136,5): message :       _CreateComHost;
                   C:\Program Files\dotnet\sdk\10.0.102\Sdks\Microsoft.NET.Sdk.WindowsDesktop\targets\Microsoft.WinFX.targets(136,5): message :       _GetIjwHostPaths;
                   C:\Program Files\dotnet\sdk\10.0.102\Sdks\Microsoft.NET.Sdk.WindowsDesktop\targets\Microsoft.WinFX.targets(136,5): message :     ;
                   C:\Program Files\dotnet\sdk\10.0.102\Sdks\Microsoft.NET.Sdk.WindowsDesktop\targets\Microsoft.WinFX.targets(136,5): message :         _AfterCompileWinFXInternal
                   C:\Program Files\dotnet\sdk\10.0.102\Sdks\Microsoft.NET.Sdk.WindowsDesktop\targets\Microsoft.WinFX.targets(136,5): message :     " (previous value: "
                   C:\Program Files\dotnet\sdk\10.0.102\Sdks\Microsoft.NET.Sdk.WindowsDesktop\targets\Microsoft.WinFX.targets(136,5): message :       
                   C:\Program Files\dotnet\sdk\10.0.102\Sdks\Microsoft.NET.Sdk.WindowsDesktop\targets\Microsoft.WinFX.targets(136,5): message :       ResolveReferences;
                   C:\Program Files\dotnet\sdk\10.0.102\Sdks\Microsoft.NET.Sdk.WindowsDesktop\targets\Microsoft.WinFX.targets(136,5): message :       ResolveKeySource;
                   C:\Program Files\dotnet\sdk\10.0.102\Sdks\Microsoft.NET.Sdk.WindowsDesktop\targets\Microsoft.WinFX.targets(136,5): message :       SetWin32ManifestProperties;
                   C:\Program Files\dotnet\sdk\10.0.102\Sdks\Microsoft.NET.Sdk.WindowsDesktop\targets\Microsoft.WinFX.targets(136,5): message :       _SetPreferNativeArm64Win32ManifestProperties;
                   C:\Program Files\dotnet\sdk\10.0.102\Sdks\Microsoft.NET.Sdk.WindowsDesktop\targets\Microsoft.WinFX.targets(136,5): message :       FindReferenceAssembliesForReferences;
                   C:\Program Files\dotnet\sdk\10.0.102\Sdks\Microsoft.NET.Sdk.WindowsDesktop\targets\Microsoft.WinFX.targets(136,5): message :       _GenerateCompileInputs;
                   C:\Program Files\dotnet\sdk\10.0.102\Sdks\Microsoft.NET.Sdk.WindowsDesktop\targets\Microsoft.WinFX.targets(136,5): message :       BeforeCompile;
                   C:\Program Files\dotnet\sdk\10.0.102\Sdks\Microsoft.NET.Sdk.WindowsDesktop\targets\Microsoft.WinFX.targets(136,5): message :       _TimeStampBeforeCompile;
                   C:\Program Files\dotnet\sdk\10.0.102\Sdks\Microsoft.NET.Sdk.WindowsDesktop\targets\Microsoft.WinFX.targets(136,5): message :       _GenerateCompileDependencyCache;
                   C:\Program Files\dotnet\sdk\10.0.102\Sdks\Microsoft.NET.Sdk.WindowsDesktop\targets\Microsoft.WinFX.targets(136,5): message :       CoreCompile;
                   C:\Program Files\dotnet\sdk\10.0.102\Sdks\Microsoft.NET.Sdk.WindowsDesktop\targets\Microsoft.WinFX.targets(136,5): message :       _TimeStampAfterCompile;
                   C:\Program Files\dotnet\sdk\10.0.102\Sdks\Microsoft.NET.Sdk.WindowsDesktop\targets\Microsoft.WinFX.targets(136,5): message :       AfterCompile;
                   C:\Program Files\dotnet\sdk\10.0.102\Sdks\Microsoft.NET.Sdk.WindowsDesktop\targets\Microsoft.WinFX.targets(136,5): message :     ;
                   C:\Program Files\dotnet\sdk\10.0.102\Sdks\Microsoft.NET.Sdk.WindowsDesktop\targets\Microsoft.WinFX.targets(136,5): message :       _CreateAppHost;
                   C:\Program Files\dotnet\sdk\10.0.102\Sdks\Microsoft.NET.Sdk.WindowsDesktop\targets\Microsoft.WinFX.targets(136,5): message :       _CreateComHost;
                   C:\Program Files\dotnet\sdk\10.0.102\Sdks\Microsoft.NET.Sdk.WindowsDesktop\targets\Microsoft.WinFX.targets(136,5): message :       _GetIjwHostPaths;
                   C:\Program Files\dotnet\sdk\10.0.102\Sdks\Microsoft.NET.Sdk.WindowsDesktop\targets\Microsoft.WinFX.targets(136,5): message :     ") at C:\Program Files\dotnet\sdk\10.0.102\Sdks\Microsoft.NET.Sdk.WindowsDesktop\targets\Microsoft.WinFX.targets (136,5)
                   C:\Program Files\dotnet\sdk\10.0.102\Sdks\Microsoft.NET.Sdk.WindowsDesktop\targets\Microsoft.WinFX.targets(803,9): message : Property reassignment: $(PublishBuildDependsOn)="
                   C:\Program Files\dotnet\sdk\10.0.102\Sdks\Microsoft.NET.Sdk.WindowsDesktop\targets\Microsoft.WinFX.targets(803,9): message :             BuildOnlySettings;
                   C:\Program Files\dotnet\sdk\10.0.102\Sdks\Microsoft.NET.Sdk.WindowsDesktop\targets\Microsoft.WinFX.targets(803,9): message :             PrepareForBuild;
                   C:\Program Files\dotnet\sdk\10.0.102\Sdks\Microsoft.NET.Sdk.WindowsDesktop\targets\Microsoft.WinFX.targets(803,9): message :             ResolveReferences;
                   C:\Program Files\dotnet\sdk\10.0.102\Sdks\Microsoft.NET.Sdk.WindowsDesktop\targets\Microsoft.WinFX.targets(803,9): message :             PrepareResources;
                   C:\Program Files\dotnet\sdk\10.0.102\Sdks\Microsoft.NET.Sdk.WindowsDesktop\targets\Microsoft.WinFX.targets(803,9): message :             ResolveKeySource;
                   C:\Program Files\dotnet\sdk\10.0.102\Sdks\Microsoft.NET.Sdk.WindowsDesktop\targets\Microsoft.WinFX.targets(803,9): message :             PrepareResourcesForSatelliteAssemblies;
                   C:\Program Files\dotnet\sdk\10.0.102\Sdks\Microsoft.NET.Sdk.WindowsDesktop\targets\Microsoft.WinFX.targets(803,9): message :             GenerateSerializationAssemblies;
                   C:\Program Files\dotnet\sdk\10.0.102\Sdks\Microsoft.NET.Sdk.WindowsDesktop\targets\Microsoft.WinFX.targets(803,9): message :             CreateSatelliteAssemblies;
                   C:\Program Files\dotnet\sdk\10.0.102\Sdks\Microsoft.NET.Sdk.WindowsDesktop\targets\Microsoft.WinFX.targets(803,9): message :         " (previous value: "
                   C:\Program Files\dotnet\sdk\10.0.102\Sdks\Microsoft.NET.Sdk.WindowsDesktop\targets\Microsoft.WinFX.targets(803,9): message :       BuildOnlySettings;
                   C:\Program Files\dotnet\sdk\10.0.102\Sdks\Microsoft.NET.Sdk.WindowsDesktop\targets\Microsoft.WinFX.targets(803,9): message :       PrepareForBuild;
                   C:\Program Files\dotnet\sdk\10.0.102\Sdks\Microsoft.NET.Sdk.WindowsDesktop\targets\Microsoft.WinFX.targets(803,9): message :       ResolveReferences;
                   C:\Program Files\dotnet\sdk\10.0.102\Sdks\Microsoft.NET.Sdk.WindowsDesktop\targets\Microsoft.WinFX.targets(803,9): message :       PrepareResources;
                   C:\Program Files\dotnet\sdk\10.0.102\Sdks\Microsoft.NET.Sdk.WindowsDesktop\targets\Microsoft.WinFX.targets(803,9): message :       ResolveKeySource;
                   C:\Program Files\dotnet\sdk\10.0.102\Sdks\Microsoft.NET.Sdk.WindowsDesktop\targets\Microsoft.WinFX.targets(803,9): message :       GenerateSerializationAssemblies;
                   C:\Program Files\dotnet\sdk\10.0.102\Sdks\Microsoft.NET.Sdk.WindowsDesktop\targets\Microsoft.WinFX.targets(803,9): message :       CreateSatelliteAssemblies;
                   C:\Program Files\dotnet\sdk\10.0.102\Sdks\Microsoft.NET.Sdk.WindowsDesktop\targets\Microsoft.WinFX.targets(803,9): message :     ") at C:\Program Files\dotnet\sdk\10.0.102\Sdks\Microsoft.NET.Sdk.WindowsDesktop\targets\Microsoft.WinFX.targets (803,9)
                   C:\Program Files\dotnet\sdk\10.0.102\NuGet.Build.Tasks.Pack.targets(34,5): message : Property reassignment: $(PackageDescription)="Package Description" (previous value: "") at C:\Program Files\dotnet\sdk\10.0.102\NuGet.Build.Tasks.Pack.targets (34,5)
                   C:\Program Files\dotnet\sdk\10.0.102\NuGet.Build.Tasks.Pack.targets(59,5): message : Property reassignment: $(GenerateNuspecDependsOn)="Build;_LoadPackInputItems; _GetTargetFrameworksOutput; _WalkEachTargetPerFramework; _GetPackageFiles; " (previous value: "_LoadPackInputItems; _GetTargetFrameworksOutput; _WalkEachTargetPerFramework; _GetPackageFiles; ") at C:\Program Files\dotnet\sdk\10.0.102\NuGet.Build.Tasks.Pack.targets (59,5)
                   C:\Program Files\dotnet\sdk\10.0.102\Sdks\Microsoft.NET.Sdk\Sdk\Sdk.targets(59,5): message : Property reassignment: $(_IsNotSetContainersTargetsDir)="true" (previous value: "false") at C:\Program Files\dotnet\sdk\10.0.102\Sdks\Microsoft.NET.Sdk\Sdk\Sdk.targets (59,5)
                   C:\Program Files\dotnet\sdk\10.0.102\Containers\build\Microsoft.NET.Build.Containers.targets(5,5): message : Property reassignment: $(_IsSDKContainerAllowedVersion)="true" (previous value: "false") at C:\Program Files\dotnet\sdk\10.0.102\Containers\build\Microsoft.NET.Build.Containers.targets (5,5)
                   C:\Program Files\dotnet\sdk\10.0.102\Containers\build\Microsoft.NET.Build.Containers.targets(15,5): message : Property reassignment: $(_ContainerIsTargetingNet8TFM)="true" (previous value: "false") at C:\Program Files\dotnet\sdk\10.0.102\Containers\build\Microsoft.NET.Build.Containers.targets (15,5)
                   Assembly loaded during Evaluation: System.Collections.NonGeneric, Version=10.0.0.0, Culture=neutral, PublicKeyToken=b03f5f7f11d50a3a (location: C:\Program Files\dotnet\shared\Microsoft.NETCore.App\10.0.2\System.Collections.NonGeneric.dll, MVID: 93f61b3b-397e-41d1-a23f-d3c8c69deefe, AssemblyLoadContext: Default)
                   Overriding target "ResolveFrameworkReferences" in project "C:\Program Files\dotnet\sdk\10.0.102\Microsoft.Common.CurrentVersion.targets" with target "ResolveFrameworkReferences" from project "C:\Program Files\dotnet\sdk\10.0.102\Sdks\Microsoft.NET.Sdk\targets\Microsoft.NET.Sdk.FrameworkReferenceResolution.targets".
                   Overriding target "GenerateSupportedTargetFrameworkAlias" in project "C:\Program Files\dotnet\sdk\10.0.102\Microsoft.Common.CurrentVersion.targets" with target "GenerateSupportedTargetFrameworkAlias" from project "C:\Program Files\dotnet\sdk\10.0.102\Sdks\Microsoft.NET.Sdk\targets\Microsoft.NET.Sdk.targets".
                   Overriding target "GetReferenceAssemblyPaths" in project "C:\Program Files\dotnet\sdk\10.0.102\Microsoft.Common.CurrentVersion.targets" with target "GetReferenceAssemblyPaths" from project "C:\Program Files\dotnet\sdk\10.0.102\Sdks\Microsoft.NET.Sdk\targets\Microsoft.NET.DisableStandardFrameworkResolution.targets".
                   Overriding target "GetFrameworkPaths" in project "C:\Program Files\dotnet\sdk\10.0.102\Microsoft.Common.CurrentVersion.targets" with target "GetFrameworkPaths" from project "C:\Program Files\dotnet\sdk\10.0.102\Sdks\Microsoft.NET.Sdk\targets\Microsoft.NET.DisableStandardFrameworkResolution.targets".
                   Overriding target "DesignerRuntimeImplementationProjectOutputGroup" in project "C:\Program Files\dotnet\sdk\10.0.102\Microsoft.Common.CurrentVersion.targets" with target "DesignerRuntimeImplementationProjectOutputGroup" from project "C:\Program Files\dotnet\sdk\10.0.102\Sdks\Microsoft.NET.Sdk\targets\Microsoft.NET.DesignerSupport.targets".
                   Overriding target "Publish" in project "C:\Program Files\dotnet\sdk\10.0.102\Microsoft.Common.CurrentVersion.targets" with target "Publish" from project "C:\Program Files\dotnet\sdk\10.0.102\Sdks\Microsoft.NET.Sdk\targets\Microsoft.NET.Publish.targets".
                   Overriding target "ResolveReadyToRunCompilers" in project "C:\Program Files\dotnet\sdk\10.0.102\Sdks\Microsoft.NET.Sdk\targets\Microsoft.NET.CrossGen.targets" with target "ResolveReadyToRunCompilers" from project "C:\Program Files\dotnet\sdk\10.0.102\Sdks\Microsoft.NET.Sdk\targets\Microsoft.NET.Publish.targets".
                   Overriding target "GetCopyToPublishDirectoryItems" in project "C:\Program Files\dotnet\sdk\10.0.102\Microsoft.Common.CurrentVersion.targets" with target "GetCopyToPublishDirectoryItems" from project "C:\Program Files\dotnet\sdk\10.0.102\Sdks\Microsoft.NET.Sdk\targets\Microsoft.NET.Publish.targets".
                   Overriding target "Run" in project "C:\Program Files\dotnet\sdk\10.0.102\Microsoft.Common.CurrentVersion.targets" with target "Run" from project "C:\Program Files\dotnet\sdk\10.0.102\Sdks\Microsoft.NET.Sdk\targets\Microsoft.NET.Sdk.targets".
                   Overriding target "SatelliteDllsProjectOutputGroup" in project "C:\Program Files\dotnet\sdk\10.0.102\Microsoft.Common.CurrentVersion.targets" with target "SatelliteDllsProjectOutputGroup" from project "C:\Program Files\dotnet\sdk\10.0.102\Sdks\Microsoft.NET.Sdk.WindowsDesktop\targets\Microsoft.WinFX.targets".
10:37:46.458     0>Initial Properties:
                   __DisableWorkloadResolverSentinelPath = C:\Program Files\dotnet\sdk\10.0.102\DisableWorkloadResolver.sentinel
                   __WindowsAppSdkDefaultImageIncludes = **/*.png;**/*.bmp;**/*.jpg;**/*.dds;**/*.tif;**/*.tga;**/*.gif
                   _AfterCompileWinFXInternalDependsOn = 
                           PrepareResourcesForSatelliteAssemblies;
                           MergeLocalizationDirectives;
                           AfterCompileWinFX
                       
                   _AfterSdkPublishDependsOn = Publish
                   _ApiCompatValidatePackageSemaphoreFile = obj\Debug\net9.0-windows10.0.17763.0\Microsoft.NET.ApiCompat.ValidatePackage.semaphore
                   _BeforePublishNoBuildTargets = 
                         BuildOnlySettings;
                         _PreventProjectReferencesFromBuilding;
                         ResolveReferences;
                         PrepareResourceNames;
                         ComputeIntermediateSatelliteAssemblies;
                         ComputeEmbeddedApphostPaths;
                       
                   _BinaryFormatterObsoleteAsError = true
                   _BuildTasksAssemblyName = Microsoft.Build.Tasks.CodeAnalysis
                   _BuildTasksDirectory = C:\Program Files\dotnet\sdk\10.0.102\Sdks\Microsoft.NET.Sdk\targets\..\..\..\Roslyn\
                   _ComHostLibraryExtension = .dll
                   _CompileTargetNameForLocalType = _CompileTemporaryAssembly
                   _CompileTemporaryAssemblyDependsOn = BuildOnlySettings;ResolveKeySource;ResolveProjectReferences;CoreCompile
                   _ContainerIsSelfContained = false
                   _ContainerIsTargetingNet8TFM = true
                   _ContainersTargetsDir = C:\Program Files\dotnet\sdk\10.0.102\Sdks\Microsoft.NET.Sdk\Sdk\..\..\..\Containers\build\
                   _CorePublishTargets = 
                         PrepareForPublish;
                         ComputeAndCopyFilesToPublishDirectory;
                         ;
                         PublishItemsOutputGroup;
                       
                   _CsWinRTGeneratorInteropAssemblyFileName = WinRT.Interop.dll
                   _CsWinRTGeneratorInteropAssemblyName = WinRT.Interop
                   _CsWinRTGeneratorInteropAssemblyPath = c:\Users\niaci\RiderProjects\moenybox_devicecontroller\obj\Debug\net9.0-windows10.0.17763.0\WinRT.Interop.dll
                   _DebugSymbolsProduced = true
                   _DefaultArtifactsPathPropsImported = true
                   _DefaultUserProfileRuntimeStorePath = C:\Users\niaci\.dotnet\store
                   _DeploymentApplicationManifestIdentity = KIOSK.exe
                   _DeploymentBuiltUpdateInterval = 0
                   _DeploymentBuiltUpdateIntervalUnits = Days
                   _DeploymentDeployManifestIdentity = KIOSK.application
                   _DeploymentFileMappingExtension = 
                   _DeploymentLauncherBased = true
                   _DeploymentPublishableProjectDefault = true
                   _DeploymentTargetApplicationManifestFileName = KIOSK.dll.manifest
                   _DeploymentUrl = 
                   _DesignerDepsFileName = KIOSK.designer.deps.json
                   _DesignerDepsFilePath = obj\Debug\net9.0-windows10.0.17763.0\KIOSK.designer.deps.json
                   _DesignerRuntimeConfigFileName = KIOSK.designer.runtimeconfig.json
                   _DesignerRuntimeConfigFilePath = obj\Debug\net9.0-windows10.0.17763.0\KIOSK.designer.runtimeconfig.json
                   _DirectoryBuildPropsBasePath = 
                   _DirectoryBuildPropsFile = Directory.Build.props
                   _DirectoryBuildTargetsBasePath = 
                   _DirectoryBuildTargetsFile = Directory.Build.targets
                   _DirectoryPackagesPropsBasePath = 
                   _DirectoryPackagesPropsFile = Directory.Packages.props
                   _DocumentationFileProduced = false
                   _DotNetAppHostExecutableName = apphost.exe
                   _DotNetAppHostExecutableNameWithoutExtension = apphost
                   _DotNetComHostLibraryName = comhost.dll
                   _DotNetComHostLibraryNameWithoutExtension = comhost
                   _DotNetHostExecutableName = dotnet.exe
                   _DotNetHostFxrLibraryName = libhostfxr.so
                   _DotNetHostPolicyLibraryName = libhostpolicy.so
                   _DotNetIjwHostLibraryName = Ijwhost.dll
                   _DotNetIjwHostLibraryNameWithoutExtension = Ijwhost
                   _DotNetSingleFileHostExecutableNameWithoutExtension = singlefilehost
                   _EnableDefaultWindowsPlatform = false
                   _EnableWindowsDesktopGlobbing = true
                   _EnableWindowsDesktopNetCoreFrameworkReferences = true
                   _FirstTargetFrameworkToSupportAot = net7.0
                   _FirstTargetFrameworkToSupportSingleFile = net6.0
                   _FirstTargetFrameworkToSupportTrimming = net6.0
                   _FirstTargetFrameworkVersionToSupportAotAnalyzer = 7.0
                   _FirstTargetFrameworkVersionToSupportSingleFileAnalyzer = 6.0
                   _FirstTargetFrameworkVersionToSupportTrimAnalyzer = 6.0
                   _GenerateBindingRedirectsIntermediateAppConfig = obj\Debug\net9.0-windows10.0.17763.0\KIOSK.dll.config
                   _GeneratePublishDependencyFilePropertyInputsCache = c:\Users\niaci\RiderProjects\moenybox_devicecontroller\KIOSK\obj\Debug\net9.0-windows10.0.17763.0\KIOSK.genpublishdeps.cache
                   _GenerateRestoreGraphProjectEntryInputProperties = ExcludeRestorePackageImports=true
                   _GenerateRuntimeConfigurationPropertyInputsCache = c:\Users\niaci\RiderProjects\moenybox_devicecontroller\KIOSK\obj\Debug\net9.0-windows10.0.17763.0\KIOSK.genruntimeconfig.cache
                   _GenerateSingleFileBundlePropertyInputsCache = c:\Users\niaci\RiderProjects\moenybox_devicecontroller\KIOSK\obj\Debug\net9.0-windows10.0.17763.0\KIOSK.genbundle.cache
                   _GenerateSourceLinkFileBeforeTargets = CoreCompile
                   _GenerateSourceLinkFileDependsOnTargets = 
                   _GenerateSupportedRuntimeIntermediateAppConfig = obj\Debug\net9.0-windows10.0.17763.0\KIOSK.dll.withSupportedRuntime.config
                   _GetChildProjectCopyToOutputDirectoryItems = true
                   _GetChildProjectCopyToPublishDirectoryItems = true
                   _IjwHostLibraryExtension = .dll
                   _InitialBaseIntermediateOutputPath = obj\
                   _IsDisjointMSBuildVersion = False
                   _IsExecutable = true
                   _IsNETCoreOrNETStandard = true
                   _IsNotSetContainersTargetsDir = true
                   _IsSDKContainerAllowedVersion = true
                   _LatestAnalysisLevel = 9.0
                   _MaxAvailableLangVersion = 14.0
                   _MaxSupportedLangVersion = 13.0
                   _MicrosoftNETSdkWindowsDesktop = true
                   _MicrosoftSourceLinkCommonAssemblyFile = C:\Program Files\dotnet\sdk\10.0.102\Sdks\Microsoft.SourceLink.Common\build\..\tools\net\Microsoft.SourceLink.Common.dll
                   _MinimumNonEolSupportedNetCoreTargetFramework = net8.0
                   _MSBuildVersionMajorMinor = 18.0
                   _NativeExecutableExtension = .exe
                   _NativeLibraryExtension = .so
                   _NativeLibraryPrefix = lib
                   _NETAnalyzersSDKAssemblyVersion = 10.0.102
                   _NETCoreSdkIsPreview = false
                   _NetFrameworkHostedCompilersVersion = 5.0.0-2.25612.105
                   _NoneAnalysisLevel = 4.0
                   _NugetFallbackFolder = C:\Program Files\dotnet\sdk\10.0.102\Sdks\Microsoft.NET.Sdk\targets\..\..\..\..\NuGetFallbackFolder
                   _NugetTargetMonikerAndRID = .NETCoreApp,Version=v9.0
                   _OriginalConfiguration = Debug
                   _OriginalPlatform = AnyCPU
                   _PlatformWithoutConfigurationInference = AnyCPU
                   _PresentationBuildTasksAssembly = C:\Program Files\dotnet\sdk\10.0.102\Sdks\Microsoft.NET.Sdk.WindowsDesktop\tools\net10.0\PresentationBuildTasks.dll
                   _PresentationBuildTasksTfm = net10.0
                   _PreviewAnalysisLevel = 10.0
                   _ProjectDefaultTargets = Build
                   _PublishNoBuildAlternativeDependsOn = 
                         BuildOnlySettings;
                         _PreventProjectReferencesFromBuilding;
                         ResolveReferences;
                         PrepareResourceNames;
                         ComputeIntermediateSatelliteAssemblies;
                         ComputeEmbeddedApphostPaths;
                       ;
                         PrepareForPublish;
                         ComputeAndCopyFilesToPublishDirectory;
                         ;
                         PublishItemsOutputGroup;
                       
                   _PublishProfileDesignerFolder = Properties
                   _PublishProfileRootFolder = c:\Users\niaci\RiderProjects\moenybox_devicecontroller\KIOSK\Properties\PublishProfiles\
                   _RecursiveTargetForContentCopying = GetCopyToOutputDirectoryItems
                   _RemoveUnsupportedTargetFrameworksForWindowsDesktop = true
                   _RequireMCPass2ForMainAssembly = false
                   _RequireMCPass2ForSatelliteAssemblyOnly = false
                   _ResolveProjectReferencesTargetName = ResolveProjectReferences
                   _ResolveReferenceDependencies = false
                   _ResourceNameInMainAssembly = KIOSK.g.resources
                   _RunCsWinRTGeneratorPropertyInputsCachePath = c:\Users\niaci\RiderProjects\moenybox_devicecontroller\KIOSK\obj\Debug\net9.0-windows10.0.17763.0\KIOSK.cswinrtgen.cache
                   _RuntimeIdentifierUsesAppHost = true
                   _RuntimePackInWorkloadVersion6 = 6.0.36
                   _RuntimePackInWorkloadVersion7 = 7.0.20
                   _RuntimePackInWorkloadVersion8 = 8.0.23
                   _RuntimePackInWorkloadVersion9 = 9.0.12
                   _RuntimePackInWorkloadVersionCurrent = 10.0.2
                   _SGenDllCreated = false
                   _SGenDllName = KIOSK.XmlSerializers.dll
                   _SGenGenerateSerializationAssembliesConfig = Off
                   _SourceLinkAzureReposGitAssemblyFile = C:\Program Files\dotnet\sdk\10.0.102\Sdks\Microsoft.SourceLink.AzureRepos.Git\build\..\tools\net\Microsoft.SourceLink.AzureRepos.Git.dll
                   _SourceLinkBitbucketAssemblyFile = C:\Program Files\dotnet\sdk\10.0.102\Sdks\Microsoft.SourceLink.Bitbucket.Git\build\..\tools\net\Microsoft.SourceLink.Bitbucket.Git.dll
                   _SourceLinkGitHubAssemblyFile = C:\Program Files\dotnet\sdk\10.0.102\Sdks\Microsoft.SourceLink.GitHub\build\..\tools\net\Microsoft.SourceLink.GitHub.dll
                   _SourceLinkGitLabAssemblyFile = C:\Program Files\dotnet\sdk\10.0.102\Sdks\Microsoft.SourceLink.GitLab\build\..\tools\net\Microsoft.SourceLink.GitLab.dll
                   _SourceLinkPropsImported = true
                   _SourceLinkSdkSubDir = build
                   _SupportedArchitectures = amd64 arm64
                   _SupportedPlatformList = @(SupportedPlatform, ',')
                   _TargetFrameworkDirectories = 
                   _TargetFrameworkVersionValue = 9.0
                   _TargetFrameworkVersionWithoutV = 9.0
                   _TargetLatestRuntimePatchIsDefault = true
                   _TargetPlatformVersionUsesCsWinRT3 = false
                   _TargetsThatPrepareProjectReferences = 
                         AssignProjectConfiguration;
                         _SplitProjectReferencesByFileExistence
                       
                   _UndefinedTargetFrameworkVersion = 0.0
                   _UseAttributeForTargetFrameworkInfoPropertyNames = true
                   _UsingDefaultForHasRuntimeOutput = true
                   _UsingDefaultPlatformTarget = true
                   _WindowsDesktopSdkTargetFrameworkVersionFloor = 3.0
                   _WorkloadLibraryPacksFolder = C:\Program Files\dotnet\library-packs
                   AddAdditionalExplicitAssemblyReferences = false
                   AddAppConfigToBuildOutputs = true
                   AfterMicrosoftNETSdkTargets = ;C:\Program Files\dotnet\sdk\10.0.102\Sdks\Microsoft.NET.Sdk\targets\../../Microsoft.NET.Sdk.WindowsDesktop/targets/Microsoft.NET.Sdk.WindowsDesktop.targets
                   AllowedOutputExtensionsInPackageBuildOutputFolder = .dll; .exe; .winmd; .json; .pri; .xml ;
                   AllowedOutputExtensionsInSymbolsPackageBuildOutputFolder = .pdb; .mdb; .dll; .exe; .winmd; .json; .pri; .xml ;; 
                   AllowedReferenceAssemblyFileExtensions = 
                         .winmd;
                         .dll;
                         .exe
                       
                   AllowedReferenceRelatedFileExtensions = 
                         .pdb;
                         .xml;
                         .pri;
                         .dll.config;
                         .exe.config
                       
                   AllowUnsafeBlocks = false
                   AlwaysCompileMarkupFilesInSeparateDomain = true
                   AlwaysIncludeCoreFrameworkInRuntimeConfig = true
                   AlwaysUseNumericalSuffixInItemNames = true
                   AnalysisLevel = latest
                   AppDesignerFolder = Properties
                   AppendPlatformToOutputPath = false
                   AppendRuntimeIdentifierToOutputPath = true
                   AppendTargetFrameworkToOutputPath = true
                   ApplicationIcon = symbol.ico
                   AssemblyFoldersConfigFile = C:\Program Files\dotnet\sdk\10.0.102\AssemblyFolders.config
                   AssemblyFoldersSuffix = AssemblyFoldersEx
                   AssemblyName = KIOSK
                   AssemblySearchPaths = {CandidateAssemblyFiles};{HintPathFromItem};{TargetFrameworkDirectory};{RawFileName}
                   AssemblyTitle = KIOSK
                   AssetTargetFallback = ;net461;net462;net47;net471;net472;net48;net481
                   AssignTargetPathsDependsOn = 
                   Authors = KIOSK
                   AutomaticallyUseReferenceAssemblyPackages = true
                   AutoUnifyAssemblyReferences = true
                   AvailablePlatforms = Any CPU,x86,x64,ARM32,ARM64
                   BaseIntermediateOutputPath = obj\
                   BaseOutputPath = bin\
                   BaseOutputPathWasSpecified = true
                   BuildCompileAction = Build
                   BuildDependsOn = 
                         BeforeBuild;
                         CoreBuild;
                         AfterBuild
                       
                   BuildGenerateSourcesAction = Build
                   BuildingProject = false
                   BuildInParallel = true
                   BuildLinkAction = Build
                   BuildOutputTargetFolder = lib
                   BuildProjectReferences = true
                   BuiltProjectOutputGroupDependenciesDependsOn = 
                         ;
                         
                         ;
                         BuildOnlySettings;
                         PrepareForBuild;
                         AssignTargetPaths;
                         ResolveReferences
                       
                       
                   BuiltProjectOutputGroupDependsOn = PrepareForBuild
                   BundledMSBuildVersion = 18.0.7
                   BundledNETCoreAppPackageVersion = 10.0.2
                   BundledNETCoreAppTargetFrameworkVersion = 10.0
                   BundledNETCorePlatformsPackageVersion = 10.0.2-servicing.25612.105
                   BundledNETStandardPackageVersion = 2.1.0
                   BundledNETStandardTargetFrameworkVersion = 2.1
                   BundledRuntimeIdentifierGraphFile = C:\Program Files\dotnet\sdk\10.0.102\RuntimeIdentifierGraph.json
                   CheckEolTargetFramework = true
                   CheckEolWorkloads = true
                   CheckForOverflowUnderflow = false
                   CleanDependsOn = 
                         BeforeClean;
                         UnmanagedUnregistration;
                         CoreClean;
                         CleanReferencedProjects;
                         CleanPublishFolder;
                         AfterClean
                       
                   CleanFile = KIOSK.csproj.FileListAbsolute.txt
                   ClickOncePublishDir = bin\Debug\net9.0-windows10.0.17763.0\publish\
                   CodeAnalysisRuleIds = CA1000;CA1001;CA1002;CA1003;CA1005;CA1008;CA1010;CA1012;CA1014;CA1016;CA1017;CA1018;CA1019;CA1021;CA1024;CA1027;CA1028;CA1030;CA1031;CA1032;CA1033;CA1034;CA1036;CA1040;CA1041;CA1043;CA1044;CA1045;CA1046;CA1047;CA1050;CA1051;CA1052;CA1054;CA1055;CA1056;CA1058;CA1060;CA1061;CA1062;CA1063;CA1064;CA1065;CA1066;CA1067;CA1068;CA1069;CA1070;CA1200;CA1303;CA1304;CA1305;CA1307;CA1308;CA1309;CA1310;CA1311;CA1401;CA1416;CA1417;CA1418;CA1419;CA1420;CA1421;CA1422;CA1501;CA1502;CA1505;CA1506;CA1507;CA1508;CA1509;CA1510;CA1511;CA1512;CA1513;CA1514;CA1515;CA1516;CA1700;CA1707;CA1708;CA1710;CA1711;CA1712;CA1713;CA1715;CA1716;CA1720;CA1721;CA1724;CA1725;CA1727;CA1802;CA1805;CA1806;CA1810;CA1812;CA1813;CA1814;CA1815;CA1816;CA1819;CA1820;CA1821;CA1822;CA1823;CA1824;CA1825;CA1826;CA1827;CA1828;CA1829;CA1830;CA1831;CA1832;CA1833;CA1834;CA1835;CA1836;CA1837;CA1838;CA1839;CA1840;CA1841;CA1842;CA1843;CA1844;CA1845;CA1846;CA1847;CA1848;CA1849;CA1850;CA1851;CA1852;CA1853;CA1854;CA1855;CA1856;CA1857;CA1858;CA1859;CA1860;CA1861;CA1862;CA1863;CA1864;CA1865;CA1866;CA1867;CA1868;CA1869;CA1870;CA1871;CA1872;CA1873;CA1874;CA1875;CA2000;CA2002;CA2007;CA2008;CA2009;CA2011;CA2012;CA2013;CA2014;CA2015;CA2016;CA2017;CA2018;CA2019;CA2020;CA2021;CA2022;CA2023;CA2024;CA2025;CA2100;CA2101;CA2119;CA2153;CA2200;CA2201;CA2207;CA2208;CA2211;CA2213;CA2214;CA2215;CA2216;CA2217;CA2218;CA2219;CA2224;CA2225;CA2226;CA2227;CA2231;CA2234;CA2235;CA2237;CA2241;CA2242;CA2243;CA2244;CA2245;CA2246;CA2247;CA2248;CA2249;CA2250;CA2251;CA2252;CA2253;CA2254;CA2255;CA2256;CA2257;CA2258;CA2259;CA2260;CA2261;CA2262;CA2263;CA2264;CA2265;CA2300;CA2301;CA2302;CA2305;CA2310;CA2311;CA2312;CA2315;CA2321;CA2322;CA2326;CA2327;CA2328;CA2329;CA2330;CA2350;CA2351;CA2352;CA2353;CA2354;CA2355;CA2356;CA2361;CA2362;CA3001;CA3002;CA3003;CA3004;CA3005;CA3006;CA3007;CA3008;CA3009;CA3010;CA3011;CA3012;CA3061;CA3075;CA3076;CA3077;CA3147;CA5350;CA5351;CA5358;CA5359;CA5360;CA5361;CA5362;CA5363;CA5364;CA5365;CA5366;CA5367;CA5368;CA5369;CA5370;CA5371;CA5372;CA5373;CA5374;CA5375;CA5376;CA5377;CA5378;CA5379;CA5380;CA5381;CA5382;CA5383;CA5384;CA5385;CA5386;CA5387;CA5388;CA5389;CA5390;CA5391;CA5392;CA5393;CA5394;CA5395;CA5396;CA5397;CA5398;CA5399;CA5400;CA5401;CA5402;CA5403;CA5404;CA5405
                   CodeAnalysisTargets = C:\Program Files\dotnet\sdk\10.0.102\Microsoft\VisualStudio\v18.0\CodeAnalysis\Microsoft.CodeAnalysis.targets
                   CommandLineArgsForDesignTimeEvaluation = -langversion:13.0 -define:TRACE
                   CommonOutputGroupsDependsOn = 
                         ;
                         BuildOnlySettings;
                         PrepareForBuild;
                         AssignTargetPaths;
                         ResolveReferences
                       
                   CommonTargetsPath = C:\Program Files\dotnet\sdk\10.0.102\Microsoft.Common.CurrentVersion.targets
                   CommonXamlResourcesDirectory = C:\Program Files\dotnet\sdk\10.0.102\\
                   Company = KIOSK
                   CompileDependsOn = 
                           
                         
                         ResolveReferences;
                         ResolveKeySource;
                         SetWin32ManifestProperties;
                         _SetPreferNativeArm64Win32ManifestProperties;
                         FindReferenceAssembliesForReferences;
                         _GenerateCompileInputs;
                         BeforeCompile;
                         _TimeStampBeforeCompile;
                         _GenerateCompileDependencyCache;
                         CoreCompile;
                         _TimeStampAfterCompile;
                         AfterCompile;
                       ;
                         _CreateAppHost;
                         _CreateComHost;
                         _GetIjwHostPaths;
                       ;
                           _AfterCompileWinFXInternal
                       
                   CompileLicxFilesDependsOn = 
                   CompilerApiVersion = roslyn5.0
                   CompilerGeneratedFilesOutputPath = 
                   ComputeIntermediateSatelliteAssembliesDependsOn = 
                         CreateManifestResourceNames
                       
                   ComputeNETCoreBuildOutputFiles = true
                   ComReferenceExecuteAsTool = false
                   ComReferenceNoClassMembers = false
                   Configuration = Debug
                   ConfigurationName = Debug
                   Configurations = Debug;Release;Remote
                   ConsiderPlatformAsProcessorArchitecture = true
                   ContainerCustomTasksAssembly = C:\Program Files\dotnet\sdk\10.0.102\Containers\build\..\tasks\net10.0\Microsoft.NET.Build.Containers.dll
                   ContainerCustomTasksFolder = C:\Program Files\dotnet\sdk\10.0.102\Containers\build\..\tasks\net10.0\
                   ContainerizeFolder = C:\Program Files\dotnet\sdk\10.0.102\Containers\build\..\containerize\
                   ContainerizeFolderName = containerize
                   ContainerTaskFolderName = tasks
                   ContainerTaskFramework = net10.0
                   ContentFilesProjectOutputGroupDependsOn = PrepareForBuild;AssignTargetPaths
                   ContentPreprocessorOutputDirectory = obj\Debug\net9.0-windows10.0.17763.0\NuGet\
                   ContentTargetFolders = content;contentFiles
                   ContinueOnError = false
                   CopyBuildOutputToPublishDirectory = true
                   CopyConflictingTransitiveContent = false
                   CopyLocalLockFileAssemblies = true
                   CopyOutputSymbolsToPublishDirectory = true
                   CoreBuildDependsOn = 
                         _CheckForBuildWithNoBuild;
                         
                         BuildOnlySettings;
                         PrepareForBuild;
                         PreBuildEvent;
                         ResolveReferences;
                         PrepareResources;
                         ResolveKeySource;
                         Compile;
                         ExportWindowsMDFile;
                         UnmanagedUnregistration;
                         GenerateSerializationAssemblies;
                         CreateSatelliteAssemblies;
                         GenerateManifests;
                         GetTargetPath;
                         PrepareForRun;
                         UnmanagedRegistration;
                         IncrementalClean;
                         PostBuildEvent
                       ;
                         GenerateBuildDependencyFile;
                         GenerateBuildRuntimeConfigurationFiles
                       
                   CoreCleanDependsOn = 
                         _SdkBeforeClean;
                         
                       
                   CoreCompileDependsOn = ;_ComputeNonExistentFileProperty;ResolveCodeAnalysisRuleSet
                   CoreResGenDependsOn = FindReferenceAssembliesForReferences
                   CreateCustomManifestResourceNamesDependsOn = 
                   CreateHardLinksForCopyAdditionalFilesIfPossible = false
                   CreateManifestResourceNamesDependsOn = 
                   CreateSatelliteAssembliesDependsOn = 
                         
                         ;
                         _GenerateSatelliteAssemblyInputs;
                         ComputeIntermediateSatelliteAssemblies;
                         GenerateSatelliteAssemblies
                       ;
                         CoreGenerateSatelliteAssemblies
                       
                   CreateSymbolicLinksForCopyAdditionalFilesIfPossible = false
                   CSharpCoreTargetsPath = C:\Program Files\dotnet\sdk\10.0.102\Sdks\Microsoft.NET.Sdk\targets\..\..\..\Roslyn\Microsoft.CSharp.Core.targets
                   CSharpDesignTimeTargetsPath = C:\Program Files\dotnet\sdk\10.0.102\\Microsoft\VisualStudio\Managed\Microsoft.CSharp.DesignTime.targets
                   CSharpTargetsPath = C:\Program Files\dotnet\sdk\10.0.102\Microsoft.CSharp.CurrentVersion.targets
                   CsWinRTAotOptimizerEnabled = true
                   CsWinRTCcwLookupTableGeneratorEnabled = true
                   CsWinRTGenerateInteropAssembly = false
                   CsWinRTGeneratorEnableIncrementalGeneration = true
                   CsWinRTGeneratorInteropAssemblyDirectory = obj\Debug\net9.0-windows10.0.17763.0\
                   CsWinRTGeneratorLogStandardErrorAsError = true
                   CsWinRTGeneratorMaxDegreesOfParallelism = -1
                   CsWinRTGeneratorStandardErrorImportance = High
                   CsWinRTGeneratorStandardOutputImportance = High
                   CsWinRTGeneratorTreatWarningsAsErrors = false
                   CsWinRTGeneratorValidateWinRTRuntimeAssemblyVersion = true
                   CsWinRTGeneratorValidateWinRTRuntimeDllVersion2References = true
                   CsWinRTUseWindowsUIXamlProjections = false
                   CustomAfterDirectoryBuildProps = ;C:\Program Files\dotnet\sdk\10.0.102\Sdks\Microsoft.NET.Sdk\Sdk\UseArtifactsOutputPath.props
                   CustomAfterMicrosoftCommonProps = C:\Program Files\dotnet\sdk\10.0.102\\vCurrent\Custom.After.Microsoft.Common.props
                   CustomAfterMicrosoftCommonTargets = C:\Program Files\dotnet\sdk\10.0.102\\vCurrent\Custom.After.Microsoft.Common.targets
                   CustomAfterMicrosoftCSharpTargets = C:\Program Files\dotnet\sdk\10.0.102\\vCurrent\Custom.After.Microsoft.CSharp.targets
                   CustomBeforeMicrosoftCommonProps = C:\Program Files\dotnet\sdk\10.0.102\\vCurrent\Custom.Before.Microsoft.Common.props
                   CustomBeforeMicrosoftCommonTargets = C:\Program Files\dotnet\sdk\10.0.102\\vCurrent\Custom.Before.Microsoft.Common.targets
                   CustomBeforeMicrosoftCSharpTargets = C:\Program Files\dotnet\sdk\10.0.102\\vCurrent\Custom.Before.Microsoft.CSharp.targets
                   DebugSymbols = true
                   DebugSymbolsProjectOutputGroupDependenciesDependsOn = 
                         ;
                         
                         ;
                         BuildOnlySettings;
                         PrepareForBuild;
                         AssignTargetPaths;
                         ResolveReferences
                       
                       
                   DebugSymbolsProjectOutputGroupDependsOn = 
                   DebugType = portable
                   DefaultAllowedOutputExtensionsInPackageBuildOutputFolder = .dll; .exe; .winmd; .json; .pri; .xml
                   DefaultAppHostRuntimeIdentifier = win-x64
                   DefaultCopyToPublishDirectoryMetadata = true
                   DefaultExcludesInProjectFolder = ;;**/.*/**
                   DefaultImplicitPackages = Microsoft.NETCore.App;NETStandard.Library
                   DefaultItemExcludes = ;bin\Debug\/**;obj\Debug\/**;bin\/**;obj\/**;**/*.user;**/*.*proj;**/*.sln;**/*.slnx;**/*.vssscc;**/.DS_Store
                   DefaultLanguageSourceExtension = .cs
                   DefaultProjectTypeGuid = {FAE04EC0-301F-11D3-BF4B-00C04F79EFBC}
                   DefaultXamlRuntime = Wpf
                   DefineCommonCapabilities = true
                   DefineCommonItemSchemas = true
                   DefineCommonReferenceSchemas = true
                   DefineConstants = TRACE;DEBUG
                   DelaySign = 
                   DeploymentComputeClickOnceManifestInfoDependsOn = 
                         CleanPublishFolder;
                         GetCopyToOutputDirectoryItems;
                         _DeploymentGenerateTrustInfo;
                         
                       
                   DeploymentType = Installed
                   DesignerRuntimeImplementationProjectOutputGroupDependsOn = 
                         
                         ;
                         
                         ;
                         BuildOnlySettings;
                         PrepareForBuild;
                         AssignTargetPaths;
                         ResolveReferences
                       
                       ;
                         _GenerateDesignerDepsFile;
                         _GenerateDesignerRuntimeConfigFile;
                         GetCopyToOutputDirectoryItems;
                         _GatherDesignerShadowCopyFiles;
                       
                   DesignTimeAssemblySearchPaths = {CandidateAssemblyFiles};{HintPathFromItem};{TargetFrameworkDirectory};{RawFileName}
                   DesignTimeAutoUnify = true
                   DesignTimeResolveAssemblyReferencesDependsOn = 
                         GetFrameworkPaths;
                         GetReferenceAssemblyPaths;
                         ResolveReferences
                       
                   Deterministic = true
                   DevEnvDir = *Undefined*
                   DisableHandlePackageFileConflicts = true
                   DisableLogTaskParameter_ConvertToAbsolutePath_Path = true
                   DisableLogTaskParameter_FindUnderPath_OutOfPath = true
                   DisableLogTaskParameter_RemoveDuplicates_Inputs = true
                   DisableLogTaskParameterItemMetadata_ConvertToAbsolutePath_AbsolutePaths = true
                   DisableLogTaskParameterItemMetadata_Copy_CopiedFiles = true
                   DisableLogTaskParameterItemMetadata_Copy_DestinationFiles = true
                   DisableLogTaskParameterItemMetadata_Copy_SourceFiles = true
                   DisableLogTaskParameterItemMetadata_FindUnderPath_Files = true
                   DisableLogTaskParameterItemMetadata_FindUnderPath_InPath = true
                   DisableLogTaskParameterItemMetadata_GenerateResource_FilesWritten = true
                   DisableLogTaskParameterItemMetadata_Hash_ItemsToHash = true
                   DisableLogTaskParameterItemMetadata_RemoveDuplicates_Filtered = true
                   DisableLogTaskParameterItemMetadata_WriteLinesToFile_Lines = true
                   DisableStandardFrameworkResolution = true
                   DocumentationFile = 
                   DocumentationProjectOutputGroupDependenciesDependsOn = 
                         ;
                         
                         ;
                         BuildOnlySettings;
                         PrepareForBuild;
                         AssignTargetPaths;
                         ResolveReferences
                       
                       
                   DocumentationProjectOutputGroupDependsOn = 
                   DOTNET_CLI_TELEMETRY_SESSIONID = 33de97b0-c82b-4708-9101-efc10ea18c95
                   DOTNET_CLI_UI_LANGUAGE = en
                   DOTNET_HOST_PATH = C:\Program Files\dotnet\dotnet.exe
                   DotNetApiCompatTaskAssembly = C:\Program Files\dotnet\sdk\10.0.102\Sdks\Microsoft.NET.Sdk\targets\..\tools\net10.0\Microsoft.DotNet.ApiCompat.Task.dll
                   DotnetCliToolTargetFramework = netcoreapp2.2
                   EffectiveAnalysisLevel = 9.0
                   EffectiveCodeAnalysisTreatWarningsAsErrors = 
                   EffectiveTargetPlatformVersion = 10.0.17763.0
                   EmbeddedResourceUseDependentUponConvention = true
                   EmbeddedWin32Manifest = 
                   EmbedUntrackedSources = true
                   EmitAssetsLogMessages = true
                   EmitCompilerGeneratedFiles = false
                   EmitLegacyAssetsFileItems = false
                   EnableAppxPackageTargetsForUwpClassLibraries = true
                   EnableDefaultApplicationDefinition = true
                   EnableDefaultCompileItems = true
                   EnableDefaultEmbeddedResourceItems = true
                   EnableDefaultItems = true
                   EnableDefaultNoneItems = true
                   EnableDefaultPageItems = true
                   EnableFrameworkPathOverride = false
                   EnableNETAnalyzers = true
                   EnableSdkContainerSupport = true
                   EnableSourceControlManagerQueries = true
                   EnableSourceLink = true
                   EnableUnsafeBinaryFormatterSerialization = false
                   EnableWebSdkImplicitPackageVersions = false
                   EnforceCodeStyleInBuild = false
                   ErrorReport = prompt
                   ExcludeRestorePackageImports = true
                   ExpandSDKAllowedReferenceExtensions = 
                         .winmd;
                         .dll
                       
                   ExpandSDKReferencesDependsOn = 
                         ResolveSDKReferences
                       
                   FileAlignment = 512
                   FindInvalidProjectReferencesDependsOn = 
                         GetReferenceTargetPlatformMonikers
                       
                   Framework20Dir = @(_TargetFramework20DirectoryItem)
                   Framework30Dir = @(_TargetFramework30DirectoryItem)
                   Framework35Dir = @(_TargetFramework35DirectoryItem)
                   Framework40Dir = @(_TargetFramework40DirectoryItem)
                   FrameworkDir = @(_TargetFramework40DirectoryItem)
                   FrameworkPathOverride = 
                   FrameworkRegistryBase = Software\Microsoft\.NETCoreApp
                   FrameworkSDKDir = @(_TargetFrameworkSDKDirectoryItem)
                   FullReferenceAssemblyNames = Full
                   GenerateAssemblyCompanyAttribute = true
                   GenerateAssemblyConfigurationAttribute = true
                   GenerateAssemblyCopyrightAttribute = true
                   GenerateAssemblyDescriptionAttribute = true
                   GenerateAssemblyFileVersionAttribute = true
                   GenerateAssemblyInfo = true
                   GenerateAssemblyInformationalVersionAttribute = true
                   GenerateAssemblyMetadataAttributes = true
                   GenerateAssemblyProductAttribute = true
                   GenerateAssemblyTitleAttribute = true
                   GenerateAssemblyTrademarkAttribute = true
                   GenerateAssemblyVersionAttribute = true
                   GenerateBindingRedirectsOutputType = true
                   GenerateClickOnceManifests = 
                   GeneratedAssemblyInfoFile = obj\Debug\net9.0-windows10.0.17763.0\KIOSK.AssemblyInfo.cs
                   GenerateDependencyFile = true
                   GeneratedFileExtension = .g.cs
                   GeneratedGlobalUsingsFile = obj\Debug\net9.0-windows10.0.17763.0\KIOSK.GlobalUsings.g.cs
                   GenerateDisableRuntimeMarshallingAttribute = true
                   GenerateDocumentationFile = false
                   GenerateFullPaths = true
                   GenerateInternalsVisibleToAttributes = true
                   GenerateManifestsDependsOn = 
                         SetWin32ManifestProperties;
                         GenerateApplicationManifest;
                         GenerateDeploymentManifest
                       
                   GenerateNeutralResourcesLanguageAttribute = true
                   GenerateNuspecDependsOn = Build;_LoadPackInputItems; _GetTargetFrameworksOutput; _WalkEachTargetPerFramework; _GetPackageFiles; 
                   GeneratePackageOnBuild = false
                   GenerateRepositoryUrlAttribute = true
                   GenerateResourceMSBuildArchitecture = CurrentArchitecture
                   GenerateResourceMSBuildRuntime = CurrentRuntime
                   GenerateResourceUsePreserializedResources = true
                   GenerateRuntimeConfigDevFile = false
                   GenerateRuntimeConfigurationFiles = true
                   GenerateSatelliteAssembliesForCore = true
                   GenerateSupportedOSPlatformAttribute = true
                   GenerateTargetFrameworkAttribute = true
                   GenerateTargetPlatformAttribute = true
                   GetCopyToOutputDirectoryItemsDependsOn = 
                         AssignTargetPaths;
                         
                         AssignProjectConfiguration;
                         _SplitProjectReferencesByFileExistence
                       ;
                         _GetProjectReferenceTargetFrameworkProperties;
                         _PopulateCommonStateForGetCopyToOutputDirectoryItems
                       
                   GetFrameworkPathsDependsOn = 
                   GetReferenceNearestTargetFrameworkTaskSupportsTargetPlatformParameter = true
                   GetTargetPathWithTargetPlatformMonikerDependsOn = 
                   HasRuntimeOutput = true
                   HideWarningsAndErrors = false
                   HighEntropyVA = true
                   HostInBrowser = false
                   ImplicitConfigurationDefine = DEBUG
                   ImplicitUsings = enable
                   ImportByWildcardAfterMicrosoftCommonProps = true
                   ImportByWildcardAfterMicrosoftCommonTargets = true
                   ImportByWildcardAfterMicrosoftCSharpTargets = true
                   ImportByWildcardBeforeMicrosoftCommonProps = true
                   ImportByWildcardBeforeMicrosoftCommonTargets = true
                   ImportByWildcardBeforeMicrosoftCSharpTargets = true
                   ImportDirectoryBuildProps = true
                   ImportDirectoryBuildTargets = true
                   ImportDirectoryPackagesProps = true
                   ImportFrameworkWinFXTargets = false
                   ImportNuGetBuildTasksPackTargetsFromSdk = true
                   ImportProjectExtensionProps = false
                   ImportProjectExtensionTargets = false
                   ImportUserLocationsByWildcardAfterMicrosoftCommonProps = true
                   ImportUserLocationsByWildcardAfterMicrosoftCommonTargets = true
                   ImportUserLocationsByWildcardAfterMicrosoftCSharpTargets = true
                   ImportUserLocationsByWildcardBeforeMicrosoftCommonProps = true
                   ImportUserLocationsByWildcardBeforeMicrosoftCommonTargets = true
                   ImportUserLocationsByWildcardBeforeMicrosoftCSharpTargets = true
                   ImportWindowsDesktopTargets = true
                   IncludeBuildOutput = true
                   IncludeContentInPack = true
                   IncludeFileVersionsInDependencyFile = true
                   IncludeMainProjectInDepsFile = true
                   IncludePackageReferencesDuringMarkupCompilation = true
                   IncludeProjectsNotInAssetsFileInDepsFile = true
                   IncludeSourceRevisionInInformationalVersion = true
                   IncludeSymbolsInSingleFile = false
                   IncludeWindowsSDKRefFrameworkReferences = true
                   InnerBuildProperty = TargetFramework
                   InnerBuildPropertyValues = TargetFrameworks
                   IntermediateOutputPath = obj\Debug\net9.0-windows10.0.17763.0\
                   IsApplication = true
                   IsPackable = true
                   IsPublishable = true
                   IsRestoreTargetsFileLoaded = true
                   IsRidAgnostic = false
                   Language = C#
                   LanguageTargets = C:\Program Files\dotnet\sdk\10.0.102\Microsoft.CSharp.targets
                   LangVersion = 13.0
                   LiveSharpEnable = true
                   LocalizationDirectivesToLocFile = None
                   MarkPackageReferencesAsExternallyResolved = true
                   MarkupCompilePass2ForMainAssemblyDependsOn = 
                                        GenerateTemporaryTargetAssembly;
                                        MarkupCompilePass2;
                                        AfterMarkupCompilePass2;
                                        CleanupTemporaryTargetAssembly
                          
                   MaxSupportedLangVersion = 13.0
                   MaxTargetPath = 100
                   MicrosoftBuildTasksGitAssemblyFile = C:\Program Files\dotnet\sdk\10.0.102\Sdks\Microsoft.Build.Tasks.Git\build\..\tools\net\Microsoft.Build.Tasks.Git.dll
                   MicrosoftCommonPropsHasBeenImported = true
                   MicrosoftNETBuildExtensionsTargets = C:\Program Files\dotnet\sdk\10.0.102\\Microsoft\Microsoft.NET.Build.Extensions\Microsoft.NET.Build.Extensions.targets
                   MicrosoftNETBuildExtensionsTasksAssembly = C:\Program Files\dotnet\sdk\10.0.102\Microsoft\Microsoft.NET.Build.Extensions\\tools\net10.0\Microsoft.NET.Build.Extensions.Tasks.dll
                   MicrosoftNETBuildTasksAssembly = C:\Program Files\dotnet\sdk\10.0.102\Sdks\Microsoft.NET.Sdk\targets\..\tools\net10.0\Microsoft.NET.Build.Tasks.dll
                   MicrosoftNETBuildTasksDirectory = C:\Program Files\dotnet\sdk\10.0.102\Sdks\Microsoft.NET.Sdk\targets\..\tools\net10.0\
                   MicrosoftNETBuildTasksDirectoryRoot = C:\Program Files\dotnet\sdk\10.0.102\Sdks\Microsoft.NET.Sdk\targets\..\tools\
                   MicrosoftNETBuildTasksTFM = net10.0
                   MicrosoftNETFrameworkReferenceAssembliesLatestPackageVersion = 1.0.3
                   MicrosoftNETWindowsWorkloadInstalled = true
                   MinimumMSBuildVersion = 17.14.0
                   MinimumVisualStudioVersionForUnsupportedTargetFrameworkVersion = 17.16
                   MsAppxPackageTargets = C:\Program Files\dotnet\sdk\10.0.102\Microsoft\VisualStudio\v18.0\AppxPackage\Microsoft.AppXPackage.Targets
                   MSBuildAllProjects = c:\Users\niaci\RiderProjects\moenybox_devicecontroller\KIOSK\KIOSK.csproj;;C:\Program Files\dotnet\sdk\10.0.102\Current\Microsoft.Common.targets\ImportAfter\Microsoft.TestPlatform.ImportAfter.targets
                   MSBuildAssemblyVersion = 18.0
                   MSBuildBinPath = C:\Program Files\dotnet\sdk\10.0.102
                   MSBuildCopyContentTransitively = true
                   MSBuildCopyMarkerName = KIOSK.csproj.Up2Date
                   MSBuildDisableFeaturesFromVersion = 999.999
                   MSBuildEnableWorkloadResolver = true
                   MSBuildExtensionsPath = C:\Program Files\dotnet\sdk\10.0.102\
                   MSBuildExtensionsPath32 = C:\Program Files\dotnet\sdk\10.0.102
                   MSBuildExtensionsPath64 = C:\Program Files\dotnet\sdk\10.0.102
                   MSBUILDFAILONDRIVEENUMERATINGWILDCARD = 1
                   MSBuildFileVersion = 18.0.7.61305
                   MSBuildIsRestoring = True
                   MSBuildLoadMicrosoftTargetsReadOnly = true
                   MSBuildNodeCount = 24
                   MSBuildProgramFiles32 = C:\Program Files (x86)
                   MSBuildProjectDefaultTargets = Build
                   MSBuildProjectDirectory = c:\Users\niaci\RiderProjects\moenybox_devicecontroller\KIOSK
                   MSBuildProjectDirectoryNoRoot = Users\niaci\RiderProjects\moenybox_devicecontroller\KIOSK
                   MSBuildProjectExtension = .csproj
                   MSBuildProjectExtensionsPath = c:\Users\niaci\RiderProjects\moenybox_devicecontroller\KIOSK\obj\
                   MSBuildProjectFile = KIOSK.csproj
                   MSBuildProjectFullPath = c:\Users\niaci\RiderProjects\moenybox_devicecontroller\KIOSK\KIOSK.csproj
                   MSBuildProjectName = KIOSK
                   MSBuildRestoreSessionId = 4b294504-e1ed-46f4-b463-ba92570e4b2c
                   MSBuildRuntimeType = Core
                   MSBuildSDKsPath = C:\Program Files\dotnet\sdk\10.0.102\Sdks
                   MSBuildSemanticVersion = 18.0.7+445250245
                   MSBuildStartupDirectory = c:\Users\niaci\RiderProjects\moenybox_devicecontroller
                   MSBuildToolsPath = C:\Program Files\dotnet\sdk\10.0.102
                   MSBuildToolsVersion = Current
                   MSBuildUserExtensionsPath = C:\Users\niaci\AppData\Local\Microsoft\MSBuild
                   MSBUILDUSESERVER = 0
                   MSBuildUseVisualStudioDirectoryLayout = False
                   MSBuildVersion = 18.0.7
                   MSBuildWarningsAsErrors = ;NU1605
                   MSBuildWarningsAsMessages = 1701;1702
                   MSBuildWarningsNotAsErrors = 
                   MsTestToolsTargets = C:\Program Files\dotnet\sdk\10.0.102\Microsoft\VisualStudio\v18.0\TeamTest\Microsoft.TeamTest.targets
                   NETCoreAppMaximumVersion = 10.0
                   NetCoreRoot = C:\Program Files\dotnet\
                   NETCoreSdkBundledCliToolsProps = C:\Program Files\dotnet\sdk\10.0.102\Sdks\Microsoft.NET.Sdk\targets\..\..\..\Microsoft.NETCoreSdk.BundledCliTools.props
                   NETCoreSdkBundledMSBuildInformationProps = C:\Program Files\dotnet\sdk\10.0.102\Sdks\Microsoft.NET.Sdk\targets\..\..\..\Microsoft.NETCoreSdk.BundledMSBuildInformation.props
                   NETCoreSdkBundledVersionsProps = C:\Program Files\dotnet\sdk\10.0.102\Sdks\Microsoft.NET.Sdk\targets\..\..\..\Microsoft.NETCoreSdk.BundledVersions.props
                   NETCoreSdkPortableRuntimeIdentifier = win-x64
                   NETCoreSdkRuntimeIdentifier = win-x64
                   NETCoreSdkVersion = 10.0.102
                   NetCoreTargetingPackRoot = C:\Program Files\dotnet\packs
                   NoCompilerStandardLib = true
                   NoStdLib = true
                   NoWarn = 1701;1702
                   NuGetAudit = true
                   NuGetAuditLevel = low
                   NuGetAuditMode = direct
                   NuGetBuildTasksPackTargets = C:\Program Files\dotnet\sdk\10.0.102\Sdks\Microsoft.NET.Sdk\Sdk\..\..\..\NuGet.Build.Tasks.Pack.targets
                   NuGetInteractive = false
                   NuGetPackTaskAssemblyFile = NuGet.Build.Tasks.Pack.dll
                   NuGetPropsFile = C:\Program Files\dotnet\sdk\10.0.102\NuGet.props
                   NuGetRestoreTargets = C:\Program Files\dotnet\sdk\10.0.102\NuGet.targets
                   NuGetTargetMoniker = .NETCoreApp,Version=v9.0
                   Nullable = enable
                   NuspecOutputPath = obj\Debug\
                   Optimize = false
                   OSVersion = 5.1.2600.0
                   OutDir = bin\Debug\net9.0-windows10.0.17763.0\
                   OutputPath = bin\Debug\net9.0-windows10.0.17763.0\
                   OutputType = WinExe
                   OverwriteReadOnlyFiles = false
                   PackageDescription = Package Description
                   PackageDownloadSupported = true
                   PackageId = KIOSK
                   PackageOutputPath = bin\Debug\
                   PackageRequireLicenseAcceptance = false
                   PackageVersion = 1.0.0
                   PackDependsOn = ; _GetRestoreProjectStyle; _IntermediatePack; GenerateNuspec; 
                   PackRelease = true
                   Platform = AnyCPU
                   PlatformName = AnyCPU
                   Platforms = AnyCPU;x86;x64
                   PostBuildEventDependsOn = 
                   PreBuildEventDependsOn = 
                   Prefer32Bit = false
                   PreferNativeArm64 = false
                   PrepareForBuildDependsOn = ;GetFrameworkPaths;GetReferenceAssemblyPaths;AssignLinkMetadata
                   PrepareForRunDependsOn = 
                         CopyFilesToOutputDirectory
                       
                   PrepareProjectReferencesDependsOn = 
                         AssignProjectConfiguration;
                         _SplitProjectReferencesByFileExistence;
                         _GetProjectReferenceTargetFrameworkProperties;
                         _GetProjectReferencePlatformProperties
                       
                   PrepareResourceNamesDependsOn = 
                                       AssignWinFXEmbeddedResource;
                                       
                         AssignTargetPaths;
                         SplitResourcesByCulture;
                         CreateManifestResourceNames;
                         CreateCustomManifestResourceNames
                       
                         
                   PrepareResourcesDependsOn = 
                                   MarkupCompilePass1;
                                   AfterMarkupCompilePass1;
                                   MarkupCompilePass2ForMainAssembly;
                                   FileClassification;
                                   MainResourcesGeneration;
                                   
                         ResolvePackageDependenciesForBuild;
                         _HandlePackageFileConflicts;
                         
                         ;
                         PrepareResourceNames;
                         ResGen;
                         CompileLicxFiles
                       
                       
                         
                   PreserveCompilationReferences = 
                   ProcessorArchitecture = msil
                   ProcessorArchitectureAsPlatform = AnyCPU
                   ProduceReferenceAssembly = true
                   Product = KIOSK
                   ProjectAssetsCacheFile = c:\Users\niaci\RiderProjects\moenybox_devicecontroller\KIOSK\obj\Debug\net9.0-windows10.0.17763.0\KIOSK.assets.cache
                   ProjectAssetsFile = c:\Users\niaci\RiderProjects\moenybox_devicecontroller\KIOSK\obj\project.assets.json
                   ProjectDepsFileName = KIOSK.deps.json
                   ProjectDepsFilePath = c:\Users\niaci\RiderProjects\moenybox_devicecontroller\KIOSK\bin\Debug\net9.0-windows10.0.17763.0\KIOSK.deps.json
                   ProjectDesignTimeAssemblyResolutionSearchPaths = 
                         {CandidateAssemblyFiles};
                         ;
                         {HintPathFromItem};
                         {TargetFrameworkDirectory};
                         {Registry:Software\Microsoft\.NETCoreApp,v9.0,AssemblyFoldersEx};
                         {RawFileName};
                         c:\Users\niaci\RiderProjects\moenybox_devicecontroller\KIOSK\bin\Debug\net9.0-windows10.0.17763.0\
                       
                   ProjectDir = c:\Users\niaci\RiderProjects\moenybox_devicecontroller\KIOSK\
                   ProjectExt = .csproj
                   ProjectFileName = KIOSK.csproj
                   ProjectFlavor = Client
                   ProjectName = KIOSK
                   ProjectPath = c:\Users\niaci\RiderProjects\moenybox_devicecontroller\KIOSK\KIOSK.csproj
                   ProjectRuntimeConfigFileName = KIOSK.runtimeconfig.json
                   ProjectRuntimeConfigFilePath = c:\Users\niaci\RiderProjects\moenybox_devicecontroller\KIOSK\bin\Debug\net9.0-windows10.0.17763.0\KIOSK.runtimeconfig.json
                   PrunePackageDataRoot = C:\Program Files\dotnet\sdk\10.0.102\PrunePackageData
                   PublishableProject = true
                   PublishBuildDependsOn = 
                               BuildOnlySettings;
                               PrepareForBuild;
                               ResolveReferences;
                               PrepareResources;
                               ResolveKeySource;
                               PrepareResourcesForSatelliteAssemblies;
                               GenerateSerializationAssemblies;
                               CreateSatelliteAssemblies;
                           
                   PublishContainerDependsOn = 
                         _ContainerVerifySDKVersion;
                         ComputeContainerConfig;
                         _CheckContainersPackage;
                       
                   PublishDependsOn = 
                         SetGenerateManifests;
                         Build;
                         PublishOnly
                       
                   PublishDir = bin\Debug\net9.0-windows10.0.17763.0\publish\
                   PublishDirName = publish
                   PublishDocumentationFile = true
                   PublishDocumentationFiles = true
                   PublishItemsOutputGroupDependsOn = 
                         ;
                         ResolveReferences;
                         ComputeResolvedFilesToPublishList;
                         _ComputeFilesToBundle;
                       
                   PublishOnlyDependsOn = 
                         SetGenerateManifests;
                         PublishBuild;
                         BeforePublish;
                         GenerateManifests;
                         CopyFilesToOutputDirectory;
                         _CopyFilesToPublishFolder;
                         _DeploymentGenerateBootstrapper;
                         ResolveKeySource;
                         _DeploymentSignClickOnceDeployment;
                         AfterPublish
                       
                   PublishProfileImported = false
                   PublishReadyToRunComposite = false
                   PublishReadyToRunPerfmapFormatVersion = 1
                   PublishReadyToRunUseCrossgen2 = true
                   PublishReadyToRunUseRuntimePackOptimizationData = true
                   PublishReferencesDocumentationFiles = true
                   PublishRelease = true
                   RebuildDependsOn = 
                         _SdkBeforeRebuild;
                         
                         BeforeRebuild;
                         Clean;
                         Build;
                         AfterRebuild;
                       
                       
                   RefAssembliesFolderName = refs
                   ReferenceCopyLocalPathsOutputGroupDependsOn = 
                         ;
                         
                         ;
                         BuildOnlySettings;
                         PrepareForBuild;
                         AssignTargetPaths;
                         ResolveReferences
                       
                       
                   ReportingServicesTargets = C:\Program Files\dotnet\sdk\10.0.102\\Microsoft\VisualStudio\v18.0\ReportingServices\Microsoft.ReportingServices.targets
                   ResGenDependsOn = ResolveAssemblyReferences;SplitResourcesByCulture;BeforeResGen;CoreResGen;AfterResGen
                   ResGenExecuteAsTool = false
                   ResolveAssemblyReferenceOutputUnresolvedAssemblyConflicts = true
                   ResolveAssemblyReferencesDependsOn = 
                         
                         
                         ResolveProjectReferences;
                         FindInvalidProjectReferences;
                         GetFrameworkPaths;
                         GetReferenceAssemblyPaths;
                         PrepareForBuild;
                         ResolveSDKReferences;
                         ExpandSDKReferences;
                       ;
                         ResolvePackageDependenciesForBuild;
                         _HandlePackageFileConflicts;
                       ;
                         ResolveTargetingPackAssets;
                       
                   ResolveNuGetPackages = false
                   ResolvePackageDependenciesForBuildDependsOn = 
                         ResolveLockFileReferences;
                         ResolveLockFileAnalyzers;
                         ResolveLockFileCopyLocalFiles;
                         ResolveRuntimePackAssets;
                         RunProduceContentAssets;
                         IncludeTransitiveProjectReferences
                       
                   ResolveReferencesDependsOn = 
                         BeforeResolveReferences;
                         AssignProjectConfiguration;
                         ResolveProjectReferences;
                         FindInvalidProjectReferences;
                         ResolveNativeReferences;
                         ResolveAssemblyReferences;
                         GenerateBindingRedirects;
                         GenerateBindingRedirectsUpdateAppConfig;
                         ResolveComReferences;
                         AfterResolveReferences
                       
                   ResolveSDKReferencesDependsOn = 
                         GetInstalledSDKLocations
                       
                   RespectAlreadyAssignedItemCulture = true
                   RestoreAdditionalProjectSources = ;C:\Program Files\dotnet\library-packs
                   RestoreBuildInParallel = true
                   RestoreContinueOnError = WarnAndContinue
                   RestoreEnablePackagePruning = false
                   RestoreOutputPath = c:\Users\niaci\RiderProjects\moenybox_devicecontroller\KIOSK\obj\
                   RestorePackagePruningDefault = false
                   RestoreProjectStyle = PackageReference
                   RestoreRecursive = true
                   RestoreTaskAssemblyFile = NuGet.Build.Tasks.dll
                   RestoreUseSkipNonexistentTargets = true
                   RootNamespace = KIOSK
                   RoslynAssembliesPath = C:\Program Files\dotnet\sdk\10.0.102\Sdks\Microsoft.NET.Sdk\targets\..\..\..\Roslyn\bincore
                   RoslynCompilerType = Core
                   RoslynCoreAssembliesPath = C:\Program Files\dotnet\sdk\10.0.102\Sdks\Microsoft.NET.Sdk\targets\..\..\..\Roslyn\bincore
                   RoslynTargetsPath = C:\Program Files\dotnet\sdk\10.0.102\Sdks\Microsoft.NET.Sdk\targets\..\..\..\Roslyn
                   RoslynTasksAssembly = C:\Program Files\dotnet\sdk\10.0.102\Sdks\Microsoft.NET.Sdk\targets\..\..\..\Roslyn\Microsoft.Build.Tasks.CodeAnalysis.dll
                   RunAfterInstall = true
                   RunArguments = 
                   RunCommand = c:\Users\niaci\RiderProjects\moenybox_devicecontroller\KIOSK\bin\Debug\net9.0-windows10.0.17763.0\KIOSK.exe
                   RunDependsOn = 
                   RunPackageValidationDependsOn = CollectApiCompatInputs;_GetReferencePathFromInnerProjects;
                   RuntimeIdentifierGraphPath = C:\Program Files\dotnet\sdk\10.0.102/PortableRuntimeIdentifierGraph.json
                   RunWorkingDirectory = 
                   SatelliteDllsProjectOutputGroupDependenciesDependsOn = 
                         ;
                         
                         ;
                         BuildOnlySettings;
                         PrepareForBuild;
                         AssignTargetPaths;
                         ResolveReferences
                       
                       
                   SatelliteDllsProjectOutputGroupDependsOn = ;PrepareForBuild;PrepareResourceNames
                   SdkAnalysisLevel = 10.0.100
                   SDKContainerSupportEnabled = true
                   SDKRedistOutputGroupDependsOn = ResolveSDKReferences;ExpandSDKReferences
                   SDKReferenceDirectoryRoot = C:\Users\niaci\AppData\Local\Microsoft SDKs;C:\Program Files (x86)\Microsoft SDKs
                   SDKReferenceRegistryRoot = Software\Microsoft\Microsoft SDKs
                   SelfContained = false
                   SGenFilesOutputGroupDependenciesDependsOn = 
                         ;
                         
                         ;
                         BuildOnlySettings;
                         PrepareForBuild;
                         AssignTargetPaths;
                         ResolveReferences
                       
                       
                   SGenFilesOutputGroupDependsOn = 
                   SGenShouldGenerateSerializer = true
                   SGenUseKeep = false
                   SGenUseProxyTypes = true
                   ShouldMarkCertainSDKReferencesAsRuntimeOnly = true
                   SignAssembly = false
                   SkipCopyUnchangedFiles = true
                   SkipImportNuGetBuildTargets = true
                   SkipImportNuGetProps = true
                   SolutionDir = *Undefined*
                   SolutionExt = *Undefined*
                   SolutionFileName = *Undefined*
                   SolutionName = *Undefined*
                   SolutionPath = *Undefined*
                   SourceControlInformationFeatureSupported = true
                   SourceControlManagerUrlTranslationTargets = ;TranslateGitHubUrlsInSourceControlInformation;TranslateGitLabUrlsInSourceControlInformation;TranslateAzureReposGitUrlsInSourceControlInformation;TranslateBitbucketGitUrlsInSourceControlInformation
                   SourceFilesProjectOutputGroupDependsOn = PrepareForBuild;AssignTargetPaths
                   SourceLinkUrlInitializerTargets = ;_InitializeGitHubSourceLinkUrl;_InitializeGitLabSourceLinkUrl;_InitializeAzureReposGitSourceLinkUrl;_InitializeBitbucketGitSourceLinkUrl
                   SourceRootMappedPathsFeatureSupported = true
                   SupportedOSPlatformVersion = 10.0.17763.0
                   SupportsRoslynComponentVersioning = true
                   SuppressDependenciesWhenPacking = false
                   SymbolPackageFormat = symbols.nupkg
                   TargetCulture = *
                   TargetDeployManifestFileName = KIOSK.application
                   TargetDir = c:\Users\niaci\RiderProjects\moenybox_devicecontroller\KIOSK\bin\Debug\net9.0-windows10.0.17763.0\
                   TargetedFrameworkDir = @(_TargetedFrameworkDirectoryItem)
                   TargetedSDKArchitecture = msil
                   TargetedSDKConfiguration = Debug
                   TargetExt = .dll
                   TargetFileName = KIOSK.dll
                   TargetFramework = net9.0-windows10.0.17763.0
                   TargetFrameworkDirectory = 
                   TargetFrameworkIdentifier = .NETCoreApp
                   TargetFrameworkMoniker = .NETCoreApp,Version=v9.0
                   TargetFrameworkMonikerAssemblyAttributesPath = obj\Debug\net9.0-windows10.0.17763.0\.NETCoreApp,Version=v9.0.AssemblyAttributes.cs
                   TargetFrameworkMonikerDisplayName = .NET 9.0
                   TargetFrameworkSDKToolsDirectory = 
                   TargetFrameworkVersion = v9.0
                   TargetLatestRuntimePatch = false
                   TargetName = KIOSK
                   TargetPath = c:\Users\niaci\RiderProjects\moenybox_devicecontroller\KIOSK\bin\Debug\net9.0-windows10.0.17763.0\KIOSK.dll
                   TargetPlatformDisplayName = Windows 10.0.17763.0
                   TargetPlatformIdentifier = Windows
                   TargetPlatformMinVersion = 10.0.17763.0
                   TargetPlatformMoniker = Windows,Version=10.0.17763.0
                   TargetPlatformRegistryBase = Software\Microsoft\Microsoft SDKs\Windows
                   TargetPlatformSdkPath = 
                   TargetPlatformVersion = 10.0.17763.0
                   TargetRefPath = c:\Users\niaci\RiderProjects\moenybox_devicecontroller\KIOSK\obj\Debug\net9.0-windows10.0.17763.0\ref\KIOSK.dll
                   TargetRuntime = Managed
                   TargetsForTfmSpecificContentInPackage = ;_PackProjectToolValidation
                   TargetsNet9 = true
                   ToolDepsJsonGeneratorProject = C:\Program Files\dotnet\sdk\10.0.102\Sdks\Microsoft.NET.Sdk\targets\GenerateDeps\GenerateDeps.proj
                   TreatWarningsAsErrors = false
                   TrimDepsJsonLibrariesWithoutAssets = true
                   UnmanagedRegistrationDependsOn = 
                   UnmanagedUnregistrationDependsOn = 
                   UnsupportedTargetFrameworkVersion = 11.0
                   UseAppHost = true
                   UseCommonOutputDirectory = false
                   UseDefaultPlatformLookupTables = true
                   UseHostCompilerIfAvailable = true
                   UseMSBuildTestInfrastructure = false
                   UseOSWinMdReferences = false
                   UseRidGraph = false
                   UserProfileRuntimeStorePath = C:\Users\niaci\.dotnet\store
                   UserRuntimeConfig = c:\Users\niaci\RiderProjects\moenybox_devicecontroller\KIOSK/runtimeconfig.template.json
                   UseSourcePath = true
                   UseWPF = true
                   UsingMicrosoftNETSdk = true
                   UsingNETSdkDefaults = true
                   Utf8Output = true
                   ValidateRuntimeIdentifierCompatibility = false
                   VerifyMatchingImplicitPackageVersion = true
                   Version = 1.0.0
                   VersionPrefix = 1.0.0
                   VisualBasicCoreTargetsPath = C:\Program Files\dotnet\sdk\10.0.102\Sdks\Microsoft.NET.Sdk\targets\..\..\..\Roslyn\Microsoft.VisualBasic.Core.targets
                   VisualStudioVersion = 18.0
                   VSTestConsolePath = C:\Program Files\dotnet\sdk\10.0.102\vstest.console.dll
                   VSTestNoBuild = False
                   VSTestTargets = C:\Program Files\dotnet\sdk\10.0.102\\Microsoft.TestPlatform.targets
                   VSTestTaskAssemblyFile = Microsoft.TestPlatform.Build.dll
                   VsTestUseMSBuildOutput = False
                   WarningLevel = 9
                   WarningsAsErrors = ;NU1605;SYSLIB0011
                   WarnOnPackingNonPackableProject = false
                   WebReference_EnableLegacyEventingModel = false
                   WebReference_EnableProperties = true
                   WebReference_EnableSQLTypes = true
                   WMSJSProject = WJProject
                   WMSJSProjectDirectory = JavaScript
                   XamlDebuggingInformation = true
                   YieldDuringToolExecution = true

10:37:46.458     0>Initial Items:
                   _AllDirectoriesAbove
                       c:\
                       c:\Users
                       c:\Users\niaci
                       c:\Users\niaci\RiderProjects
                       c:\Users\niaci\RiderProjects\moenybox_devicecontroller
                       c:\Users\niaci\RiderProjects\moenybox_devicecontroller\KIOSK
                       c:\Users\niaci\RiderProjects\moenybox_devicecontroller\KIOSK\Application
                       c:\Users\niaci\RiderProjects\moenybox_devicecontroller\KIOSK\Application\Abstractions
                       c:\Users\niaci\RiderProjects\moenybox_devicecontroller\KIOSK\Application\Features
                       c:\Users\niaci\RiderProjects\moenybox_devicecontroller\KIOSK\Application\Features\ExchangeV2
                       c:\Users\niaci\RiderProjects\moenybox_devicecontroller\KIOSK\Application\Features\ExchangeV2\Orchestration
                       c:\Users\niaci\RiderProjects\moenybox_devicecontroller\KIOSK\Application\Features\ExchangeV2\Services
                       c:\Users\niaci\RiderProjects\moenybox_devicecontroller\KIOSK\Application\Features\ExchangeV2\StateMachine
                       c:\Users\niaci\RiderProjects\moenybox_devicecontroller\KIOSK\Application\Features\ExchangeV2\UseCases
                       c:\Users\niaci\RiderProjects\moenybox_devicecontroller\KIOSK\Application\Services
                       c:\Users\niaci\RiderProjects\moenybox_devicecontroller\KIOSK\Application\Services\API
                       c:\Users\niaci\RiderProjects\moenybox_devicecontroller\KIOSK\Application\Services\BackgroundTasks
                       c:\Users\niaci\RiderProjects\moenybox_devicecontroller\KIOSK\Application\Services\DataBase
                       c:\Users\niaci\RiderProjects\moenybox_devicecontroller\KIOSK\Application\Services\Devices
                       c:\Users\niaci\RiderProjects\moenybox_devicecontroller\KIOSK\Application\Services\Exchange
                       c:\Users\niaci\RiderProjects\moenybox_devicecontroller\KIOSK\Application\Services\Health
                       c:\Users\niaci\RiderProjects\moenybox_devicecontroller\KIOSK\Application\Services\Localization
                       c:\Users\niaci\RiderProjects\moenybox_devicecontroller\KIOSK\Application\Services\Resx
                       c:\Users\niaci\RiderProjects\moenybox_devicecontroller\KIOSK\Application\Services\Transactions
                       c:\Users\niaci\RiderProjects\moenybox_devicecontroller\KIOSK\Application\StateMachines
                       c:\Users\niaci\RiderProjects\moenybox_devicecontroller\KIOSK\CompositionRoot
                       c:\Users\niaci\RiderProjects\moenybox_devicecontroller\KIOSK\CompositionRoot\Modules
                       c:\Users\niaci\RiderProjects\moenybox_devicecontroller\KIOSK\Domain
                       c:\Users\niaci\RiderProjects\moenybox_devicecontroller\KIOSK\Domain\Transactions
                       c:\Users\niaci\RiderProjects\moenybox_devicecontroller\KIOSK\Infrastructure
                       c:\Users\niaci\RiderProjects\moenybox_devicecontroller\KIOSK\Infrastructure\API
                       c:\Users\niaci\RiderProjects\moenybox_devicecontroller\KIOSK\Infrastructure\API\Cems
                       c:\Users\niaci\RiderProjects\moenybox_devicecontroller\KIOSK\Infrastructure\API\Core
                       c:\Users\niaci\RiderProjects\moenybox_devicecontroller\KIOSK\Infrastructure\API\Gtf
                       c:\Users\niaci\RiderProjects\moenybox_devicecontroller\KIOSK\Infrastructure\Cache
                       c:\Users\niaci\RiderProjects\moenybox_devicecontroller\KIOSK\Infrastructure\Common
                       c:\Users\niaci\RiderProjects\moenybox_devicecontroller\KIOSK\Infrastructure\Common\Utils
                       c:\Users\niaci\RiderProjects\moenybox_devicecontroller\KIOSK\Infrastructure\Configuration
                       c:\Users\niaci\RiderProjects\moenybox_devicecontroller\KIOSK\Infrastructure\Database
                       c:\Users\niaci\RiderProjects\moenybox_devicecontroller\KIOSK\Infrastructure\Database\Common
                       c:\Users\niaci\RiderProjects\moenybox_devicecontroller\KIOSK\Infrastructure\Database\Ef
                       c:\Users\niaci\RiderProjects\moenybox_devicecontroller\KIOSK\Infrastructure\Database\Ef\Entities
                       c:\Users\niaci\RiderProjects\moenybox_devicecontroller\KIOSK\Infrastructure\Database\Interface
                       c:\Users\niaci\RiderProjects\moenybox_devicecontroller\KIOSK\Infrastructure\Database\Models
                       c:\Users\niaci\RiderProjects\moenybox_devicecontroller\KIOSK\Infrastructure\Database\Repositories
                       c:\Users\niaci\RiderProjects\moenybox_devicecontroller\KIOSK\Infrastructure\Devices
                       c:\Users\niaci\RiderProjects\moenybox_devicecontroller\KIOSK\Infrastructure\Devices\Adapters
                       c:\Users\niaci\RiderProjects\moenybox_devicecontroller\KIOSK\Infrastructure\Devices\Control
                       c:\Users\niaci\RiderProjects\moenybox_devicecontroller\KIOSK\Infrastructure\Devices\Runtime
                       c:\Users\niaci\RiderProjects\moenybox_devicecontroller\KIOSK\Infrastructure\Devices\Status
                       c:\Users\niaci\RiderProjects\moenybox_devicecontroller\KIOSK\Infrastructure\Health
                       c:\Users\niaci\RiderProjects\moenybox_devicecontroller\KIOSK\Infrastructure\Hosting
                       c:\Users\niaci\RiderProjects\moenybox_devicecontroller\KIOSK\Infrastructure\Hosting\Modules
                       c:\Users\niaci\RiderProjects\moenybox_devicecontroller\KIOSK\Infrastructure\Initialization
                       c:\Users\niaci\RiderProjects\moenybox_devicecontroller\KIOSK\Infrastructure\Logging
                       c:\Users\niaci\RiderProjects\moenybox_devicecontroller\KIOSK\Infrastructure\Media
                       c:\Users\niaci\RiderProjects\moenybox_devicecontroller\KIOSK\Infrastructure\Network
                       c:\Users\niaci\RiderProjects\moenybox_devicecontroller\KIOSK\Infrastructure\OCR
                       c:\Users\niaci\RiderProjects\moenybox_devicecontroller\KIOSK\Infrastructure\OCR\Models
                       c:\Users\niaci\RiderProjects\moenybox_devicecontroller\KIOSK\Infrastructure\OCR\Providers
                       c:\Users\niaci\RiderProjects\moenybox_devicecontroller\KIOSK\Infrastructure\OCR\Services
                       c:\Users\niaci\RiderProjects\moenybox_devicecontroller\KIOSK\Infrastructure\Storage
                       c:\Users\niaci\RiderProjects\moenybox_devicecontroller\KIOSK\Migrations
                       c:\Users\niaci\RiderProjects\moenybox_devicecontroller\KIOSK\Presentation
                       c:\Users\niaci\RiderProjects\moenybox_devicecontroller\KIOSK\Presentation\Abstractions
                       c:\Users\niaci\RiderProjects\moenybox_devicecontroller\KIOSK\Presentation\Controls
                       c:\Users\niaci\RiderProjects\moenybox_devicecontroller\KIOSK\Presentation\Features
                       c:\Users\niaci\RiderProjects\moenybox_devicecontroller\KIOSK\Presentation\Features\Common
                       c:\Users\niaci\RiderProjects\moenybox_devicecontroller\KIOSK\Presentation\Features\Common\Pages
                       c:\Users\niaci\RiderProjects\moenybox_devicecontroller\KIOSK\Presentation\Features\Common\Pages\ViewModels
                       c:\Users\niaci\RiderProjects\moenybox_devicecontroller\KIOSK\Presentation\Features\Common\Pages\Views
                       c:\Users\niaci\RiderProjects\moenybox_devicecontroller\KIOSK\Presentation\Features\Environment
                       c:\Users\niaci\RiderProjects\moenybox_devicecontroller\KIOSK\Presentation\Features\Environment\Layout
                       c:\Users\niaci\RiderProjects\moenybox_devicecontroller\KIOSK\Presentation\Features\Environment\Layout\ViewModels
                       c:\Users\niaci\RiderProjects\moenybox_devicecontroller\KIOSK\Presentation\Features\Environment\Layout\Views
                       c:\Users\niaci\RiderProjects\moenybox_devicecontroller\KIOSK\Presentation\Features\Environment\Pages
                       c:\Users\niaci\RiderProjects\moenybox_devicecontroller\KIOSK\Presentation\Features\Environment\Pages\ViewModels
                       c:\Users\niaci\RiderProjects\moenybox_devicecontroller\KIOSK\Presentation\Features\Environment\Pages\Views
                       c:\Users\niaci\RiderProjects\moenybox_devicecontroller\KIOSK\Presentation\Features\Exchange
                       c:\Users\niaci\RiderProjects\moenybox_devicecontroller\KIOSK\Presentation\Features\Exchange\Flow
                       c:\Users\niaci\RiderProjects\moenybox_devicecontroller\KIOSK\Presentation\Features\Exchange\Layout
                       c:\Users\niaci\RiderProjects\moenybox_devicecontroller\KIOSK\Presentation\Features\Exchange\Layout\ViewModels
                       c:\Users\niaci\RiderProjects\moenybox_devicecontroller\KIOSK\Presentation\Features\Exchange\Layout\Views
                       c:\Users\niaci\RiderProjects\moenybox_devicecontroller\KIOSK\Presentation\Features\Exchange\Pages
                       c:\Users\niaci\RiderProjects\moenybox_devicecontroller\KIOSK\Presentation\Features\Exchange\Pages\ViewModels
                       c:\Users\niaci\RiderProjects\moenybox_devicecontroller\KIOSK\Presentation\Features\Exchange\Pages\Views
                       c:\Users\niaci\RiderProjects\moenybox_devicecontroller\KIOSK\Presentation\Features\Exchange\Popup
                       c:\Users\niaci\RiderProjects\moenybox_devicecontroller\KIOSK\Presentation\Features\Exchange\Popup\ViewModels
                       c:\Users\niaci\RiderProjects\moenybox_devicecontroller\KIOSK\Presentation\Features\Exchange\Popup\Views
                       c:\Users\niaci\RiderProjects\moenybox_devicecontroller\KIOSK\Presentation\Features\Exchange\Resources
                       c:\Users\niaci\RiderProjects\moenybox_devicecontroller\KIOSK\Presentation\Features\ExchangeV2
                       c:\Users\niaci\RiderProjects\moenybox_devicecontroller\KIOSK\Presentation\Features\ExchangeV2\Flow
                       c:\Users\niaci\RiderProjects\moenybox_devicecontroller\KIOSK\Presentation\Features\ExchangeV2\Layout
                       c:\Users\niaci\RiderProjects\moenybox_devicecontroller\KIOSK\Presentation\Features\ExchangeV2\Layout\ViewModels
                       c:\Users\niaci\RiderProjects\moenybox_devicecontroller\KIOSK\Presentation\Features\ExchangeV2\Layout\Views
                       c:\Users\niaci\RiderProjects\moenybox_devicecontroller\KIOSK\Presentation\Features\ExchangeV2\Pages
                       c:\Users\niaci\RiderProjects\moenybox_devicecontroller\KIOSK\Presentation\Features\ExchangeV2\Pages\ViewModels
                       c:\Users\niaci\RiderProjects\moenybox_devicecontroller\KIOSK\Presentation\Features\ExchangeV2\Pages\Views
                       c:\Users\niaci\RiderProjects\moenybox_devicecontroller\KIOSK\Presentation\Features\ExchangeV2\Popup
                       c:\Users\niaci\RiderProjects\moenybox_devicecontroller\KIOSK\Presentation\Features\ExchangeV2\Popup\ViewModels
                       c:\Users\niaci\RiderProjects\moenybox_devicecontroller\KIOSK\Presentation\Features\ExchangeV2\Popup\Views
                       c:\Users\niaci\RiderProjects\moenybox_devicecontroller\KIOSK\Presentation\Features\GTF
                       c:\Users\niaci\RiderProjects\moenybox_devicecontroller\KIOSK\Presentation\Features\GTF\Flow
                       c:\Users\niaci\RiderProjects\moenybox_devicecontroller\KIOSK\Presentation\Features\GTF\Layout
                       c:\Users\niaci\RiderProjects\moenybox_devicecontroller\KIOSK\Presentation\Features\GTF\Layout\ViewModels
                       c:\Users\niaci\RiderProjects\moenybox_devicecontroller\KIOSK\Presentation\Features\GTF\Layout\Views
                       c:\Users\niaci\RiderProjects\moenybox_devicecontroller\KIOSK\Presentation\Features\GTF\Pages
                       c:\Users\niaci\RiderProjects\moenybox_devicecontroller\KIOSK\Presentation\Features\GTF\Pages\ViewModels
                       c:\Users\niaci\RiderProjects\moenybox_devicecontroller\KIOSK\Presentation\Features\GTF\Pages\Views
                       c:\Users\niaci\RiderProjects\moenybox_devicecontroller\KIOSK\Presentation\Features\GTF\Popup
                       c:\Users\niaci\RiderProjects\moenybox_devicecontroller\KIOSK\Presentation\Features\GTF\Popup\ViewModels
                       c:\Users\niaci\RiderProjects\moenybox_devicecontroller\KIOSK\Presentation\Features\GTF\Popup\Views
                       c:\Users\niaci\RiderProjects\moenybox_devicecontroller\KIOSK\Presentation\Features\Menu
                       c:\Users\niaci\RiderProjects\moenybox_devicecontroller\KIOSK\Presentation\Features\Menu\Layout
                       c:\Users\niaci\RiderProjects\moenybox_devicecontroller\KIOSK\Presentation\Features\Menu\Layout\ViewModels
                       c:\Users\niaci\RiderProjects\moenybox_devicecontroller\KIOSK\Presentation\Features\Menu\Layout\Views
                       c:\Users\niaci\RiderProjects\moenybox_devicecontroller\KIOSK\Presentation\Features\Menu\Pages
                       c:\Users\niaci\RiderProjects\moenybox_devicecontroller\KIOSK\Presentation\Features\Menu\Pages\ViewModels
                       c:\Users\niaci\RiderProjects\moenybox_devicecontroller\KIOSK\Presentation\Features\Menu\Pages\Views
                       c:\Users\niaci\RiderProjects\moenybox_devicecontroller\KIOSK\Presentation\Features\MenuV2
                       c:\Users\niaci\RiderProjects\moenybox_devicecontroller\KIOSK\Presentation\Features\MenuV2\Layout
                       c:\Users\niaci\RiderProjects\moenybox_devicecontroller\KIOSK\Presentation\Features\MenuV2\Layout\ViewModels
                       c:\Users\niaci\RiderProjects\moenybox_devicecontroller\KIOSK\Presentation\Features\MenuV2\Layout\Views
                       c:\Users\niaci\RiderProjects\moenybox_devicecontroller\KIOSK\Presentation\Features\MenuV2\Pages
                       c:\Users\niaci\RiderProjects\moenybox_devicecontroller\KIOSK\Presentation\Features\MenuV2\Pages\ViewModels
                       c:\Users\niaci\RiderProjects\moenybox_devicecontroller\KIOSK\Presentation\Features\MenuV2\Pages\Views
                       c:\Users\niaci\RiderProjects\moenybox_devicecontroller\KIOSK\Presentation\Features\Startup
                       c:\Users\niaci\RiderProjects\moenybox_devicecontroller\KIOSK\Presentation\Features\Startup\Layout
                       c:\Users\niaci\RiderProjects\moenybox_devicecontroller\KIOSK\Presentation\Features\Startup\Layout\ViewModels
                       c:\Users\niaci\RiderProjects\moenybox_devicecontroller\KIOSK\Presentation\Features\Startup\Layout\Views
                       c:\Users\niaci\RiderProjects\moenybox_devicecontroller\KIOSK\Presentation\Features\Startup\Pages
                       c:\Users\niaci\RiderProjects\moenybox_devicecontroller\KIOSK\Presentation\Features\Startup\Pages\ViewModels
                       c:\Users\niaci\RiderProjects\moenybox_devicecontroller\KIOSK\Presentation\Features\Startup\Pages\Views
                       c:\Users\niaci\RiderProjects\moenybox_devicecontroller\KIOSK\Presentation\Navigation
                       c:\Users\niaci\RiderProjects\moenybox_devicecontroller\KIOSK\Presentation\Navigation\Services
                       c:\Users\niaci\RiderProjects\moenybox_devicecontroller\KIOSK\Presentation\Window
                       c:\Users\niaci\RiderProjects\moenybox_devicecontroller\KIOSK\Presentation\Window\Main
                       c:\Users\niaci\RiderProjects\moenybox_devicecontroller\KIOSK\Presentation\Window\Main\ViewModels
                       c:\Users\niaci\RiderProjects\moenybox_devicecontroller\KIOSK\Presentation\Window\Main\Views
                       c:\Users\niaci\RiderProjects\moenybox_devicecontroller\KIOSK\Presentation\Window\Services
                       c:\Users\niaci\RiderProjects\moenybox_devicecontroller\KIOSK\Properties
                       c:\Users\niaci\RiderProjects\moenybox_devicecontroller\KIOSK\Resources
                       c:\Users\niaci\RiderProjects\moenybox_devicecontroller\KIOSK\Resources\Controls
                   _ApplicationManifestFinal
                       bin\Debug\net9.0-windows10.0.17763.0\KIOSK.dll.manifest
                           TargetPath = KIOSK.dll.manifest
                   _CurrentRestoreProjectPathItems
                       c:\Users\niaci\RiderProjects\moenybox_devicecontroller\KIOSK.Device.Contracts\KIOSK.Device.Contracts.csproj
                       c:\Users\niaci\RiderProjects\moenybox_devicecontroller\KIOSK.Device.Runtime\KIOSK.Device.Runtime.csproj
                   _DebugSymbolsIntermediatePath
                       obj\Debug\net9.0-windows10.0.17763.0\KIOSK.pdb
                   _DebugSymbolsOutputPath
                       bin\Debug\net9.0-windows10.0.17763.0\KIOSK.pdb
                   _DeploymentManifestEntryPoint
                       obj\Debug\net9.0-windows10.0.17763.0\KIOSK.dll
                           TargetPath = KIOSK.dll
                   _DeploymentManifestIconFile
                       symbol.ico
                           TargetPath = symbol.ico
                   _EolNetCoreTargetFrameworkVersions
                       1.0
                       1.1
                       2.0
                       2.1
                       2.2
                       3.0
                       3.1
                       5.0
                       6.0
                       7.0
                   _ExcludedKnownRuntimeIdentiferPlatforms
                       rhel.6
                       rhel.6
                       rhel.6
                       rhel.6
                       rhel.6
                       rhel.6
                       rhel.6
                       rhel.6
                       rhel.6
                       rhel.6
                       rhel.6
                       rhel.6
                       rhel.6
                       rhel.6
                       rhel.6
                       rhel.6
                       rhel.6
                       tizen.4.0.0
                       tizen.4.0.0
                       tizen.4.0.0
                       tizen.4.0.0
                       tizen.4.0.0
                       tizen.4.0.0
                       tizen.4.0.0
                       tizen.4.0.0
                       tizen.4.0.0
                       tizen.4.0.0
                       tizen.4.0.0
                       tizen.4.0.0
                       tizen.4.0.0
                       tizen.4.0.0
                       tizen.4.0.0
                       tizen.4.0.0
                       tizen.4.0.0
                       tizen.4.0.0
                       tizen.4.0.0
                       tizen.4.0.0
                       tizen.4.0.0
                       tizen.4.0.0
                       tizen.4.0.0
                       tizen.4.0.0
                       tizen.4.0.0
                       tizen.4.0.0
                       tizen.4.0.0
                       tizen.4.0.0
                       tizen.4.0.0
                       tizen.4.0.0
                       tizen.4.0.0
                       tizen.4.0.0
                       tizen.4.0.0
                       tizen.4.0.0
                       tizen.4.0.0
                       tizen.4.0.0
                       tizen.4.0.0
                       tizen.5.0.0
                       tizen.5.0.0
                       tizen.5.0.0
                       tizen.5.0.0
                       tizen.5.0.0
                       tizen.5.0.0
                       tizen.5.0.0
                       tizen.5.0.0
                       tizen.5.0.0
                       tizen.5.0.0
                       tizen.5.0.0
                       tizen.5.0.0
                       tizen.5.0.0
                       tizen.5.0.0
                       tizen.5.0.0
                       tizen.5.0.0
                       tizen.5.0.0
                       tizen.5.0.0
                       tizen.5.0.0
                       tizen.5.0.0
                       tizen.5.0.0
                       tizen.5.0.0
                       tizen.5.0.0
                       tizen.5.0.0
                       tizen.5.0.0
                       tizen.5.0.0
                       tizen.5.0.0
                       tizen.5.0.0
                       tizen.5.0.0
                       tizen.5.0.0
                       tizen.5.0.0
                       tizen.5.0.0
                       tizen.5.0.0
                       tizen.5.0.0
                       tizen.5.0.0
                       tizen.5.0.0
                       tizen.5.0.0
                   _KnownRuntimeIdentiferPlatforms
                       any
                       any
                       any
                       any
                       any
                       any
                       any
                       any
                       any
                       any
                       any
                       any
                       any
                       any
                       any
                       any
                       any
                       any
                       any
                       any
                       any
                       any
                       any
                       any
                       any
                       any
                       any
                       any
                       any
                       any
                       any
                       any
                       any
                       any
                       any
                       any
                       aot
                       aot
                       aot
                       aot
                       aot
                       aot
                       aot
                       aot
                       aot
                       aot
                       aot
                       aot
                       aot
                       aot
                       aot
                       aot
                       aot
                       aot
                       aot
                       aot
                       aot
                       aot
                       aot
                       aot
                       aot
                       aot
                       aot
                       aot
                       aot
                       aot
                       aot
                       aot
                       aot
                       aot
                       aot
                       aot
                       freebsd
                       freebsd
                       freebsd
                       freebsd
                       freebsd
                       freebsd
                       freebsd
                       freebsd
                       freebsd
                       freebsd
                       freebsd
                       freebsd
                       freebsd
                       freebsd
                       freebsd
                       freebsd
                       freebsd
                       freebsd
                       freebsd
                       freebsd
                       freebsd
                       freebsd
                       freebsd
                       freebsd
                       freebsd
                       freebsd
                       freebsd
                       freebsd
                       freebsd
                       freebsd
                       freebsd
                       freebsd
                       freebsd
                       freebsd
                       freebsd
                       freebsd
                       illumos
                       illumos
                       illumos
                       illumos
                       illumos
                       illumos
                       illumos
                       illumos
                       illumos
                       illumos
                       illumos
                       illumos
                       illumos
                       illumos
                       illumos
                       illumos
                       illumos
                       illumos
                       illumos
                       illumos
                       illumos
                       illumos
                       illumos
                       illumos
                       illumos
                       illumos
                       illumos
                       illumos
                       illumos
                       illumos
                       illumos
                       illumos
                       illumos
                       illumos
                       illumos
                       illumos
                       solaris
                       solaris
                       solaris
                       solaris
                       solaris
                       solaris
                       solaris
                       solaris
                       solaris
                       solaris
                       solaris
                       solaris
                       solaris
                       solaris
                       solaris
                       solaris
                       solaris
                       solaris
                       solaris
                       solaris
                       solaris
                       solaris
                       solaris
                       solaris
                       solaris
                       solaris
                       solaris
                       solaris
                       solaris
                       solaris
                       solaris
                       solaris
                       solaris
                       solaris
                       solaris
                       solaris
                       unix
                       unix
                       unix
                       unix
                       unix
                       unix
                       unix
                       unix
                       unix
                       unix
                       unix
                       unix
                       unix
                       unix
                       unix
                       unix
                       unix
                       unix
                       unix
                       unix
                       unix
                       unix
                       unix
                       unix
                       unix
                       unix
                       unix
                       unix
                       unix
                       unix
                       unix
                       unix
                       unix
                       unix
                       unix
                       unix
                   _NormalizedWindowsSdkSupportedTargetPlatformVersion
                       10.0.17763.0
                           WindowsSdkPackageVersion = 10.0.17763.57
                           MinimumNETVersion = 8.0
                       10.0.17763.0
                           WindowsSdkPackageVersion = 10.0.17763.55
                           MinimumNETVersion = 6.0
                       10.0.17763.0
                           WindowsSdkPackageVersion = 10.0.17763.26
                           MinimumNETVersion = 5.0
                       10.0.17763.1
                           NormalizedSupportedTargetPlatformVersion = 10.0.17763.0
                           WindowsSdkPackageVersion = 10.0.17763.57
                           MinimumNETVersion = 10.0
                       10.0.18362.0
                           WindowsSdkPackageVersion = 10.0.18362.55
                           MinimumNETVersion = 6.0
                       10.0.18362.0
                           WindowsSdkPackageVersion = 10.0.18362.57
                           MinimumNETVersion = 8.0
                       10.0.18362.0
                           WindowsSdkPackageVersion = 10.0.18362.26
                           MinimumNETVersion = 5.0
                       10.0.18362.1
                           NormalizedSupportedTargetPlatformVersion = 10.0.18362.0
                           WindowsSdkPackageVersion = 10.0.18362.57
                           MinimumNETVersion = 10.0
                       10.0.19041.0
                           WindowsSdkPackageVersion = 10.0.19041.55
                           MinimumNETVersion = 6.0
                       10.0.19041.0
                           WindowsSdkPackageVersion = 10.0.19041.26
                           MinimumNETVersion = 5.0
                       10.0.19041.0
                           WindowsSdkPackageVersion = 10.0.19041.57
                           MinimumNETVersion = 8.0
                       10.0.19041.1
                           NormalizedSupportedTargetPlatformVersion = 10.0.19041.0
                           WindowsSdkPackageVersion = 10.0.19041.57
                           MinimumNETVersion = 10.0
                       10.0.20348.0
                           WindowsSdkPackageVersion = 10.0.20348.55
                           MinimumNETVersion = 6.0
                       10.0.20348.0
                           WindowsSdkPackageVersion = 10.0.20348.26
                           MinimumNETVersion = 5.0
                       10.0.20348.0
                           WindowsSdkPackageVersion = 10.0.20348.57
                           MinimumNETVersion = 8.0
                       10.0.20348.1
                           NormalizedSupportedTargetPlatformVersion = 10.0.20348.0
                           WindowsSdkPackageVersion = 10.0.20348.57
                           MinimumNETVersion = 10.0
                       10.0.22000.0
                           WindowsSdkPackageVersion = 10.0.22000.57
                           MinimumNETVersion = 8.0
                       10.0.22000.0
                           WindowsSdkPackageVersion = 10.0.22000.55
                           MinimumNETVersion = 6.0
                       10.0.22000.0
                           WindowsSdkPackageVersion = 10.0.22000.26
                           MinimumNETVersion = 5.0
                       10.0.22000.1
                           NormalizedSupportedTargetPlatformVersion = 10.0.22000.0
                           WindowsSdkPackageVersion = 10.0.22000.57
                           MinimumNETVersion = 10.0
                       10.0.22621.0
                           WindowsSdkPackageVersion = 10.0.22621.57
                           MinimumNETVersion = 8.0
                       10.0.22621.0
                           WindowsSdkPackageVersion = 10.0.22621.55
                           MinimumNETVersion = 6.0
                       10.0.22621.1
                           NormalizedSupportedTargetPlatformVersion = 10.0.22621.0
                           WindowsSdkPackageVersion = 10.0.22621.57
                           MinimumNETVersion = 10.0
                       10.0.26100.0
                           WindowsSdkPackageVersion = 10.0.26100.55
                           MinimumNETVersion = 6.0
                       10.0.26100.0
                           WindowsSdkPackageVersion = 10.0.26100.57
                           MinimumNETVersion = 8.0
                       10.0.26100.1
                           NormalizedSupportedTargetPlatformVersion = 10.0.26100.0
                           WindowsSdkPackageVersion = 10.0.26100.57
                           MinimumNETVersion = 10.0
                       7.0
                       8.0
                   _OutputPathItem
                       bin\Debug\net9.0-windows10.0.17763.0\
                   _ResolveComReferenceCache
                       obj\Debug\net9.0-windows10.0.17763.0\KIOSK.csproj.ResolveComReference.cache
                   _RestoreProjectPathItems
                       c:\Users\niaci\RiderProjects\moenybox_devicecontroller\KIOSK.Device.Contracts\KIOSK.Device.Contracts.csproj
                       c:\Users\niaci\RiderProjects\moenybox_devicecontroller\KIOSK.Device.Runtime\KIOSK.Device.Runtime.csproj
                   _UnmanagedRegistrationCache
                       obj\KIOSK.csproj.UnmanagedRegistration.cache
                   _UnsupportedNETCoreAppTargetFramework
                       .NETCoreApp,Version=v1.0
                       .NETCoreApp,Version=v1.1
                       .NETCoreApp,Version=v2.0
                       .NETCoreApp,Version=v2.1
                       .NETCoreApp,Version=v2.2
                   _UnsupportedNETFrameworkTargetFramework
                       .NETFramework,Version=v2.0
                   _UnsupportedNETStandardTargetFramework
                       .NETStandard,Version=v1.0
                           DisplayName = .NET Standard 1.0
                           Alias = netstandard1.0
                       .NETStandard,Version=v1.1
                           DisplayName = .NET Standard 1.1
                           Alias = netstandard1.1
                       .NETStandard,Version=v1.2
                           DisplayName = .NET Standard 1.2
                           Alias = netstandard1.2
                       .NETStandard,Version=v1.3
                           DisplayName = .NET Standard 1.3
                           Alias = netstandard1.3
                       .NETStandard,Version=v1.4
                           DisplayName = .NET Standard 1.4
                           Alias = netstandard1.4
                       .NETStandard,Version=v1.5
                           DisplayName = .NET Standard 1.5
                           Alias = netstandard1.5
                       .NETStandard,Version=v1.6
                           DisplayName = .NET Standard 1.6
                           Alias = netstandard1.6
                       .NETStandard,Version=v2.0
                           DisplayName = .NET Standard 2.0
                           Alias = netstandard2.0
                       .NETStandard,Version=v2.1
                           DisplayName = .NET Standard 2.1
                           Alias = netstandard2.1
                   _ValidProjectsForRestore
                       c:\Users\niaci\RiderProjects\moenybox_devicecontroller\KIOSK\KIOSK.csproj
                   AdditionalProbingPath
                       C:\Users\niaci\.dotnet\store\|arch|\|tfm|
                   AdditionalTargetFrameworkInfoProperty
                       _IsExecutable
                       _SelfContainedWasSpecified
                       IsRidAgnostic
                       SelfContained
                       ShouldBeValidatedAsExecutableReference
                   Analyzer
                       C:\Program Files\dotnet\sdk\10.0.102\Sdks\Microsoft.NET.Sdk\targets\..\analyzers\Microsoft.CodeAnalysis.CSharp.NetAnalyzers.dll
                           IsImplicitlyDefined = true
                       C:\Program Files\dotnet\sdk\10.0.102\Sdks\Microsoft.NET.Sdk\targets\..\analyzers\Microsoft.CodeAnalysis.NetAnalyzers.dll
                           IsImplicitlyDefined = true
                   AppConfigFileDestination
                       bin\Debug\net9.0-windows10.0.17763.0\KIOSK.dll.config
                   ApplicationDefinition
                       App.xaml
                           Generator = MSBuild:Compile
                           XamlRuntime = Wpf
                           SubType = Designer
                   ApplicationManifest
                       obj\Debug\net9.0-windows10.0.17763.0\KIOSK.dll.manifest
                           TargetPath = KIOSK.dll.manifest
                   BuiltProjectOutputGroupKeyOutput
                       c:\Users\niaci\RiderProjects\moenybox_devicecontroller\KIOSK\obj\Debug\net9.0-windows10.0.17763.0\KIOSK.dll
                           IsKeyOutput = true
                           FinalOutputPath = c:\Users\niaci\RiderProjects\moenybox_devicecontroller\KIOSK\bin\Debug\net9.0-windows10.0.17763.0\KIOSK.dll
                           TargetPath = KIOSK.dll
                   ClsidMap
                       obj\Debug\net9.0-windows10.0.17763.0\KIOSK.clsidmap
                   Compile
                       App.xaml.cs
                       Application\Abstractions\ILoggingService.cs
                       Application\Abstractions\IUiDispatcher.cs
                       Application\Features\ExchangeV2\Orchestration\ExchangeV2Orchestrator.cs
                       Application\Features\ExchangeV2\Orchestration\IExchangeV2Orchestrator.cs
                       Application\Features\ExchangeV2\Services\DepositApplyResult.cs
                       Application\Features\ExchangeV2\Services\ExchangeV2FlowPolicy.cs
                       Application\Features\ExchangeV2\Services\ExchangeV2TransactionContext.cs
                       Application\Features\ExchangeV2\Services\IExchangeV2LimitProvider.cs
                       Application\Features\ExchangeV2\Services\IExchangeV2TransactionContext.cs
                       Application\Features\ExchangeV2\StateMachine\ExchangeV2StateMachine.cs
                       Application\Features\ExchangeV2\UseCases\ExchangeV2PayoutRequest.cs
                       Application\Features\ExchangeV2\UseCases\IExchangeV2ComplianceUseCase.cs
                       Application\Features\ExchangeV2\UseCases\IExchangeV2DepositUseCase.cs
                       Application\Features\ExchangeV2\UseCases\IExchangeV2IdScanUseCase.cs
                       Application\Features\ExchangeV2\UseCases\IExchangeV2PayoutUseCase.cs
                       Application\Features\ExchangeV2\UseCases\IExchangeV2PolicyUseCase.cs
                       Application\Services\API\CemsApiClientService.cs
                       Application\Services\API\GtfApiClientService.cs
                       Application\Services\BackgroundTasks\SendCemsTxResultTask.cs
                       Application\Services\BackgroundTasks\UpdateExchangeRateTask.cs
                       Application\Services\BackgroundTaskService.cs
                       Application\Services\DataBase\WithdrawalCassetteService.cs
                       Application\Services\DataBase\WithdrawalCassetteServiceV2.cs
                       Application\Services\DeviceErrorEventService.cs
                       Application\Services\Devices\DepositDevice.cs
                       Application\Services\Devices\IDepositDevice.cs
                       Application\Services\Devices\IDepositDeviceService.cs
                       Application\Services\Devices\IDeviceCommandCatalogService.cs
                       Application\Services\Devices\IDeviceCommandService.cs
                       Application\Services\Devices\IDeviceStatusService.cs
                       Application\Services\Devices\IdScannerDevice.cs
                       Application\Services\Devices\IIdScannerDevice.cs
                       Application\Services\Devices\IIdScannerDeviceService.cs
                       Application\Services\Devices\IPrinterDeviceService.cs
                       Application\Services\Devices\IQrScannerDeviceService.cs
                       Application\Services\Devices\IWithdrawalDeviceService.cs
                       Application\Services\Exchange\ExchangeDepositSessionService.cs
                       Application\Services\Exchange\ExchangeDepositUseCase.cs
                       Application\Services\Exchange\ExchangeDispenseSessionService.cs
                       Application\Services\Exchange\ExchangeIdScanGuideUseCase.cs
                       Application\Services\Exchange\ExchangeIdScanSessionService.cs
                       Application\Services\Exchange\ExchangeIdScanUseCase.cs
                       Application\Services\Exchange\ExchangePolicyProvider.cs
                       Application\Services\Exchange\ExchangeRateListUseCase.cs
                       Application\Services\Exchange\ExchangeRateProvider.cs
                       Application\Services\Exchange\ExchangeReceiptLocaleProvider.cs
                       Application\Services\Exchange\ExchangeReceiptPrinter.cs
                       Application\Services\Exchange\ExchangeResultOutboxUpdater.cs
                       Application\Services\Exchange\ExchangeResultReporter.cs
                       Application\Services\Exchange\ExchangeResultSender.cs
                       Application\Services\Exchange\ExchangeResultUseCase.cs
                       Application\Services\Exchange\ExchangeSelectCurrencyUseCase.cs
                       Application\Services\Exchange\ExchangeSelectLanguageUseCase.cs
                       Application\Services\Exchange\ExchangeWithdrawalUseCase.cs
                       Application\Services\Exchange\IExchangeDepositSessionService.cs
                       Application\Services\Exchange\IExchangeDepositUseCase.cs
                       Application\Services\Exchange\IExchangeDispenseSessionService.cs
                       Application\Services\Exchange\IExchangeIdScanGuideUseCase.cs
                       Application\Services\Exchange\IExchangeIdScanSessionService.cs
                       Application\Services\Exchange\IExchangeIdScanUseCase.cs
                       Application\Services\Exchange\IExchangePolicyProvider.cs
                       Application\Services\Exchange\IExchangeRateListUseCase.cs
                       Application\Services\Exchange\IExchangeRateProvider.cs
                       Application\Services\Exchange\IExchangeReceiptLocaleProvider.cs
                       Application\Services\Exchange\IExchangeReceiptPrinter.cs
                       Application\Services\Exchange\IExchangeResultOutboxUpdater.cs
                       Application\Services\Exchange\IExchangeResultReporter.cs
                       Application\Services\Exchange\IExchangeResultSender.cs
                       Application\Services\Exchange\IExchangeResultUseCase.cs
                       Application\Services\Exchange\IExchangeSelectCurrencyUseCase.cs
                       Application\Services\Exchange\IExchangeSelectLanguageUseCase.cs
                       Application\Services\Exchange\IExchangeWithdrawalUseCase.cs
                       Application\Services\GtfTaxRefundService.cs
                       Application\Services\Health\DatabaseHealthService.cs
                       Application\Services\Health\IDatabaseHealthService.cs
                       Application\Services\InactivityService.cs
                       Application\Services\Localization\ILocaleInfoProvider.cs
                       Application\Services\Localization\LocaleInfoProvider.cs
                       Application\Services\Localization\LocalizationOptions.cs
                       Application\Services\Localization\LocalizationService.cs
                       Application\Services\QrGenerateService.cs
                       Application\Services\ReceiptPrintService.cs
                       Application\Services\Resx\ResxLocalizationOptions.cs
                       Application\Services\Resx\ResxLocalizationProvider.cs
                       Application\Services\Resx\ResxLocalizationService.cs
                       Application\Services\Resx\ResxLocExtension.cs
                       Application\Services\Transactions\ITransactionOutboxService.cs
                       Application\Services\Transactions\TransactionOutboxService.cs
                       Application\Services\TransactionService.cs
                       Application\Services\UiDispatcher.cs
                       Application\StateMachines\ExchangeSellStateMachine.cs
                       Application\StateMachines\GtfStateMachine.cs
                       Application\StateMachines\StateMachineTrigger.cs
                       Application\StateMachines\WorkflowStateMachine.cs
                       AssemblyInfo.cs
                       CompositionRoot\Modules\AppServicesModule.cs
                       CompositionRoot\Modules\BootstrapExtensions.cs
                       CompositionRoot\Modules\StateMachineModule.cs
                       CompositionRoot\Modules\UiModule.cs
                       CompositionRoot\Modules\ViewModelModule.cs
                       CompositionRoot\Modules\WindowModule.cs
                       Domain\Transactions\CommerceTransaction.cs
                       Infrastructure\API\Cems\CemsApiCmdBuilder.cs
                       Infrastructure\API\Cems\CemsApiOptions.cs
                       Infrastructure\API\Cems\CemsApiOptionsSetup.cs
                       Infrastructure\API\Cems\CemsApiResponse.cs
                       Infrastructure\API\Core\ApiClient.cs
                       Infrastructure\API\Core\ApiEnvelope.cs
                       Infrastructure\API\Core\ApiGateway.cs
                       Infrastructure\API\Gtf\GtfApiCmdBuilder.cs
                       Infrastructure\API\Gtf\GtfApiDto.cs
                       Infrastructure\API\Gtf\GtfApiOptions.cs
                       Infrastructure\API\Gtf\GtfApiOptionsSetup.cs
                       Infrastructure\API\Gtf\GtfApiResponse.cs
                       Infrastructure\Cache\DatabaseCacheKeys.cs
                       Infrastructure\Common\Utils\BitmapSafe.cs
                       Infrastructure\Common\Utils\CashSplitExtension.cs
                       Infrastructure\Common\Utils\DataRowExtention.cs
                       Infrastructure\Common\Utils\ImageCacheExtension.cs
                       Infrastructure\Common\Utils\JsonConvertExtension.cs
                       Infrastructure\Configuration\AppPaths.cs
                       Infrastructure\Database\Common\ColumnAttribute.cs
                       Infrastructure\Database\DatabaseConfig.cs
                       Infrastructure\Database\DataBaseService.cs
                       Infrastructure\Database\Ef\Entities\ApiConfigEntity.cs
                       Infrastructure\Database\Ef\Entities\DepositCurrencyEntity.cs
                       Infrastructure\Database\Ef\Entities\DeviceCatalogEntity.cs
                       Infrastructure\Database\Ef\Entities\DeviceCommandLogEntity.cs
                       Infrastructure\Database\Ef\Entities\DeviceCommEntity.cs
                       Infrastructure\Database\Ef\Entities\DeviceInstanceEntity.cs
                       Infrastructure\Database\Ef\Entities\DeviceStatusLogEntity.cs
                       Infrastructure\Database\Ef\Entities\KioskInfoEntity.cs
                       Infrastructure\Database\Ef\Entities\LocaleInfoEntity.cs
                       Infrastructure\Database\Ef\Entities\ReceiptEntity.cs
                       Infrastructure\Database\Ef\Entities\TransactionOutboxRow.cs
                       Infrastructure\Database\Ef\Entities\WithdrawalCassetteEntity.cs
                       Infrastructure\Database\Ef\KioskDbContext.cs
                       Infrastructure\Database\Ef\KioskDbContextFactory.cs
                       Infrastructure\Database\Interface\ICreateRepository.cs
                       Infrastructure\Database\Interface\IDeleteRepository.cs
                       Infrastructure\Database\Interface\IReadRepository.cs
                       Infrastructure\Database\Interface\IUpdateRepository.cs
                       Infrastructure\Database\Interface\RepositoryBase.cs
                       Infrastructure\Database\Models\ApiConfigModel.cs
                       Infrastructure\Database\Models\DepositCurrencyModel.cs
                       Infrastructure\Database\Models\DeviceModel.cs
                       Infrastructure\Database\Models\ExchangeRateModel.cs
                       Infrastructure\Database\Models\ExchangeTransaction.cs
                       Infrastructure\Database\Models\KioskModel.cs
                       Infrastructure\Database\Models\LocaleInfoModel.cs
                       Infrastructure\Database\Models\ReceiptModel.cs
                       Infrastructure\Database\Models\TaxRefundModel.cs
                       Infrastructure\Database\Models\TransactionModel.cs
                       Infrastructure\Database\Models\WithdrawalCassetteModel.cs
                       Infrastructure\Database\Repositories\ApiConfigRepository.cs
                       Infrastructure\Database\Repositories\DepositCurrencyRepository.cs
                       Infrastructure\Database\Repositories\DeviceCommandLogRepository.cs
                       Infrastructure\Database\Repositories\DeviceRepository.cs
                       Infrastructure\Database\Repositories\DeviceStatusLogRepository.cs
                       Infrastructure\Database\Repositories\KioskRepository.cs
                       Infrastructure\Database\Repositories\LocaleInfoRepository.cs
                       Infrastructure\Database\Repositories\ReceiptRepository.cs
                       Infrastructure\Database\Repositories\WithdrawalCassetteRepository.cs
                       Infrastructure\Devices\Adapters\DepositDeviceService.cs
                       Infrastructure\Devices\Adapters\IdScannerDeviceService.cs
                       Infrastructure\Devices\Adapters\PrinterDeviceService.cs
                       Infrastructure\Devices\Adapters\QrScannerDeviceService.cs
                       Infrastructure\Devices\Adapters\WithdrawalDeviceService.cs
                       Infrastructure\Devices\Control\DeviceCommandCatalogService.cs
                       Infrastructure\Devices\Control\DeviceCommandService.cs
                       Infrastructure\Devices\Runtime\DeviceCommandCatalog.cs
                       Infrastructure\Devices\Runtime\DeviceManager.cs
                       Infrastructure\Devices\Status\DeviceStatusService.cs
                       Infrastructure\Devices\Status\ErrorMessages.cs
                       Infrastructure\Devices\Status\ErrorPolicy.cs
                       Infrastructure\Devices\Status\StatusLogService.cs
                       Infrastructure\Devices\Status\StatusNotifyService.cs
                       Infrastructure\Devices\Status\StatusPipeline.cs
                       Infrastructure\Devices\Status\StatusStore.cs
                       Infrastructure\Health\DiskHealthSupervisorHostedService.cs
                       Infrastructure\Health\HealthPipeline.cs
                       Infrastructure\Health\HealthSignal.cs
                       Infrastructure\Health\NetworkHealthSupervisorHostedService.cs
                       Infrastructure\Health\SystemHealthSourceIds.cs
                       Infrastructure\Hosting\AppBootstrapper.cs
                       Infrastructure\Hosting\HostController.cs
                       Infrastructure\Hosting\IHostController.cs
                       Infrastructure\Hosting\Modules\ApiModule.cs
                       Infrastructure\Hosting\Modules\BackgroundModule.cs
                       Infrastructure\Hosting\Modules\DatabaseModule.cs
                       Infrastructure\Hosting\Modules\DeviceModule.cs
                       Infrastructure\Hosting\Modules\HostModule.cs
                       Infrastructure\Hosting\Modules\LoggingModule.cs
                       Infrastructure\Hosting\Modules\OcrModule.cs
                       Infrastructure\Hosting\Modules\PlatformModule.cs
                       Infrastructure\Initialization\AppInitializer.cs
                       Infrastructure\Initialization\IAppInitializer.cs
                       Infrastructure\Logging\LoggingService.cs
                       Infrastructure\Media\AudioPlayService.cs
                       Infrastructure\Network\NetworkService.cs
                       Infrastructure\OCR\Models\ExternalOcrFilePath.cs
                       Infrastructure\OCR\Models\ExternalResultJson.cs
                       Infrastructure\OCR\Models\ExternalTypeJson.cs
                       Infrastructure\OCR\Models\OcrOptions.cs
                       Infrastructure\OCR\Models\OcrOutcome.cs
                       Infrastructure\OCR\Models\types.cs
                       Infrastructure\OCR\OcrModule.cs
                       Infrastructure\OCR\Providers\ExternalOcrProvider.cs
                       Infrastructure\OCR\Providers\MrzOcrProvider.cs
                       Infrastructure\OCR\Providers\OcrProvider.cs
                       Infrastructure\OCR\Services\OcrService.cs
                       Infrastructure\Storage\StorageService.cs
                       Migrations\20260113011012_Baseline.cs
                       Migrations\20260113011012_Baseline.Designer.cs
                       Migrations\20260113024626_AddDeviceCatalogs.cs
                       Migrations\20260113024626_AddDeviceCatalogs.Designer.cs
                       Migrations\KioskDbContextModelSnapshot.cs
                       Presentation\Abstractions\FlowCoordinatorBase.cs
                       Presentation\Abstractions\FlowStage.cs
                       Presentation\Abstractions\ILayout.cs
                       Presentation\Abstractions\IPopup.cs
                       Presentation\Abstractions\IWindow.cs
                       Presentation\Abstractions\LayoutViewModelBase.cs
                       Presentation\Abstractions\PageViewModelBase.cs
                       Presentation\Abstractions\ViewModelInterface.cs
                       Presentation\Controls\LottiePlayerControl.cs
                       Presentation\Controls\VideoPlayerControl.cs
                       Presentation\Controls\WebpPlayerControl.cs
                       Presentation\Features\Common\Pages\ViewModels\FooterViewModel.cs
                       Presentation\Features\Common\Pages\ViewModels\LoadingViewModel.cs
                       Presentation\Features\Common\Pages\Views\FooterView.xaml.cs
                       Presentation\Features\Common\Pages\Views\LoadingView.xaml.cs
                       Presentation\Features\Environment\Layout\ViewModels\EnvironmentLayoutViewModel.cs
                       Presentation\Features\Environment\Layout\Views\EnvironmentLayoutView.xaml.cs
                       Presentation\Features\Environment\Pages\ViewModels\DeviceStatusViewModel.cs
                       Presentation\Features\Environment\Pages\ViewModels\EnvironmentCassetteSettingViewModel.cs
                       Presentation\Features\Environment\Pages\ViewModels\EnvironmentViewModel.cs
                       Presentation\Features\Environment\Pages\ViewModels\ResxLocalizationTestViewModel.cs
                       Presentation\Features\Environment\Pages\Views\DeviceStatusView.xaml.cs
                       Presentation\Features\Environment\Pages\Views\EnvironmentCassetteSettingView.xaml.cs
                       Presentation\Features\Environment\Pages\Views\EnvironmentView.xaml.cs
                       Presentation\Features\Environment\Pages\Views\ResxLocalizationTestView.xaml.cs
                       Presentation\Features\Exchange\Flow\ExchangeFlowCoordinator.cs
                       Presentation\Features\Exchange\Layout\ViewModels\ExchangeLayoutViewModel.cs
                       Presentation\Features\Exchange\Layout\Views\ExchangeLayoutView.xaml.cs
                       Presentation\Features\Exchange\Pages\ViewModels\ExchangeCompleteViewModel.cs
                       Presentation\Features\Exchange\Pages\ViewModels\ExchangeCurrenyViewModel.cs
                       Presentation\Features\Exchange\Pages\ViewModels\ExchangeDepositViewModel.cs
                       Presentation\Features\Exchange\Pages\ViewModels\ExchangeIDScanCompleteViewModel.cs
                       Presentation\Features\Exchange\Pages\ViewModels\ExchangeIDScanConsentViewModel.cs
                       Presentation\Features\Exchange\Pages\ViewModels\ExchangeIDScanGuideViewModel.cs
                       Presentation\Features\Exchange\Pages\ViewModels\ExchangeIDScanProcessViewModel.cs
                       Presentation\Features\Exchange\Pages\ViewModels\ExchangeLanguageViewModel.cs
                       Presentation\Features\Exchange\Pages\ViewModels\ExchangeResultViewModel.cs
                       Presentation\Features\Exchange\Pages\ViewModels\ExchangeWithdrawalViewModel.cs
                       Presentation\Features\Exchange\Pages\Views\ExchangeCompleteView.xaml.cs
                       Presentation\Features\Exchange\Pages\Views\ExchangeCurrencyView.xaml.cs
                       Presentation\Features\Exchange\Pages\Views\ExchangeDepositView.xaml.cs
                       Presentation\Features\Exchange\Pages\Views\ExchangeIDScanCompleteView.xaml.cs
                       Presentation\Features\Exchange\Pages\Views\ExchangeIDScanConsentView.xaml.cs
                       Presentation\Features\Exchange\Pages\Views\ExchangeIDScanGuideView.xaml.cs
                       Presentation\Features\Exchange\Pages\Views\ExchangeIDScanProcessView.xaml.cs
                       Presentation\Features\Exchange\Pages\Views\ExchangeLanguageView.xaml.cs
                       Presentation\Features\Exchange\Pages\Views\ExchangeResultView.xaml.cs
                       Presentation\Features\Exchange\Pages\Views\ExchangeWithdrawalView.xaml.cs
                       Presentation\Features\Exchange\Popup\ViewModels\ExchangePopupIDScanInfoViewModel.cs
                       Presentation\Features\Exchange\Popup\ViewModels\ExchangePopupTermsViewModel.cs
                       Presentation\Features\Exchange\Popup\Views\ExchangePopupIDScanInfoView.xaml.cs
                       Presentation\Features\Exchange\Popup\Views\ExchangePopupTermsView.xaml.cs
                       Presentation\Features\Exchange\Popup\Views\PopupWindow.xaml.cs
                       Presentation\Features\Exchange\Resources\ExchangeDepositAssets.cs
                       Presentation\Features\Exchange\Resources\ExchangeDepositAssetsProvider.cs
                       Presentation\Features\Exchange\Resources\ExchangeDepositNoteAsset.cs
                       Presentation\Features\Exchange\Resources\ExchangeIdScanInfoAssets.cs
                       Presentation\Features\Exchange\Resources\ExchangeIdScanInfoResourceProvider.cs
                       Presentation\Features\Exchange\Resources\ExchangeLoadingVideoProvider.cs
                       Presentation\Features\Exchange\Resources\ExchangeResultViewData.cs
                       Presentation\Features\Exchange\Resources\ExchangeResultViewDataProvider.cs
                       Presentation\Features\Exchange\Resources\ExchangeTermsResourceProvider.cs
                       Presentation\Features\Exchange\Resources\IExchangeDepositAssetsProvider.cs
                       Presentation\Features\Exchange\Resources\IExchangeIdScanInfoResourceProvider.cs
                       Presentation\Features\Exchange\Resources\IExchangeLoadingVideoProvider.cs
                       Presentation\Features\Exchange\Resources\IExchangeResultViewDataProvider.cs
                       Presentation\Features\Exchange\Resources\IExchangeTermsResourceProvider.cs
                       Presentation\Features\ExchangeV2\Flow\ExchangeV2FlowCoordinator.cs
                       Presentation\Features\ExchangeV2\Layout\ViewModels\ExchangeV2FlowHeaderViewModel.cs
                       Presentation\Features\ExchangeV2\Layout\ViewModels\ExchangeV2LayoutViewModel.cs
                       Presentation\Features\ExchangeV2\Layout\Views\ExchangeV2FlowHeaderView.xaml.cs
                       Presentation\Features\ExchangeV2\Layout\Views\ExchangeV2LayoutView.xaml.cs
                       Presentation\Features\ExchangeV2\Pages\ViewModels\ExchangeV2DepositViewModel.cs
                       Presentation\Features\ExchangeV2\Pages\ViewModels\ExchangeV2ExchangeCurrencySelectViewModel.cs
                       Presentation\Features\ExchangeV2\Pages\ViewModels\ExchangeV2ExchangeMethodSelectViewModel.cs
                       Presentation\Features\ExchangeV2\Pages\ViewModels\ExchangeV2ExchangeTypeSelectViewModel.cs
                       Presentation\Features\ExchangeV2\Pages\ViewModels\ExchangeV2IdScanCompleteViewModel.cs
                       Presentation\Features\ExchangeV2\Pages\ViewModels\ExchangeV2IdScanConsentViewModel.cs
                       Presentation\Features\ExchangeV2\Pages\ViewModels\ExchangeV2IdScanProcessViewModel.cs
                       Presentation\Features\ExchangeV2\Pages\ViewModels\ExchangeV2LanguageSelectViewModel.cs
                       Presentation\Features\ExchangeV2\Pages\Views\ExchangeV2DepositView.xaml.cs
                           SubType = Code
                       Presentation\Features\ExchangeV2\Pages\Views\ExchangeV2ExchangeCurrencySelectView.xaml.cs
                       Presentation\Features\ExchangeV2\Pages\Views\ExchangeV2ExchangeMethodSelectView.xaml.cs
                       Presentation\Features\ExchangeV2\Pages\Views\ExchangeV2ExchangeTypeSelectView.xaml.cs
                       Presentation\Features\ExchangeV2\Pages\Views\ExchangeV2IdScanCompleteView.xaml.cs
                           SubType = Code
                       Presentation\Features\ExchangeV2\Pages\Views\ExchangeV2IdScanConsentView.xaml.cs
                       Presentation\Features\ExchangeV2\Pages\Views\ExchangeV2IdScanProcessView.xaml.cs
                           SubType = Code
                       Presentation\Features\ExchangeV2\Pages\Views\ExchangeV2LanguageSelectView.xaml.cs
                       Presentation\Features\ExchangeV2\Popup\ViewModels\ExchangeV2IdScanFailedPopupViewModel.cs
                       Presentation\Features\ExchangeV2\Popup\ViewModels\ExchangeV2TermsPopupViewModel.cs
                       Presentation\Features\ExchangeV2\Popup\Views\ExchangeV2IdScanFailedPopupView.xaml.cs
                       Presentation\Features\ExchangeV2\Popup\Views\ExchangeV2TermsPopupView.xaml.cs
                           SubType = Code
                       Presentation\Features\GTF\Flow\Gtf.cs
                       Presentation\Features\GTF\Layout\ViewModels\GtfLayoutViewModel.cs
                       Presentation\Features\GTF\Layout\Views\GtfLayoutView.xaml.cs
                       Presentation\Features\GTF\Pages\ViewModels\GtfAlipayAccountSelectViewModel.cs
                       Presentation\Features\GTF\Pages\ViewModels\GtfAlipayGuideViewModel.cs
                       Presentation\Features\GTF\Pages\ViewModels\GtfAlipayRegisterViewModel.cs
                       Presentation\Features\GTF\Pages\ViewModels\GtfCreditGuideViewModel.cs
                       Presentation\Features\GTF\Pages\ViewModels\GtfCreditRegisterViewModel.cs
                       Presentation\Features\GTF\Pages\ViewModels\GtfIdScanCompleteViewModel.cs
                       Presentation\Features\GTF\Pages\ViewModels\GtfIdScanConsentViewModel.cs
                       Presentation\Features\GTF\Pages\ViewModels\GtfIdScanGuideViewModel.cs
                       Presentation\Features\GTF\Pages\ViewModels\GtfIdScanProcessViewModel.cs
                       Presentation\Features\GTF\Pages\ViewModels\GtfLanguageSelectViewModel.cs
                       Presentation\Features\GTF\Pages\ViewModels\GtfRefundCompleteViewModel.cs
                       Presentation\Features\GTF\Pages\ViewModels\GtfRefundMethodGuideViewModel.cs
                       Presentation\Features\GTF\Pages\ViewModels\GtfRefundMethodSelectViewModel.cs
                       Presentation\Features\GTF\Pages\ViewModels\GtfRefundSignatureViewModel.cs
                       Presentation\Features\GTF\Pages\ViewModels\GtfRefundVoucherRegisterViewModel.cs
                       Presentation\Features\GTF\Pages\ViewModels\GtfWeChatGuideViewModel.cs
                       Presentation\Features\GTF\Pages\ViewModels\GtfWeChatRegisterGuideViewModel.cs
                       Presentation\Features\GTF\Pages\ViewModels\GtfWeChatRegisterViewModel.cs
                       Presentation\Features\GTF\Pages\Views\GtfAlipayAccountSelect.xaml.cs
                       Presentation\Features\GTF\Pages\Views\GtfAlipayGuideView.xaml.cs
                       Presentation\Features\GTF\Pages\Views\GtfAlipayRegisterView.xaml.cs
                       Presentation\Features\GTF\Pages\Views\GtfCreditGuideView.xaml.cs
                       Presentation\Features\GTF\Pages\Views\GtfCreditRegisterView.xaml.cs
                       Presentation\Features\GTF\Pages\Views\GtfIdScanCompleteView.xaml.cs
                       Presentation\Features\GTF\Pages\Views\GtfIdScanConsentView.xaml.cs
                       Presentation\Features\GTF\Pages\Views\GtfIdScanGuideView.xaml.cs
                       Presentation\Features\GTF\Pages\Views\GtfIdScanProcessView.xaml.cs
                       Presentation\Features\GTF\Pages\Views\GtfLanguageSelectView.xaml.cs
                       Presentation\Features\GTF\Pages\Views\GtfRefundCompleteView.xaml.cs
                       Presentation\Features\GTF\Pages\Views\GtfRefundMethodGuideView.xaml.cs
                       Presentation\Features\GTF\Pages\Views\GtfRefundMethodSelectView.xaml.cs
                       Presentation\Features\GTF\Pages\Views\GtfRefundSignatureView.xaml.cs
                       Presentation\Features\GTF\Pages\Views\GtfRefundVoucherRegisterView.xaml.cs
                       Presentation\Features\GTF\Pages\Views\GtfWeChatGuideView.xaml.cs
                       Presentation\Features\GTF\Pages\Views\GtfWeChatRegisterGuideView.xaml.cs
                       Presentation\Features\GTF\Pages\Views\GtfWeChatRegisterView.xaml.cs
                       Presentation\Features\GTF\Popup\ViewModels\GtfTestPopupViewModel.cs
                       Presentation\Features\GTF\Popup\Views\GtfTestPopupView.xaml.cs
                       Presentation\Features\Menu\Layout\ViewModels\MenuLayoutViewModel.cs
                       Presentation\Features\Menu\Layout\Views\MenuLayoutView.xaml.cs
                       Presentation\Features\Menu\Pages\ViewModels\MenuViewModel.cs
                       Presentation\Features\Menu\Pages\Views\MenuView.xaml.cs
                       Presentation\Features\MenuV2\Layout\ViewModels\MenuV2LayoutViewModel.cs
                       Presentation\Features\MenuV2\Layout\Views\MenuV2LayoutView.xaml.cs
                       Presentation\Features\MenuV2\Pages\ViewModels\MenuV2ViewModel.cs
                       Presentation\Features\MenuV2\Pages\Views\MenuV2View.xaml.cs
                       Presentation\Features\Startup\Layout\ViewModels\StartupLayoutViewModel.cs
                       Presentation\Features\Startup\Layout\Views\StartupLayoutView.xaml.cs
                       Presentation\Features\Startup\Pages\ViewModels\StartupViewModel.cs
                       Presentation\Features\Startup\Pages\Views\StartupView.xaml.cs
                       Presentation\Navigation\Services\NavigationService.cs
                       Presentation\Navigation\Services\PopupService.cs
                       Presentation\Window\Main\ViewModels\MainWindowViewModel.cs
                       Presentation\Window\Main\Views\MainWindowView.xaml.cs
                       Presentation\Window\Services\MonitorMover.cs
                       Properties\Settings.Designer.cs
                           AutoGen = True
                           DesignTimeSharedInput = True
                           DependentUpon = Settings.settings
                       Resources\Controls\ElipseToggleButton.xaml.cs
                       Resources\Controls\IconButton.xaml.cs
                       Resources\Controls\RoundButton.xaml.cs
                   CompilerVisibleProperty
                       _SupportedPlatformList
                       CsWinRTAotExportsEnabled
                       CsWinRTAotOptimizerEnabled
                       CsWinRTAotWarningLevel
                       CsWinRTCcwLookupTableGeneratorEnabled
                       CsWinRTMergeReferencedActivationFactories
                       CsWinRTRcwFactoryFallbackGeneratorForceOptIn
                       CsWinRTRcwFactoryFallbackGeneratorForceOptOut
                       CsWinRTUseWindowsUIXamlProjections
                       EnableComHosting
                       EnableGeneratedComInterfaceComImportInterop
                       EnforceExtendedAnalyzerRules
                       InvariantGlobalization
                       PlatformNeutralAssembly
                       ProjectDir
                       ProjectTypeGuids
                       RootNamespace
                       TargetFramework
                       TargetFrameworkIdentifier
                       TargetFrameworkVersion
                       TargetPlatformMinVersion
                       UsingMicrosoftNETSdkWeb
                   Content
                       Assets\Gif\DepositGuide\Guide_Deposit_AUD.gif
                           CopyToOutputDirectory = PreserveNewest
                       Assets\Gif\DepositGuide\Guide_Deposit_CAD.gif
                           CopyToOutputDirectory = PreserveNewest
                       Assets\Gif\DepositGuide\Guide_Deposit_CNY.gif
                           CopyToOutputDirectory = PreserveNewest
                       Assets\Gif\DepositGuide\Guide_Deposit_EUR.gif
                           CopyToOutputDirectory = PreserveNewest
                       Assets\Gif\DepositGuide\Guide_Deposit_GBP.gif
                           CopyToOutputDirectory = PreserveNewest
                       Assets\Gif\DepositGuide\Guide_Deposit_HKD.gif
                           CopyToOutputDirectory = PreserveNewest
                       Assets\Gif\DepositGuide\Guide_Deposit_IDR.gif
                           CopyToOutputDirectory = PreserveNewest
                       Assets\Gif\DepositGuide\Guide_Deposit_JPY.gif
                           CopyToOutputDirectory = PreserveNewest
                       Assets\Gif\DepositGuide\Guide_Deposit_KRW.gif
                           CopyToOutputDirectory = PreserveNewest
                       Assets\Gif\DepositGuide\Guide_Deposit_MYR.gif
                           CopyToOutputDirectory = PreserveNewest
                       Assets\Gif\DepositGuide\Guide_Deposit_PHP.gif
                           CopyToOutputDirectory = PreserveNewest
                       Assets\Gif\DepositGuide\Guide_Deposit_SGD.gif
                           CopyToOutputDirectory = PreserveNewest
                       Assets\Gif\DepositGuide\Guide_Deposit_THB.gif
                           CopyToOutputDirectory = PreserveNewest
                       Assets\Gif\DepositGuide\Guide_Deposit_TWD.gif
                           CopyToOutputDirectory = PreserveNewest
                       Assets\Gif\DepositGuide\Guide_Deposit_USD.gif
                           CopyToOutputDirectory = PreserveNewest
                       Assets\Gif\DepositGuide\Guide_Deposit_VND.gif
                           CopyToOutputDirectory = PreserveNewest
                       Assets\Gif\DepositGuide\Guide_Deposit1.gif
                           CopyToOutputDirectory = PreserveNewest
                       Assets\Gif\DepositGuide\Guide_Deposit2.gif
                           CopyToOutputDirectory = PreserveNewest
                       Assets\Image\Denomination\AUD_100.png
                           CopyToOutputDirectory = PreserveNewest
                       Assets\Image\Denomination\AUD_50.png
                           CopyToOutputDirectory = PreserveNewest
                       Assets\Image\Denomination\CAD_50.png
                           CopyToOutputDirectory = PreserveNewest
                       Assets\Image\Denomination\CNY_100.png
                           CopyToOutputDirectory = PreserveNewest
                       Assets\Image\Denomination\EUR_10.png
                           CopyToOutputDirectory = PreserveNewest
                       Assets\Image\Denomination\EUR_100.png
                           CopyToOutputDirectory = PreserveNewest
                       Assets\Image\Denomination\EUR_20.png
                           CopyToOutputDirectory = PreserveNewest
                       Assets\Image\Denomination\EUR_50.png
                           CopyToOutputDirectory = PreserveNewest
                       Assets\Image\Denomination\GBP_20.png
                           CopyToOutputDirectory = PreserveNewest
                       Assets\Image\Denomination\GBP_50.png
                           CopyToOutputDirectory = PreserveNewest
                       Assets\Image\Denomination\HKD_100.png
                           CopyToOutputDirectory = PreserveNewest
                       Assets\Image\Denomination\HKD_1000.png
                           CopyToOutputDirectory = PreserveNewest
                       Assets\Image\Denomination\HKD_500.png
                           CopyToOutputDirectory = PreserveNewest
                       Assets\Image\Denomination\IDR_100000.png
                           CopyToOutputDirectory = PreserveNewest
                       Assets\Image\Denomination\JPY_1000.png
                           CopyToOutputDirectory = PreserveNewest
                       Assets\Image\Denomination\JPY_10000.png
                           CopyToOutputDirectory = PreserveNewest
                       Assets\Image\Denomination\JPY_5000.png
                           CopyToOutputDirectory = PreserveNewest
                       Assets\Image\Denomination\KRW_1000.png
                           CopyToOutputDirectory = PreserveNewest
                       Assets\Image\Denomination\KRW_10000.png
                           CopyToOutputDirectory = PreserveNewest
                       Assets\Image\Denomination\KRW_5000.png
                           CopyToOutputDirectory = PreserveNewest
                       Assets\Image\Denomination\KRW_50000.png
                           CopyToOutputDirectory = PreserveNewest
                       Assets\Image\Denomination\MYR_100.png
                           CopyToOutputDirectory = PreserveNewest
                       Assets\Image\Denomination\PHP_1000.png
                           CopyToOutputDirectory = PreserveNewest
                       Assets\Image\Denomination\SGD_100.png
                           CopyToOutputDirectory = PreserveNewest
                       Assets\Image\Denomination\SGD_50.png
                           CopyToOutputDirectory = PreserveNewest
                       Assets\Image\Denomination\THB_1000.png
                           CopyToOutputDirectory = PreserveNewest
                       Assets\Image\Denomination\TWD_1000.png
                           CopyToOutputDirectory = PreserveNewest
                       Assets\Image\Denomination\TWD_500.png
                           CopyToOutputDirectory = PreserveNewest
                       Assets\Image\Denomination\USD_10.png
                           CopyToOutputDirectory = PreserveNewest
                       Assets\Image\Denomination\USD_100.png
                           CopyToOutputDirectory = PreserveNewest
                       Assets\Image\Denomination\USD_20.png
                           CopyToOutputDirectory = PreserveNewest
                       Assets\Image\Denomination\USD_50.png
                           CopyToOutputDirectory = PreserveNewest
                       Assets\Image\Denomination\VND_500000.png
                           CopyToOutputDirectory = PreserveNewest
                       Assets\Sound\Bill.wav
                           CopyToOutputDirectory = PreserveNewest
                       Assets\Sound\Click.wav
                           CopyToOutputDirectory = PreserveNewest
                       Assets\Sound\Coin.wav
                           CopyToOutputDirectory = PreserveNewest
                       Assets\Video\IDScan_ID.mp4
                           CopyToOutputDirectory = PreserveNewest
                       Assets\Video\IDScan_Passport.mp4
                           CopyToOutputDirectory = PreserveNewest
                       Assets\Video\Loading.mp4
                           CopyToOutputDirectory = PreserveNewest
                       Assets\Video\MoneyBoxVideo.mp4
                           CopyToOutputDirectory = PreserveNewest
                       symbol.ico
                   CopyUpToDateMarker
                       c:\Users\niaci\RiderProjects\moenybox_devicecontroller\KIOSK\obj\Debug\net9.0-windows10.0.17763.0\KIOSK.csproj.Up2Date
                   CreateDirectory
                       c:\Users\niaci\RiderProjects\moenybox_devicecontroller\KIOSK\obj\Debug\net9.0-windows10.0.17763.0\refint\
                       obj\Debug\net9.0-windows10.0.17763.0\ref
                   DebugSymbolsProjectOutputGroupOutput
                       c:\Users\niaci\RiderProjects\moenybox_devicecontroller\KIOSK\obj\Debug\net9.0-windows10.0.17763.0\KIOSK.pdb
                           FinalOutputPath = c:\Users\niaci\RiderProjects\moenybox_devicecontroller\KIOSK\bin\Debug\net9.0-windows10.0.17763.0\KIOSK.pdb
                           TargetPath = KIOSK.pdb
                   DeployManifest
                       obj\Debug\net9.0-windows10.0.17763.0\KIOSK.application
                           TargetPath = KIOSK.application
                   EmbeddedResource
                       Resources\Resx\StringResources.ja-JP.resx
                       Resources\Resx\StringResources.ko-KR.resx
                       Resources\Resx\StringResources.resx
                       Resources\Resx\StringResources.zh-CN.resx
                       Resources\Resx\StringResources.zh-TW.resx
                   Folder
                       Application\Features\ExchangeV2\UseCases\
                       Assets\Language\
                       Domain\
                       Resources\
                   FrameworkReference
                       Microsoft.NETCore.App
                           IsImplicitlyDefined = true
                           PrivateAssets = All
                           Pack = false
                       Microsoft.Windows.SDK.NET.Ref.Windows
                           IsImplicitlyDefined = true
                           PrivateAssets = All
                           Pack = false
                       Microsoft.WindowsDesktop.App.WPF
                           IsImplicitlyDefined = true
                   GenerateRuntimeConfigurationFilesInputs
                       c:\Users\niaci\RiderProjects\moenybox_devicecontroller\KIOSK\obj\Debug\net9.0-windows10.0.17763.0\KIOSK.assets.cache
                       c:\Users\niaci\RiderProjects\moenybox_devicecontroller\KIOSK\obj\project.assets.json
                   GlobalAnalyzerConfigFiles
                       c:\.globalconfig
                       c:\Users\.globalconfig
                       c:\Users\niaci\.globalconfig
                       c:\Users\niaci\RiderProjects\.globalconfig
                       c:\Users\niaci\RiderProjects\moenybox_devicecontroller\.globalconfig
                       c:\Users\niaci\RiderProjects\moenybox_devicecontroller\KIOSK\.globalconfig
                       c:\Users\niaci\RiderProjects\moenybox_devicecontroller\KIOSK\Application\.globalconfig
                       c:\Users\niaci\RiderProjects\moenybox_devicecontroller\KIOSK\Application\Abstractions\.globalconfig
                       c:\Users\niaci\RiderProjects\moenybox_devicecontroller\KIOSK\Application\Features\.globalconfig
                       c:\Users\niaci\RiderProjects\moenybox_devicecontroller\KIOSK\Application\Features\ExchangeV2\.globalconfig
                       c:\Users\niaci\RiderProjects\moenybox_devicecontroller\KIOSK\Application\Features\ExchangeV2\Orchestration\.globalconfig
                       c:\Users\niaci\RiderProjects\moenybox_devicecontroller\KIOSK\Application\Features\ExchangeV2\Services\.globalconfig
                       c:\Users\niaci\RiderProjects\moenybox_devicecontroller\KIOSK\Application\Features\ExchangeV2\StateMachine\.globalconfig
                       c:\Users\niaci\RiderProjects\moenybox_devicecontroller\KIOSK\Application\Features\ExchangeV2\UseCases\.globalconfig
                       c:\Users\niaci\RiderProjects\moenybox_devicecontroller\KIOSK\Application\Services\.globalconfig
                       c:\Users\niaci\RiderProjects\moenybox_devicecontroller\KIOSK\Application\Services\API\.globalconfig
                       c:\Users\niaci\RiderProjects\moenybox_devicecontroller\KIOSK\Application\Services\BackgroundTasks\.globalconfig
                       c:\Users\niaci\RiderProjects\moenybox_devicecontroller\KIOSK\Application\Services\DataBase\.globalconfig
                       c:\Users\niaci\RiderProjects\moenybox_devicecontroller\KIOSK\Application\Services\Devices\.globalconfig
                       c:\Users\niaci\RiderProjects\moenybox_devicecontroller\KIOSK\Application\Services\Exchange\.globalconfig
                       c:\Users\niaci\RiderProjects\moenybox_devicecontroller\KIOSK\Application\Services\Health\.globalconfig
                       c:\Users\niaci\RiderProjects\moenybox_devicecontroller\KIOSK\Application\Services\Localization\.globalconfig
                       c:\Users\niaci\RiderProjects\moenybox_devicecontroller\KIOSK\Application\Services\Resx\.globalconfig
                       c:\Users\niaci\RiderProjects\moenybox_devicecontroller\KIOSK\Application\Services\Transactions\.globalconfig
                       c:\Users\niaci\RiderProjects\moenybox_devicecontroller\KIOSK\Application\StateMachines\.globalconfig
                       c:\Users\niaci\RiderProjects\moenybox_devicecontroller\KIOSK\CompositionRoot\.globalconfig
                       c:\Users\niaci\RiderProjects\moenybox_devicecontroller\KIOSK\CompositionRoot\Modules\.globalconfig
                       c:\Users\niaci\RiderProjects\moenybox_devicecontroller\KIOSK\Domain\.globalconfig
                       c:\Users\niaci\RiderProjects\moenybox_devicecontroller\KIOSK\Domain\Transactions\.globalconfig
                       c:\Users\niaci\RiderProjects\moenybox_devicecontroller\KIOSK\Infrastructure\.globalconfig
                       c:\Users\niaci\RiderProjects\moenybox_devicecontroller\KIOSK\Infrastructure\API\.globalconfig
                       c:\Users\niaci\RiderProjects\moenybox_devicecontroller\KIOSK\Infrastructure\API\Cems\.globalconfig
                       c:\Users\niaci\RiderProjects\moenybox_devicecontroller\KIOSK\Infrastructure\API\Core\.globalconfig
                       c:\Users\niaci\RiderProjects\moenybox_devicecontroller\KIOSK\Infrastructure\API\Gtf\.globalconfig
                       c:\Users\niaci\RiderProjects\moenybox_devicecontroller\KIOSK\Infrastructure\Cache\.globalconfig
                       c:\Users\niaci\RiderProjects\moenybox_devicecontroller\KIOSK\Infrastructure\Common\.globalconfig
                       c:\Users\niaci\RiderProjects\moenybox_devicecontroller\KIOSK\Infrastructure\Common\Utils\.globalconfig
                       c:\Users\niaci\RiderProjects\moenybox_devicecontroller\KIOSK\Infrastructure\Configuration\.globalconfig
                       c:\Users\niaci\RiderProjects\moenybox_devicecontroller\KIOSK\Infrastructure\Database\.globalconfig
                       c:\Users\niaci\RiderProjects\moenybox_devicecontroller\KIOSK\Infrastructure\Database\Common\.globalconfig
                       c:\Users\niaci\RiderProjects\moenybox_devicecontroller\KIOSK\Infrastructure\Database\Ef\.globalconfig
                       c:\Users\niaci\RiderProjects\moenybox_devicecontroller\KIOSK\Infrastructure\Database\Ef\Entities\.globalconfig
                       c:\Users\niaci\RiderProjects\moenybox_devicecontroller\KIOSK\Infrastructure\Database\Interface\.globalconfig
                       c:\Users\niaci\RiderProjects\moenybox_devicecontroller\KIOSK\Infrastructure\Database\Models\.globalconfig
                       c:\Users\niaci\RiderProjects\moenybox_devicecontroller\KIOSK\Infrastructure\Database\Repositories\.globalconfig
                       c:\Users\niaci\RiderProjects\moenybox_devicecontroller\KIOSK\Infrastructure\Devices\.globalconfig
                       c:\Users\niaci\RiderProjects\moenybox_devicecontroller\KIOSK\Infrastructure\Devices\Adapters\.globalconfig
                       c:\Users\niaci\RiderProjects\moenybox_devicecontroller\KIOSK\Infrastructure\Devices\Control\.globalconfig
                       c:\Users\niaci\RiderProjects\moenybox_devicecontroller\KIOSK\Infrastructure\Devices\Runtime\.globalconfig
                       c:\Users\niaci\RiderProjects\moenybox_devicecontroller\KIOSK\Infrastructure\Devices\Status\.globalconfig
                       c:\Users\niaci\RiderProjects\moenybox_devicecontroller\KIOSK\Infrastructure\Health\.globalconfig
                       c:\Users\niaci\RiderProjects\moenybox_devicecontroller\KIOSK\Infrastructure\Hosting\.globalconfig
                       c:\Users\niaci\RiderProjects\moenybox_devicecontroller\KIOSK\Infrastructure\Hosting\Modules\.globalconfig
                       c:\Users\niaci\RiderProjects\moenybox_devicecontroller\KIOSK\Infrastructure\Initialization\.globalconfig
                       c:\Users\niaci\RiderProjects\moenybox_devicecontroller\KIOSK\Infrastructure\Logging\.globalconfig
                       c:\Users\niaci\RiderProjects\moenybox_devicecontroller\KIOSK\Infrastructure\Media\.globalconfig
                       c:\Users\niaci\RiderProjects\moenybox_devicecontroller\KIOSK\Infrastructure\Network\.globalconfig
                       c:\Users\niaci\RiderProjects\moenybox_devicecontroller\KIOSK\Infrastructure\OCR\.globalconfig
                       c:\Users\niaci\RiderProjects\moenybox_devicecontroller\KIOSK\Infrastructure\OCR\Models\.globalconfig
                       c:\Users\niaci\RiderProjects\moenybox_devicecontroller\KIOSK\Infrastructure\OCR\Providers\.globalconfig
                       c:\Users\niaci\RiderProjects\moenybox_devicecontroller\KIOSK\Infrastructure\OCR\Services\.globalconfig
                       c:\Users\niaci\RiderProjects\moenybox_devicecontroller\KIOSK\Infrastructure\Storage\.globalconfig
                       c:\Users\niaci\RiderProjects\moenybox_devicecontroller\KIOSK\Migrations\.globalconfig
                       c:\Users\niaci\RiderProjects\moenybox_devicecontroller\KIOSK\Presentation\.globalconfig
                       c:\Users\niaci\RiderProjects\moenybox_devicecontroller\KIOSK\Presentation\Abstractions\.globalconfig
                       c:\Users\niaci\RiderProjects\moenybox_devicecontroller\KIOSK\Presentation\Controls\.globalconfig
                       c:\Users\niaci\RiderProjects\moenybox_devicecontroller\KIOSK\Presentation\Features\.globalconfig
                       c:\Users\niaci\RiderProjects\moenybox_devicecontroller\KIOSK\Presentation\Features\Common\.globalconfig
                       c:\Users\niaci\RiderProjects\moenybox_devicecontroller\KIOSK\Presentation\Features\Common\Pages\.globalconfig
                       c:\Users\niaci\RiderProjects\moenybox_devicecontroller\KIOSK\Presentation\Features\Common\Pages\ViewModels\.globalconfig
                       c:\Users\niaci\RiderProjects\moenybox_devicecontroller\KIOSK\Presentation\Features\Common\Pages\Views\.globalconfig
                       c:\Users\niaci\RiderProjects\moenybox_devicecontroller\KIOSK\Presentation\Features\Environment\.globalconfig
                       c:\Users\niaci\RiderProjects\moenybox_devicecontroller\KIOSK\Presentation\Features\Environment\Layout\.globalconfig
                       c:\Users\niaci\RiderProjects\moenybox_devicecontroller\KIOSK\Presentation\Features\Environment\Layout\ViewModels\.globalconfig
                       c:\Users\niaci\RiderProjects\moenybox_devicecontroller\KIOSK\Presentation\Features\Environment\Layout\Views\.globalconfig
                       c:\Users\niaci\RiderProjects\moenybox_devicecontroller\KIOSK\Presentation\Features\Environment\Pages\.globalconfig
                       c:\Users\niaci\RiderProjects\moenybox_devicecontroller\KIOSK\Presentation\Features\Environment\Pages\ViewModels\.globalconfig
                       c:\Users\niaci\RiderProjects\moenybox_devicecontroller\KIOSK\Presentation\Features\Environment\Pages\Views\.globalconfig
                       c:\Users\niaci\RiderProjects\moenybox_devicecontroller\KIOSK\Presentation\Features\Exchange\.globalconfig
                       c:\Users\niaci\RiderProjects\moenybox_devicecontroller\KIOSK\Presentation\Features\Exchange\Flow\.globalconfig
                       c:\Users\niaci\RiderProjects\moenybox_devicecontroller\KIOSK\Presentation\Features\Exchange\Layout\.globalconfig
                       c:\Users\niaci\RiderProjects\moenybox_devicecontroller\KIOSK\Presentation\Features\Exchange\Layout\ViewModels\.globalconfig
                       c:\Users\niaci\RiderProjects\moenybox_devicecontroller\KIOSK\Presentation\Features\Exchange\Layout\Views\.globalconfig
                       c:\Users\niaci\RiderProjects\moenybox_devicecontroller\KIOSK\Presentation\Features\Exchange\Pages\.globalconfig
                       c:\Users\niaci\RiderProjects\moenybox_devicecontroller\KIOSK\Presentation\Features\Exchange\Pages\ViewModels\.globalconfig
                       c:\Users\niaci\RiderProjects\moenybox_devicecontroller\KIOSK\Presentation\Features\Exchange\Pages\Views\.globalconfig
                       c:\Users\niaci\RiderProjects\moenybox_devicecontroller\KIOSK\Presentation\Features\Exchange\Popup\.globalconfig
                       c:\Users\niaci\RiderProjects\moenybox_devicecontroller\KIOSK\Presentation\Features\Exchange\Popup\ViewModels\.globalconfig
                       c:\Users\niaci\RiderProjects\moenybox_devicecontroller\KIOSK\Presentation\Features\Exchange\Popup\Views\.globalconfig
                       c:\Users\niaci\RiderProjects\moenybox_devicecontroller\KIOSK\Presentation\Features\Exchange\Resources\.globalconfig
                       c:\Users\niaci\RiderProjects\moenybox_devicecontroller\KIOSK\Presentation\Features\ExchangeV2\.globalconfig
                       c:\Users\niaci\RiderProjects\moenybox_devicecontroller\KIOSK\Presentation\Features\ExchangeV2\Flow\.globalconfig
                       c:\Users\niaci\RiderProjects\moenybox_devicecontroller\KIOSK\Presentation\Features\ExchangeV2\Layout\.globalconfig
                       c:\Users\niaci\RiderProjects\moenybox_devicecontroller\KIOSK\Presentation\Features\ExchangeV2\Layout\ViewModels\.globalconfig
                       c:\Users\niaci\RiderProjects\moenybox_devicecontroller\KIOSK\Presentation\Features\ExchangeV2\Layout\Views\.globalconfig
                       c:\Users\niaci\RiderProjects\moenybox_devicecontroller\KIOSK\Presentation\Features\ExchangeV2\Pages\.globalconfig
                       c:\Users\niaci\RiderProjects\moenybox_devicecontroller\KIOSK\Presentation\Features\ExchangeV2\Pages\ViewModels\.globalconfig
                       c:\Users\niaci\RiderProjects\moenybox_devicecontroller\KIOSK\Presentation\Features\ExchangeV2\Pages\Views\.globalconfig
                       c:\Users\niaci\RiderProjects\moenybox_devicecontroller\KIOSK\Presentation\Features\ExchangeV2\Popup\.globalconfig
                       c:\Users\niaci\RiderProjects\moenybox_devicecontroller\KIOSK\Presentation\Features\ExchangeV2\Popup\ViewModels\.globalconfig
                       c:\Users\niaci\RiderProjects\moenybox_devicecontroller\KIOSK\Presentation\Features\ExchangeV2\Popup\Views\.globalconfig
                       c:\Users\niaci\RiderProjects\moenybox_devicecontroller\KIOSK\Presentation\Features\GTF\.globalconfig
                       c:\Users\niaci\RiderProjects\moenybox_devicecontroller\KIOSK\Presentation\Features\GTF\Flow\.globalconfig
                       c:\Users\niaci\RiderProjects\moenybox_devicecontroller\KIOSK\Presentation\Features\GTF\Layout\.globalconfig
                       c:\Users\niaci\RiderProjects\moenybox_devicecontroller\KIOSK\Presentation\Features\GTF\Layout\ViewModels\.globalconfig
                       c:\Users\niaci\RiderProjects\moenybox_devicecontroller\KIOSK\Presentation\Features\GTF\Layout\Views\.globalconfig
                       c:\Users\niaci\RiderProjects\moenybox_devicecontroller\KIOSK\Presentation\Features\GTF\Pages\.globalconfig
                       c:\Users\niaci\RiderProjects\moenybox_devicecontroller\KIOSK\Presentation\Features\GTF\Pages\ViewModels\.globalconfig
                       c:\Users\niaci\RiderProjects\moenybox_devicecontroller\KIOSK\Presentation\Features\GTF\Pages\Views\.globalconfig
                       c:\Users\niaci\RiderProjects\moenybox_devicecontroller\KIOSK\Presentation\Features\GTF\Popup\.globalconfig
                       c:\Users\niaci\RiderProjects\moenybox_devicecontroller\KIOSK\Presentation\Features\GTF\Popup\ViewModels\.globalconfig
                       c:\Users\niaci\RiderProjects\moenybox_devicecontroller\KIOSK\Presentation\Features\GTF\Popup\Views\.globalconfig
                       c:\Users\niaci\RiderProjects\moenybox_devicecontroller\KIOSK\Presentation\Features\Menu\.globalconfig
                       c:\Users\niaci\RiderProjects\moenybox_devicecontroller\KIOSK\Presentation\Features\Menu\Layout\.globalconfig
                       c:\Users\niaci\RiderProjects\moenybox_devicecontroller\KIOSK\Presentation\Features\Menu\Layout\ViewModels\.globalconfig
                       c:\Users\niaci\RiderProjects\moenybox_devicecontroller\KIOSK\Presentation\Features\Menu\Layout\Views\.globalconfig
                       c:\Users\niaci\RiderProjects\moenybox_devicecontroller\KIOSK\Presentation\Features\Menu\Pages\.globalconfig
                       c:\Users\niaci\RiderProjects\moenybox_devicecontroller\KIOSK\Presentation\Features\Menu\Pages\ViewModels\.globalconfig
                       c:\Users\niaci\RiderProjects\moenybox_devicecontroller\KIOSK\Presentation\Features\Menu\Pages\Views\.globalconfig
                       c:\Users\niaci\RiderProjects\moenybox_devicecontroller\KIOSK\Presentation\Features\MenuV2\.globalconfig
                       c:\Users\niaci\RiderProjects\moenybox_devicecontroller\KIOSK\Presentation\Features\MenuV2\Layout\.globalconfig
                       c:\Users\niaci\RiderProjects\moenybox_devicecontroller\KIOSK\Presentation\Features\MenuV2\Layout\ViewModels\.globalconfig
                       c:\Users\niaci\RiderProjects\moenybox_devicecontroller\KIOSK\Presentation\Features\MenuV2\Layout\Views\.globalconfig
                       c:\Users\niaci\RiderProjects\moenybox_devicecontroller\KIOSK\Presentation\Features\MenuV2\Pages\.globalconfig
                       c:\Users\niaci\RiderProjects\moenybox_devicecontroller\KIOSK\Presentation\Features\MenuV2\Pages\ViewModels\.globalconfig
                       c:\Users\niaci\RiderProjects\moenybox_devicecontroller\KIOSK\Presentation\Features\MenuV2\Pages\Views\.globalconfig
                       c:\Users\niaci\RiderProjects\moenybox_devicecontroller\KIOSK\Presentation\Features\Startup\.globalconfig
                       c:\Users\niaci\RiderProjects\moenybox_devicecontroller\KIOSK\Presentation\Features\Startup\Layout\.globalconfig
                       c:\Users\niaci\RiderProjects\moenybox_devicecontroller\KIOSK\Presentation\Features\Startup\Layout\ViewModels\.globalconfig
                       c:\Users\niaci\RiderProjects\moenybox_devicecontroller\KIOSK\Presentation\Features\Startup\Layout\Views\.globalconfig
                       c:\Users\niaci\RiderProjects\moenybox_devicecontroller\KIOSK\Presentation\Features\Startup\Pages\.globalconfig
                       c:\Users\niaci\RiderProjects\moenybox_devicecontroller\KIOSK\Presentation\Features\Startup\Pages\ViewModels\.globalconfig
                       c:\Users\niaci\RiderProjects\moenybox_devicecontroller\KIOSK\Presentation\Features\Startup\Pages\Views\.globalconfig
                       c:\Users\niaci\RiderProjects\moenybox_devicecontroller\KIOSK\Presentation\Navigation\.globalconfig
                       c:\Users\niaci\RiderProjects\moenybox_devicecontroller\KIOSK\Presentation\Navigation\Services\.globalconfig
                       c:\Users\niaci\RiderProjects\moenybox_devicecontroller\KIOSK\Presentation\Window\.globalconfig
                       c:\Users\niaci\RiderProjects\moenybox_devicecontroller\KIOSK\Presentation\Window\Main\.globalconfig
                       c:\Users\niaci\RiderProjects\moenybox_devicecontroller\KIOSK\Presentation\Window\Main\ViewModels\.globalconfig
                       c:\Users\niaci\RiderProjects\moenybox_devicecontroller\KIOSK\Presentation\Window\Main\Views\.globalconfig
                       c:\Users\niaci\RiderProjects\moenybox_devicecontroller\KIOSK\Presentation\Window\Services\.globalconfig
                       c:\Users\niaci\RiderProjects\moenybox_devicecontroller\KIOSK\Properties\.globalconfig
                       c:\Users\niaci\RiderProjects\moenybox_devicecontroller\KIOSK\Resources\.globalconfig
                       c:\Users\niaci\RiderProjects\moenybox_devicecontroller\KIOSK\Resources\Controls\.globalconfig
                   ImplicitPackageReferenceVersion
                       Microsoft.AspNetCore.All
                           LatestVersion = 2.1.30
                           DefaultVersion = 2.1.1
                           TargetFrameworkVersion = 2.1
                       Microsoft.AspNetCore.All
                           LatestVersion = 2.2.8
                           DefaultVersion = 2.2.0
                           TargetFrameworkVersion = 2.2
                       Microsoft.AspNetCore.App
                           LatestVersion = 2.1.30
                           DefaultVersion = 2.1.1
                           TargetFrameworkVersion = 2.1
                       Microsoft.AspNetCore.App
                           LatestVersion = 2.2.8
                           DefaultVersion = 2.2.0
                           TargetFrameworkVersion = 2.2
                       Microsoft.NETCore.App
                           LatestVersion = 1.0.16
                           DefaultVersion = 1.0.5
                           TargetFrameworkVersion = 1.0
                       Microsoft.NETCore.App
                           LatestVersion = 1.1.13
                           DefaultVersion = 1.1.2
                           TargetFrameworkVersion = 1.1
                       Microsoft.NETCore.App
                           LatestVersion = 2.0.9
                           DefaultVersion = 2.0.0
                           TargetFrameworkVersion = 2.0
                       Microsoft.NETCore.App
                           LatestVersion = 2.1.30
                           DefaultVersion = 2.1.0
                           TargetFrameworkVersion = 2.1
                       Microsoft.NETCore.App
                           LatestVersion = 2.2.8
                           DefaultVersion = 2.2.0
                           TargetFrameworkVersion = 2.2
                   IntermediateAssembly
                       obj\Debug\net9.0-windows10.0.17763.0\KIOSK.dll
                   IntermediateRefAssembly
                       obj\Debug\net9.0-windows10.0.17763.0\refint\KIOSK.dll
                   KnownAppHostPack
                       Microsoft.NETCore.App
                           ExcludedRuntimeIdentifiers = android
                           AppHostRuntimeIdentifiers = linux-arm;linux-arm64;linux-musl-arm64;linux-musl-x64;linux-x64;osx-x64;tizen.4.0.0-armel;tizen.5.0.0-armel;win-arm64;win-x64;win-x86;linux-musl-arm;osx-arm64;linux-s390x;linux-loongarch64;linux-bionic-arm;linux-bionic-arm64;linux-bionic-x64;linux-bionic-x86;linux-ppc64le;freebsd-x64;freebsd-arm64;linux-riscv64;linux-musl-riscv64;linux-musl-loongarch64
                           TargetFramework = net10.0
                           AppHostPackNamePattern = Microsoft.NETCore.App.Host.**RID**
                           AppHostPackVersion = 10.0.2
                       Microsoft.NETCore.App
                           ExcludedRuntimeIdentifiers = android
                           AppHostRuntimeIdentifiers = linux-arm;linux-arm64;linux-musl-arm64;linux-musl-x64;linux-x64;osx-x64;tizen.4.0.0-armel;tizen.5.0.0-armel;win-arm64;win-x64;win-x86;linux-musl-arm;osx-arm64;linux-s390x;linux-loongarch64;linux-bionic-arm;linux-bionic-arm64;linux-bionic-x64;linux-bionic-x86;linux-ppc64le;freebsd-x64;freebsd-arm64;linux-riscv64;linux-musl-riscv64;linux-musl-loongarch64
                           TargetFramework = net9.0
                           AppHostPackNamePattern = Microsoft.NETCore.App.Host.**RID**
                           AppHostPackVersion = 9.0.12
                       Microsoft.NETCore.App
                           ExcludedRuntimeIdentifiers = android
                           AppHostRuntimeIdentifiers = linux-arm;linux-arm64;linux-musl-arm64;linux-musl-x64;linux-x64;osx-x64;tizen.4.0.0-armel;tizen.5.0.0-armel;win-arm64;win-x64;win-x86;linux-musl-arm;osx-arm64;linux-s390x;linux-loongarch64;linux-bionic-arm;linux-bionic-arm64;linux-bionic-x64;linux-bionic-x86;linux-ppc64le;freebsd-x64;freebsd-arm64
                           TargetFramework = net8.0
                           AppHostPackNamePattern = Microsoft.NETCore.App.Host.**RID**
                           AppHostPackVersion = 8.0.23
                       Microsoft.NETCore.App
                           ExcludedRuntimeIdentifiers = android
                           AppHostRuntimeIdentifiers = linux-arm;linux-arm64;linux-musl-arm64;linux-musl-x64;linux-x64;osx-x64;tizen.4.0.0-armel;tizen.5.0.0-armel;win-arm;win-arm64;win-x64;win-x86;linux-musl-arm;osx-arm64;linux-s390x;linux-loongarch64;linux-bionic-arm;linux-bionic-arm64;linux-bionic-x64;linux-bionic-x86;linux-ppc64le
                           TargetFramework = net7.0
                           AppHostPackNamePattern = Microsoft.NETCore.App.Host.**RID**
                           AppHostPackVersion = 7.0.20
                       Microsoft.NETCore.App
                           ExcludedRuntimeIdentifiers = android
                           AppHostRuntimeIdentifiers = linux-arm;linux-arm64;linux-musl-arm64;linux-musl-x64;linux-x64;osx-x64;tizen.4.0.0-armel;tizen.5.0.0-armel;win-arm;win-arm64;win-x64;win-x86;linux-musl-arm;osx-arm64;linux-s390x;linux-loongarch64
                           TargetFramework = net6.0
                           AppHostPackNamePattern = Microsoft.NETCore.App.Host.**RID**
                           AppHostPackVersion = 6.0.36
                       Microsoft.NETCore.App
                           AppHostRuntimeIdentifiers = linux-arm;linux-arm64;linux-musl-arm64;linux-musl-x64;linux-x64;osx-x64;tizen.4.0.0-armel;tizen.5.0.0-armel;win-arm;win-arm64;win-x64;win-x86;linux-musl-arm
                           TargetFramework = net5.0
                           AppHostPackNamePattern = Microsoft.NETCore.App.Host.**RID**
                           AppHostPackVersion = 5.0.17
                       Microsoft.NETCore.App
                           AppHostRuntimeIdentifiers = linux-arm;linux-arm64;linux-musl-arm64;linux-musl-x64;linux-x64;osx-x64;tizen.4.0.0-armel;tizen.5.0.0-armel;win-arm;win-arm64;win-x64;win-x86
                           TargetFramework = netcoreapp3.1
                           AppHostPackNamePattern = Microsoft.NETCore.App.Host.**RID**
                           AppHostPackVersion = 3.1.32
                       Microsoft.NETCore.App
                           AppHostRuntimeIdentifiers = linux-arm;linux-arm64;linux-musl-arm64;linux-musl-x64;linux-x64;osx-x64;tizen.4.0.0-armel;tizen.5.0.0-armel;win-arm;win-arm64;win-x64;win-x86
                           TargetFramework = netcoreapp3.0
                           AppHostPackNamePattern = Microsoft.NETCore.App.Host.**RID**
                           AppHostPackVersion = 3.0.3
                   KnownAspNetCorePack
                       Microsoft.AspNetCore.App.Internal.Assets
                           TargetFramework = net10.0
                           AspNetCorePackVersion = 10.0.2
                   KnownCrossgen2Pack
                       Microsoft.NETCore.App.Crossgen2
                           Crossgen2RuntimeIdentifiers = linux-musl-x64;linux-x64;win-x64;linux-arm;linux-arm64;linux-musl-arm;linux-musl-arm64;osx-arm64;osx-x64;win-arm64;win-x86;freebsd-x64;freebsd-arm64;linux-riscv64;linux-musl-riscv64;linux-loongarch64;linux-musl-loongarch64
                           TargetFramework = net10.0
                           Crossgen2PackNamePattern = Microsoft.NETCore.App.Crossgen2.**RID**
                           Crossgen2PackVersion = 10.0.2
                           Crossgen2PortableRuntimeIdentifiers = linux-musl-x64;linux-x64;win-x64;linux-arm;linux-arm64;linux-musl-arm;linux-musl-arm64;osx-arm64;osx-x64;win-arm64;win-x86;freebsd-x64;freebsd-arm64;linux-riscv64;linux-musl-riscv64;linux-loongarch64;linux-musl-loongarch64
                       Microsoft.NETCore.App.Crossgen2
                           Crossgen2RuntimeIdentifiers = linux-musl-x64;linux-x64;win-x64;linux-arm;linux-arm64;linux-musl-arm;linux-musl-arm64;osx-arm64;osx-x64;win-arm64;win-x86;freebsd-x64;freebsd-arm64;linux-riscv64;linux-musl-riscv64;linux-loongarch64;linux-musl-loongarch64
                           TargetFramework = net9.0
                           Crossgen2PackNamePattern = Microsoft.NETCore.App.Crossgen2.**RID**
                           Crossgen2PackVersion = 9.0.12
                       Microsoft.NETCore.App.Crossgen2
                           Crossgen2RuntimeIdentifiers = linux-musl-x64;linux-x64;win-x64;linux-arm;linux-arm64;linux-musl-arm;linux-musl-arm64;osx-arm64;osx-x64;win-arm64;win-x86;freebsd-x64;freebsd-arm64
                           TargetFramework = net8.0
                           Crossgen2PackNamePattern = Microsoft.NETCore.App.Crossgen2.**RID**
                           Crossgen2PackVersion = 8.0.23
                       Microsoft.NETCore.App.Crossgen2
                           Crossgen2RuntimeIdentifiers = linux-musl-x64;linux-x64;win-x64;linux-arm;linux-arm64;linux-musl-arm;linux-musl-arm64;osx-arm64;osx-x64;win-arm;win-arm64;win-x86
                           TargetFramework = net7.0
                           Crossgen2PackNamePattern = Microsoft.NETCore.App.Crossgen2.**RID**
                           Crossgen2PackVersion = 7.0.20
                       Microsoft.NETCore.App.Crossgen2
                           Crossgen2RuntimeIdentifiers = linux-musl-x64;linux-x64;win-x64;linux-arm;linux-arm64;linux-musl-arm;linux-musl-arm64;osx-arm64;osx-x64;win-arm;win-arm64;win-x86
                           TargetFramework = net6.0
                           Crossgen2PackNamePattern = Microsoft.NETCore.App.Crossgen2.**RID**
                           Crossgen2PackVersion = 6.0.36
                       Microsoft.NETCore.App.Crossgen2
                           Crossgen2RuntimeIdentifiers = linux-musl-x64;linux-x64;win-x64
                           TargetFramework = net5.0
                           Crossgen2PackNamePattern = Microsoft.NETCore.App.Crossgen2.**RID**
                           Crossgen2PackVersion = 5.0.17
                   KnownFrameworkReference
                       Microsoft.AspNetCore.App
                           TargetFramework = netcoreapp3.1
                           DefaultRuntimeFrameworkVersion = 3.1.0
                           TargetingPackName = Microsoft.AspNetCore.App.Ref
                           LatestRuntimeFrameworkVersion = 3.1.32
                           RuntimePackRuntimeIdentifiers = win-x64;win-x86;win-arm;osx-x64;linux-musl-x64;linux-musl-arm64;linux-x64;linux-arm;linux-arm64
                           RuntimePackNamePatterns = Microsoft.AspNetCore.App.Runtime.**RID**
                           TargetingPackVersion = 3.1.10
                           RuntimeFrameworkName = Microsoft.AspNetCore.App
                       Microsoft.AspNetCore.App
                           TargetFramework = net10.0
                           DefaultRuntimeFrameworkVersion = 10.0.0
                           TargetingPackName = Microsoft.AspNetCore.App.Ref
                           LatestRuntimeFrameworkVersion = 10.0.2
                           RuntimePackExcludedRuntimeIdentifiers = android;linux-bionic
                           RuntimePackRuntimeIdentifiers = win-x64;win-x86;osx-x64;linux-musl-x64;linux-musl-arm64;linux-x64;linux-arm;linux-arm64;linux-musl-arm;win-arm64;osx-arm64;linux-s390x;linux-loongarch64;linux-ppc64le;freebsd-x64;freebsd-arm64;linux-riscv64;linux-musl-riscv64;linux-loongarch64;linux-musl-loongarch64
                           RuntimePackNamePatterns = Microsoft.AspNetCore.App.Runtime.**RID**
                           TargetingPackVersion = 10.0.2
                           RuntimeFrameworkName = Microsoft.AspNetCore.App
                       Microsoft.AspNetCore.App
                           TargetFramework = net5.0
                           DefaultRuntimeFrameworkVersion = 5.0.0
                           TargetingPackName = Microsoft.AspNetCore.App.Ref
                           LatestRuntimeFrameworkVersion = 5.0.17
                           RuntimePackRuntimeIdentifiers = win-x64;win-x86;win-arm;osx-x64;linux-musl-x64;linux-musl-arm64;linux-x64;linux-arm;linux-arm64;linux-musl-arm;win-arm64
                           RuntimePackNamePatterns = Microsoft.AspNetCore.App.Runtime.**RID**
                           TargetingPackVersion = 5.0.0
                           RuntimeFrameworkName = Microsoft.AspNetCore.App
                       Microsoft.AspNetCore.App
                           TargetFramework = net6.0
                           DefaultRuntimeFrameworkVersion = 6.0.0
                           TargetingPackName = Microsoft.AspNetCore.App.Ref
                           LatestRuntimeFrameworkVersion = 6.0.36
                           RuntimePackRuntimeIdentifiers = win-x64;win-x86;win-arm;osx-x64;linux-musl-x64;linux-musl-arm64;linux-x64;linux-arm;linux-arm64;linux-musl-arm;win-arm64;osx-arm64;linux-s390x;linux-loongarch64
                           RuntimePackNamePatterns = Microsoft.AspNetCore.App.Runtime.**RID**
                           TargetingPackVersion = 6.0.36
                           RuntimeFrameworkName = Microsoft.AspNetCore.App
                       Microsoft.AspNetCore.App
                           TargetFramework = netcoreapp3.0
                           DefaultRuntimeFrameworkVersion = 3.0.0
                           TargetingPackName = Microsoft.AspNetCore.App.Ref
                           LatestRuntimeFrameworkVersion = 3.0.3
                           RuntimePackRuntimeIdentifiers = win-x64;win-x86;win-arm;osx-x64;linux-musl-x64;linux-musl-arm64;linux-x64;linux-arm;linux-arm64
                           RuntimePackNamePatterns = Microsoft.AspNetCore.App.Runtime.**RID**
                           TargetingPackVersion = 3.0.1
                           RuntimeFrameworkName = Microsoft.AspNetCore.App
                       Microsoft.AspNetCore.App
                           TargetFramework = net9.0
                           DefaultRuntimeFrameworkVersion = 9.0.0
                           TargetingPackName = Microsoft.AspNetCore.App.Ref
                           LatestRuntimeFrameworkVersion = 9.0.12
                           RuntimePackExcludedRuntimeIdentifiers = android;linux-bionic
                           RuntimePackRuntimeIdentifiers = win-x64;win-x86;osx-x64;linux-musl-x64;linux-musl-arm64;linux-x64;linux-arm;linux-arm64;linux-musl-arm;win-arm64;osx-arm64;linux-s390x;linux-loongarch64;linux-ppc64le;freebsd-x64;freebsd-arm64;linux-riscv64;linux-musl-riscv64;linux-loongarch64;linux-musl-loongarch64
                           RuntimePackNamePatterns = Microsoft.AspNetCore.App.Runtime.**RID**
                           TargetingPackVersion = 9.0.12
                           RuntimeFrameworkName = Microsoft.AspNetCore.App
                       Microsoft.AspNetCore.App
                           TargetFramework = net7.0
                           DefaultRuntimeFrameworkVersion = 7.0.0
                           TargetingPackName = Microsoft.AspNetCore.App.Ref
                           LatestRuntimeFrameworkVersion = 7.0.20
                           RuntimePackExcludedRuntimeIdentifiers = android
                           RuntimePackRuntimeIdentifiers = win-x64;win-x86;win-arm;osx-x64;linux-musl-x64;linux-musl-arm64;linux-x64;linux-arm;linux-arm64;linux-musl-arm;win-arm64;osx-arm64;linux-s390x;linux-loongarch64;linux-ppc64le
                           RuntimePackNamePatterns = Microsoft.AspNetCore.App.Runtime.**RID**
                           TargetingPackVersion = 7.0.20
                           RuntimeFrameworkName = Microsoft.AspNetCore.App
                       Microsoft.AspNetCore.App
                           TargetFramework = net8.0
                           DefaultRuntimeFrameworkVersion = 8.0.0
                           TargetingPackName = Microsoft.AspNetCore.App.Ref
                           LatestRuntimeFrameworkVersion = 8.0.23
                           RuntimePackExcludedRuntimeIdentifiers = android;linux-bionic
                           RuntimePackRuntimeIdentifiers = win-x64;win-x86;osx-x64;linux-musl-x64;linux-musl-arm64;linux-x64;linux-arm;linux-arm64;linux-musl-arm;win-arm64;osx-arm64;linux-s390x;linux-loongarch64;linux-ppc64le;freebsd-x64;freebsd-arm64
                           RuntimePackNamePatterns = Microsoft.AspNetCore.App.Runtime.**RID**
                           TargetingPackVersion = 8.0.23
                           RuntimeFrameworkName = Microsoft.AspNetCore.App
                       Microsoft.NETCore.App
                           TargetFramework = net10.0
                           DefaultRuntimeFrameworkVersion = 10.0.0
                           TargetingPackName = Microsoft.NETCore.App.Ref
                           LatestRuntimeFrameworkVersion = 10.0.2
                           RuntimePackRuntimeIdentifiers = linux-arm;linux-arm64;linux-musl-arm64;linux-musl-x64;linux-x64;osx-x64;tizen.4.0.0-armel;tizen.5.0.0-armel;win-arm64;win-x64;win-x86;linux-musl-arm;osx-arm64;linux-s390x;linux-loongarch64;linux-bionic-arm;linux-bionic-arm64;linux-bionic-x64;linux-bionic-x86;linux-ppc64le;freebsd-x64;freebsd-arm64;linux-riscv64;linux-musl-riscv64;linux-musl-loongarch64;android-arm64;android-x64
                           RuntimePackNamePatterns = Microsoft.NETCore.App.Runtime.**RID**
                           TargetingPackVersion = 10.0.2
                           RuntimeFrameworkName = Microsoft.NETCore.App
                       Microsoft.NETCore.App
                           TargetFramework = netcoreapp3.0
                           DefaultRuntimeFrameworkVersion = 3.0.0
                           TargetingPackName = Microsoft.NETCore.App.Ref
                           LatestRuntimeFrameworkVersion = 3.0.3
                           RuntimePackRuntimeIdentifiers = linux-arm;linux-arm64;linux-musl-arm64;linux-musl-x64;linux-x64;osx-x64;tizen.4.0.0-armel;tizen.5.0.0-armel;win-arm;win-arm64;win-x64;win-x86
                           RuntimePackNamePatterns = Microsoft.NETCore.App.Runtime.**RID**
                           TargetingPackVersion = 3.0.0
                           IsTrimmable = true
                           RuntimeFrameworkName = Microsoft.NETCore.App
                       Microsoft.NETCore.App
                           TargetFramework = netcoreapp3.1
                           DefaultRuntimeFrameworkVersion = 3.1.0
                           TargetingPackName = Microsoft.NETCore.App.Ref
                           LatestRuntimeFrameworkVersion = 3.1.32
                           RuntimePackRuntimeIdentifiers = linux-arm;linux-arm64;linux-musl-arm64;linux-musl-x64;linux-x64;osx-x64;tizen.4.0.0-armel;tizen.5.0.0-armel;win-arm;win-arm64;win-x64;win-x86
                           RuntimePackNamePatterns = Microsoft.NETCore.App.Runtime.**RID**
                           TargetingPackVersion = 3.1.0
                           IsTrimmable = true
                           RuntimeFrameworkName = Microsoft.NETCore.App
                       Microsoft.NETCore.App
                           TargetFramework = net5.0
                           DefaultRuntimeFrameworkVersion = 5.0.0
                           TargetingPackName = Microsoft.NETCore.App.Ref
                           LatestRuntimeFrameworkVersion = 5.0.17
                           RuntimePackRuntimeIdentifiers = linux-arm;linux-arm64;linux-musl-arm64;linux-musl-x64;linux-x64;osx-x64;tizen.4.0.0-armel;tizen.5.0.0-armel;win-arm;win-arm64;win-x64;win-x86;linux-musl-arm;browser-wasm
                           RuntimePackNamePatterns = Microsoft.NETCore.App.Runtime.**RID**
                           TargetingPackVersion = 5.0.0
                           IsTrimmable = true
                           RuntimeFrameworkName = Microsoft.NETCore.App
                       Microsoft.NETCore.App
                           TargetFramework = net7.0
                           DefaultRuntimeFrameworkVersion = 7.0.0
                           TargetingPackName = Microsoft.NETCore.App.Ref
                           LatestRuntimeFrameworkVersion = 7.0.20
                           RuntimePackRuntimeIdentifiers = linux-arm;linux-arm64;linux-musl-arm64;linux-musl-x64;linux-x64;osx-x64;tizen.4.0.0-armel;tizen.5.0.0-armel;win-arm;win-arm64;win-x64;win-x86;linux-musl-arm;osx-arm64;linux-s390x;linux-loongarch64;linux-bionic-arm;linux-bionic-arm64;linux-bionic-x64;linux-bionic-x86;linux-ppc64le
                           RuntimePackNamePatterns = Microsoft.NETCore.App.Runtime.**RID**
                           TargetingPackVersion = 7.0.20
                           RuntimeFrameworkName = Microsoft.NETCore.App
                       Microsoft.NETCore.App
                           TargetFramework = net6.0
                           DefaultRuntimeFrameworkVersion = 6.0.0
                           TargetingPackName = Microsoft.NETCore.App.Ref
                           LatestRuntimeFrameworkVersion = 6.0.36
                           RuntimePackRuntimeIdentifiers = linux-arm;linux-arm64;linux-musl-arm64;linux-musl-x64;linux-x64;osx-x64;tizen.4.0.0-armel;tizen.5.0.0-armel;win-arm;win-arm64;win-x64;win-x86;linux-musl-arm;osx-arm64;linux-s390x;linux-loongarch64
                           RuntimePackNamePatterns = Microsoft.NETCore.App.Runtime.**RID**
                           TargetingPackVersion = 6.0.36
                           RuntimeFrameworkName = Microsoft.NETCore.App
                       Microsoft.NETCore.App
                           TargetFramework = net8.0
                           DefaultRuntimeFrameworkVersion = 8.0.0
                           TargetingPackName = Microsoft.NETCore.App.Ref
                           LatestRuntimeFrameworkVersion = 8.0.23
                           RuntimePackRuntimeIdentifiers = linux-arm;linux-arm64;linux-musl-arm64;linux-musl-x64;linux-x64;osx-x64;tizen.4.0.0-armel;tizen.5.0.0-armel;win-arm64;win-x64;win-x86;linux-musl-arm;osx-arm64;linux-s390x;linux-loongarch64;linux-bionic-arm;linux-bionic-arm64;linux-bionic-x64;linux-bionic-x86;linux-ppc64le;freebsd-x64;freebsd-arm64
                           RuntimePackNamePatterns = Microsoft.NETCore.App.Runtime.**RID**
                           TargetingPackVersion = 8.0.23
                           RuntimeFrameworkName = Microsoft.NETCore.App
                       Microsoft.NETCore.App
                           TargetFramework = net9.0
                           DefaultRuntimeFrameworkVersion = 9.0.0
                           TargetingPackName = Microsoft.NETCore.App.Ref
                           LatestRuntimeFrameworkVersion = 9.0.12
                           RuntimePackRuntimeIdentifiers = linux-arm;linux-arm64;linux-musl-arm64;linux-musl-x64;linux-x64;osx-x64;tizen.4.0.0-armel;tizen.5.0.0-armel;win-arm64;win-x64;win-x86;linux-musl-arm;osx-arm64;linux-s390x;linux-loongarch64;linux-bionic-arm;linux-bionic-arm64;linux-bionic-x64;linux-bionic-x86;linux-ppc64le;freebsd-x64;freebsd-arm64;linux-riscv64;linux-musl-riscv64;linux-musl-loongarch64
                           RuntimePackNamePatterns = Microsoft.NETCore.App.Runtime.**RID**
                           TargetingPackVersion = 9.0.12
                           RuntimeFrameworkName = Microsoft.NETCore.App
                       Microsoft.WindowsDesktop.App
                           TargetFramework = net8.0
                           DefaultRuntimeFrameworkVersion = 8.0.0
                           TargetingPackName = Microsoft.WindowsDesktop.App.Ref
                           IsWindowsOnly = true
                           LatestRuntimeFrameworkVersion = 8.0.23
                           RuntimePackRuntimeIdentifiers = win-x64;win-x86;win-arm64
                           RuntimePackNamePatterns = Microsoft.WindowsDesktop.App.Runtime.**RID**
                           TargetingPackVersion = 8.0.23
                           RuntimeFrameworkName = Microsoft.WindowsDesktop.App
                       Microsoft.WindowsDesktop.App
                           TargetFramework = net7.0
                           DefaultRuntimeFrameworkVersion = 7.0.0
                           TargetingPackName = Microsoft.WindowsDesktop.App.Ref
                           IsWindowsOnly = true
                           LatestRuntimeFrameworkVersion = 7.0.20
                           RuntimePackRuntimeIdentifiers = win-x64;win-x86;win-arm64
                           RuntimePackNamePatterns = Microsoft.WindowsDesktop.App.Runtime.**RID**
                           TargetingPackVersion = 7.0.20
                           RuntimeFrameworkName = Microsoft.WindowsDesktop.App
                       Microsoft.WindowsDesktop.App
                           TargetFramework = netcoreapp3.1
                           DefaultRuntimeFrameworkVersion = 3.1.0
                           TargetingPackName = Microsoft.WindowsDesktop.App.Ref
                           IsWindowsOnly = true
                           LatestRuntimeFrameworkVersion = 3.1.32
                           RuntimePackRuntimeIdentifiers = win-x64;win-x86
                           RuntimePackNamePatterns = Microsoft.WindowsDesktop.App.Runtime.**RID**
                           TargetingPackVersion = 3.1.0
                           RuntimeFrameworkName = Microsoft.WindowsDesktop.App
                       Microsoft.WindowsDesktop.App
                           TargetFramework = net6.0
                           DefaultRuntimeFrameworkVersion = 6.0.0
                           TargetingPackName = Microsoft.WindowsDesktop.App.Ref
                           IsWindowsOnly = true
                           LatestRuntimeFrameworkVersion = 6.0.36
                           RuntimePackRuntimeIdentifiers = win-x64;win-x86;win-arm64
                           RuntimePackNamePatterns = Microsoft.WindowsDesktop.App.Runtime.**RID**
                           TargetingPackVersion = 6.0.36
                           RuntimeFrameworkName = Microsoft.WindowsDesktop.App
                       Microsoft.WindowsDesktop.App
                           TargetFramework = net10.0
                           DefaultRuntimeFrameworkVersion = 10.0.0
                           TargetingPackName = Microsoft.WindowsDesktop.App.Ref
                           IsWindowsOnly = true
                           LatestRuntimeFrameworkVersion = 10.0.2
                           RuntimePackRuntimeIdentifiers = win-x64;win-x86;win-arm64
                           RuntimePackNamePatterns = Microsoft.WindowsDesktop.App.Runtime.**RID**
                           TargetingPackVersion = 10.0.2
                           RuntimeFrameworkName = Microsoft.WindowsDesktop.App
                       Microsoft.WindowsDesktop.App
                           TargetFramework = netcoreapp3.0
                           DefaultRuntimeFrameworkVersion = 3.0.0
                           TargetingPackName = Microsoft.WindowsDesktop.App.Ref
                           IsWindowsOnly = true
                           LatestRuntimeFrameworkVersion = 3.0.3
                           RuntimePackRuntimeIdentifiers = win-x64;win-x86
                           RuntimePackNamePatterns = Microsoft.WindowsDesktop.App.Runtime.**RID**
                           TargetingPackVersion = 3.0.0
                           RuntimeFrameworkName = Microsoft.WindowsDesktop.App
                       Microsoft.WindowsDesktop.App
                           TargetFramework = net9.0
                           DefaultRuntimeFrameworkVersion = 9.0.0
                           TargetingPackName = Microsoft.WindowsDesktop.App.Ref
                           IsWindowsOnly = true
                           LatestRuntimeFrameworkVersion = 9.0.12
                           RuntimePackRuntimeIdentifiers = win-x64;win-x86;win-arm64
                           RuntimePackNamePatterns = Microsoft.WindowsDesktop.App.Runtime.**RID**
                           TargetingPackVersion = 9.0.12
                           RuntimeFrameworkName = Microsoft.WindowsDesktop.App
                       Microsoft.WindowsDesktop.App
                           TargetFramework = net5.0
                           DefaultRuntimeFrameworkVersion = 5.0.0
                           TargetingPackName = Microsoft.WindowsDesktop.App.Ref
                           IsWindowsOnly = true
                           LatestRuntimeFrameworkVersion = 5.0.17
                           RuntimePackRuntimeIdentifiers = win-x64;win-x86;win-arm64
                           RuntimePackNamePatterns = Microsoft.WindowsDesktop.App.Runtime.**RID**
                           TargetingPackVersion = 5.0.0
                           RuntimeFrameworkName = Microsoft.WindowsDesktop.App
                       Microsoft.WindowsDesktop.App.WindowsForms
                           TargetFramework = net6.0
                           DefaultRuntimeFrameworkVersion = 6.0.0
                           TargetingPackName = Microsoft.WindowsDesktop.App.Ref
                           IsWindowsOnly = true
                           LatestRuntimeFrameworkVersion = 6.0.36
                           RuntimePackRuntimeIdentifiers = win-x64;win-x86;win-arm64
                           RuntimePackNamePatterns = Microsoft.WindowsDesktop.App.Runtime.**RID**
                           TargetingPackVersion = 6.0.36
                           Profile = WindowsForms
                           RuntimeFrameworkName = Microsoft.WindowsDesktop.App
                       Microsoft.WindowsDesktop.App.WindowsForms
                           TargetFramework = net10.0
                           DefaultRuntimeFrameworkVersion = 10.0.0
                           TargetingPackName = Microsoft.WindowsDesktop.App.Ref
                           IsWindowsOnly = true
                           LatestRuntimeFrameworkVersion = 10.0.2
                           RuntimePackRuntimeIdentifiers = win-x64;win-x86;win-arm64
                           RuntimePackNamePatterns = Microsoft.WindowsDesktop.App.Runtime.**RID**
                           TargetingPackVersion = 10.0.2
                           Profile = WindowsForms
                           RuntimeFrameworkName = Microsoft.WindowsDesktop.App
                       Microsoft.WindowsDesktop.App.WindowsForms
                           TargetFramework = net5.0
                           DefaultRuntimeFrameworkVersion = 5.0.0
                           TargetingPackName = Microsoft.WindowsDesktop.App.Ref
                           IsWindowsOnly = true
                           LatestRuntimeFrameworkVersion = 5.0.17
                           RuntimePackRuntimeIdentifiers = win-x64;win-x86;win-arm64
                           RuntimePackNamePatterns = Microsoft.WindowsDesktop.App.Runtime.**RID**
                           TargetingPackVersion = 5.0.0
                           Profile = WindowsForms
                           RuntimeFrameworkName = Microsoft.WindowsDesktop.App
                       Microsoft.WindowsDesktop.App.WindowsForms
                           TargetFramework = netcoreapp3.1
                           DefaultRuntimeFrameworkVersion = 3.1.0
                           TargetingPackName = Microsoft.WindowsDesktop.App.Ref
                           IsWindowsOnly = true
                           LatestRuntimeFrameworkVersion = 3.1.32
                           RuntimePackRuntimeIdentifiers = win-x64;win-x86
                           RuntimePackNamePatterns = Microsoft.WindowsDesktop.App.Runtime.**RID**
                           TargetingPackVersion = 3.1.0
                           Profile = WindowsForms
                           RuntimeFrameworkName = Microsoft.WindowsDesktop.App
                       Microsoft.WindowsDesktop.App.WindowsForms
                           TargetFramework = net9.0
                           DefaultRuntimeFrameworkVersion = 9.0.0
                           TargetingPackName = Microsoft.WindowsDesktop.App.Ref
                           IsWindowsOnly = true
                           LatestRuntimeFrameworkVersion = 9.0.12
                           RuntimePackRuntimeIdentifiers = win-x64;win-x86;win-arm64
                           RuntimePackNamePatterns = Microsoft.WindowsDesktop.App.Runtime.**RID**
                           TargetingPackVersion = 9.0.12
                           Profile = WindowsForms
                           RuntimeFrameworkName = Microsoft.WindowsDesktop.App
                       Microsoft.WindowsDesktop.App.WindowsForms
                           TargetFramework = net7.0
                           DefaultRuntimeFrameworkVersion = 7.0.0
                           TargetingPackName = Microsoft.WindowsDesktop.App.Ref
                           IsWindowsOnly = true
                           LatestRuntimeFrameworkVersion = 7.0.20
                           RuntimePackRuntimeIdentifiers = win-x64;win-x86;win-arm64
                           RuntimePackNamePatterns = Microsoft.WindowsDesktop.App.Runtime.**RID**
                           TargetingPackVersion = 7.0.20
                           Profile = WindowsForms
                           RuntimeFrameworkName = Microsoft.WindowsDesktop.App
                       Microsoft.WindowsDesktop.App.WindowsForms
                           TargetFramework = netcoreapp3.0
                           DefaultRuntimeFrameworkVersion = 3.0.0
                           TargetingPackName = Microsoft.WindowsDesktop.App.Ref
                           IsWindowsOnly = true
                           LatestRuntimeFrameworkVersion = 3.0.3
                           RuntimePackRuntimeIdentifiers = win-x64;win-x86
                           RuntimePackNamePatterns = Microsoft.WindowsDesktop.App.Runtime.**RID**
                           TargetingPackVersion = 3.0.0
                           Profile = WindowsForms
                           RuntimeFrameworkName = Microsoft.WindowsDesktop.App
                       Microsoft.WindowsDesktop.App.WindowsForms
                           TargetFramework = net8.0
                           DefaultRuntimeFrameworkVersion = 8.0.0
                           TargetingPackName = Microsoft.WindowsDesktop.App.Ref
                           IsWindowsOnly = true
                           LatestRuntimeFrameworkVersion = 8.0.23
                           RuntimePackRuntimeIdentifiers = win-x64;win-x86;win-arm64
                           RuntimePackNamePatterns = Microsoft.WindowsDesktop.App.Runtime.**RID**
                           TargetingPackVersion = 8.0.23
                           Profile = WindowsForms
                           RuntimeFrameworkName = Microsoft.WindowsDesktop.App
                       Microsoft.WindowsDesktop.App.WPF
                           TargetFramework = netcoreapp3.0
                           DefaultRuntimeFrameworkVersion = 3.0.0
                           TargetingPackName = Microsoft.WindowsDesktop.App.Ref
                           IsWindowsOnly = true
                           LatestRuntimeFrameworkVersion = 3.0.3
                           RuntimePackRuntimeIdentifiers = win-x64;win-x86
                           RuntimePackNamePatterns = Microsoft.WindowsDesktop.App.Runtime.**RID**
                           TargetingPackVersion = 3.0.0
                           Profile = WPF
                           RuntimeFrameworkName = Microsoft.WindowsDesktop.App
                       Microsoft.WindowsDesktop.App.WPF
                           TargetFramework = net8.0
                           DefaultRuntimeFrameworkVersion = 8.0.0
                           TargetingPackName = Microsoft.WindowsDesktop.App.Ref
                           IsWindowsOnly = true
                           LatestRuntimeFrameworkVersion = 8.0.23
                           RuntimePackRuntimeIdentifiers = win-x64;win-x86;win-arm64
                           RuntimePackNamePatterns = Microsoft.WindowsDesktop.App.Runtime.**RID**
                           TargetingPackVersion = 8.0.23
                           Profile = WPF
                           RuntimeFrameworkName = Microsoft.WindowsDesktop.App
                       Microsoft.WindowsDesktop.App.WPF
                           TargetFramework = net5.0
                           DefaultRuntimeFrameworkVersion = 5.0.0
                           TargetingPackName = Microsoft.WindowsDesktop.App.Ref
                           IsWindowsOnly = true
                           LatestRuntimeFrameworkVersion = 5.0.17
                           RuntimePackRuntimeIdentifiers = win-x64;win-x86;win-arm64
                           RuntimePackNamePatterns = Microsoft.WindowsDesktop.App.Runtime.**RID**
                           TargetingPackVersion = 5.0.0
                           Profile = WPF
                           RuntimeFrameworkName = Microsoft.WindowsDesktop.App
                       Microsoft.WindowsDesktop.App.WPF
                           TargetFramework = netcoreapp3.1
                           DefaultRuntimeFrameworkVersion = 3.1.0
                           TargetingPackName = Microsoft.WindowsDesktop.App.Ref
                           IsWindowsOnly = true
                           LatestRuntimeFrameworkVersion = 3.1.32
                           RuntimePackRuntimeIdentifiers = win-x64;win-x86
                           RuntimePackNamePatterns = Microsoft.WindowsDesktop.App.Runtime.**RID**
                           TargetingPackVersion = 3.1.0
                           Profile = WPF
                           RuntimeFrameworkName = Microsoft.WindowsDesktop.App
                       Microsoft.WindowsDesktop.App.WPF
                           TargetFramework = net9.0
                           DefaultRuntimeFrameworkVersion = 9.0.0
                           TargetingPackName = Microsoft.WindowsDesktop.App.Ref
                           IsWindowsOnly = true
                           LatestRuntimeFrameworkVersion = 9.0.12
                           RuntimePackRuntimeIdentifiers = win-x64;win-x86;win-arm64
                           RuntimePackNamePatterns = Microsoft.WindowsDesktop.App.Runtime.**RID**
                           TargetingPackVersion = 9.0.12
                           Profile = WPF
                           RuntimeFrameworkName = Microsoft.WindowsDesktop.App
                       Microsoft.WindowsDesktop.App.WPF
                           TargetFramework = net6.0
                           DefaultRuntimeFrameworkVersion = 6.0.0
                           TargetingPackName = Microsoft.WindowsDesktop.App.Ref
                           IsWindowsOnly = true
                           LatestRuntimeFrameworkVersion = 6.0.36
                           RuntimePackRuntimeIdentifiers = win-x64;win-x86;win-arm64
                           RuntimePackNamePatterns = Microsoft.WindowsDesktop.App.Runtime.**RID**
                           TargetingPackVersion = 6.0.36
                           Profile = WPF
                           RuntimeFrameworkName = Microsoft.WindowsDesktop.App
                       Microsoft.WindowsDesktop.App.WPF
                           TargetFramework = net7.0
                           DefaultRuntimeFrameworkVersion = 7.0.0
                           TargetingPackName = Microsoft.WindowsDesktop.App.Ref
                           IsWindowsOnly = true
                           LatestRuntimeFrameworkVersion = 7.0.20
                           RuntimePackRuntimeIdentifiers = win-x64;win-x86;win-arm64
                           RuntimePackNamePatterns = Microsoft.WindowsDesktop.App.Runtime.**RID**
                           TargetingPackVersion = 7.0.20
                           Profile = WPF
                           RuntimeFrameworkName = Microsoft.WindowsDesktop.App
                       Microsoft.WindowsDesktop.App.WPF
                           TargetFramework = net10.0
                           DefaultRuntimeFrameworkVersion = 10.0.0
                           TargetingPackName = Microsoft.WindowsDesktop.App.Ref
                           IsWindowsOnly = true
                           LatestRuntimeFrameworkVersion = 10.0.2
                           RuntimePackRuntimeIdentifiers = win-x64;win-x86;win-arm64
                           RuntimePackNamePatterns = Microsoft.WindowsDesktop.App.Runtime.**RID**
                           TargetingPackVersion = 10.0.2
                           Profile = WPF
                           RuntimeFrameworkName = Microsoft.WindowsDesktop.App
                       NETStandard.Library
                           TargetFramework = netstandard2.1
                           TargetingPackName = NETStandard.Library.Ref
                           TargetingPackVersion = 2.1.0
                   KnownILCompilerPack
                       Microsoft.DotNet.ILCompiler
                           ILCompilerPackNamePattern = runtime.**RID**.Microsoft.DotNet.ILCompiler
                           ILCompilerRuntimePackNamePattern = Microsoft.NETCore.App.Runtime.NativeAOT.**RID**
                           TargetFramework = net10.0
                           ILCompilerPackVersion = 10.0.2
                           ILCompilerRuntimeIdentifiers = linux-arm64;linux-musl-arm64;linux-musl-x64;linux-x64;win-arm64;win-x64;osx-x64;osx-arm64;freebsd-x64;freebsd-arm64;linux-arm;linux-musl-arm;linux-loongarch64;linux-musl-loongarch64;win-x86;linux-riscv64;linux-musl-riscv64
                           ILCompilerPortableRuntimeIdentifiers = linux-arm64;linux-musl-arm64;linux-musl-x64;linux-x64;win-arm64;win-x64;osx-x64;osx-arm64;freebsd-x64;freebsd-arm64;linux-arm;linux-musl-arm;linux-loongarch64;linux-musl-loongarch64;win-x86;linux-riscv64;linux-musl-riscv64
                       Microsoft.DotNet.ILCompiler
                           ILCompilerPackNamePattern = runtime.**RID**.Microsoft.DotNet.ILCompiler
                           TargetFramework = net9.0
                           ILCompilerPackVersion = 9.0.12
                           ILCompilerRuntimeIdentifiers = linux-arm64;linux-musl-arm64;linux-musl-x64;linux-x64;win-arm64;win-x64;osx-x64;osx-arm64;freebsd-x64;freebsd-arm64;linux-arm;linux-musl-arm;linux-loongarch64;linux-musl-loongarch64;win-x86
                       Microsoft.DotNet.ILCompiler
                           ILCompilerPackNamePattern = runtime.**RID**.Microsoft.DotNet.ILCompiler
                           TargetFramework = net8.0
                           ILCompilerPackVersion = 8.0.23
                           ILCompilerRuntimeIdentifiers = linux-arm64;linux-musl-arm64;linux-musl-x64;linux-x64;win-arm64;win-x64;osx-x64;osx-arm64;freebsd-x64;freebsd-arm64
                       Microsoft.DotNet.ILCompiler
                           ILCompilerPackNamePattern = runtime.**RID**.Microsoft.DotNet.ILCompiler
                           TargetFramework = net7.0
                           ILCompilerPackVersion = 7.0.20
                           ILCompilerRuntimeIdentifiers = linux-arm64;linux-musl-arm64;linux-musl-x64;linux-x64;win-arm64;win-x64
                   KnownILLinkPack
                       Microsoft.NET.ILLink.Tasks
                           TargetFramework = net10.0
                           ILLinkPackVersion = 10.0.2
                       Microsoft.NET.ILLink.Tasks
                           TargetFramework = net9.0
                           ILLinkPackVersion = 9.0.12
                       Microsoft.NET.ILLink.Tasks
                           TargetFramework = net8.0
                           ILLinkPackVersion = 8.0.23
                       Microsoft.NET.ILLink.Tasks
                           TargetFramework = net7.0
                           ILLinkPackVersion = 7.0.100-1.23211.1
                       Microsoft.NET.ILLink.Tasks
                           TargetFramework = net6.0
                           ILLinkPackVersion = 7.0.100-1.23211.1
                       Microsoft.NET.ILLink.Tasks
                           TargetFramework = net5.0
                           ILLinkPackVersion = 7.0.100-1.23211.1
                       Microsoft.NET.ILLink.Tasks
                           TargetFramework = netcoreapp3.1
                           ILLinkPackVersion = 7.0.100-1.23211.1
                       Microsoft.NET.ILLink.Tasks
                           TargetFramework = netcoreapp3.0
                           ILLinkPackVersion = 7.0.100-1.23211.1
                   KnownRuntimePack
                       Microsoft.NETCore.App
                           TargetFramework = net10.0
                           LatestRuntimeFrameworkVersion = 10.0.2
                           RuntimePackRuntimeIdentifiers = ios-arm64;iossimulator-arm64;iossimulator-x64;tvos-arm64;tvossimulator-arm64;tvossimulator-x64;maccatalyst-arm64;maccatalyst-x64;linux-bionic-arm64;linux-bionic-x64;osx-arm64;osx-x64;freebsd-arm64;freebsd-x64;linux-x64;linux-arm;linux-arm64;linux-loongarch64;linux-bionic-arm;linux-musl-x64;linux-musl-arm;linux-musl-arm64;linux-musl-loongarch64;win-x64;win-x86;win-arm64;browser-wasm;wasi-wasm;linux-riscv64;linux-musl-riscv64;android-arm64;android-x64
                           RuntimePackNamePatterns = Microsoft.NETCore.App.Runtime.NativeAOT.**RID**
                           RuntimePackLabels = NativeAOT
                           RuntimeFrameworkName = Microsoft.NETCore.App
                       Microsoft.NETCore.App
                           TargetFramework = net10.0
                           LatestRuntimeFrameworkVersion = 10.0.2
                           RuntimePackRuntimeIdentifiers = linux-arm;linux-arm64;linux-musl-arm64;linux-musl-x64;linux-x64;osx-x64;win-arm64;win-x64;win-x86;linux-musl-arm;osx-arm64;linux-s390x;linux-loongarch64;browser-wasm;ios-arm64;ios-arm;iossimulator-arm64;iossimulator-x64;iossimulator-x86;tvos-arm64;tvossimulator-arm64;tvossimulator-x64;maccatalyst-x64;maccatalyst-arm64;android-arm64;android-arm;android-x64;android-x86;freebsd-x64;freebsd-arm64;wasi-wasm;linux-riscv64;linux-musl-riscv64;linux-loongarch64;linux-musl-loongarch64
                           RuntimePackNamePatterns = Microsoft.NETCore.App.Runtime.Mono.**RID**
                           RuntimePackLabels = Mono
                           RuntimeFrameworkName = Microsoft.NETCore.App
                       Microsoft.NETCore.App
                           TargetFramework = net9.0
                           LatestRuntimeFrameworkVersion = 9.0.12
                           RuntimePackRuntimeIdentifiers = ios-arm64;iossimulator-arm64;iossimulator-x64;tvos-arm64;tvossimulator-arm64;tvossimulator-x64;maccatalyst-arm64;maccatalyst-x64;linux-bionic-arm64;linux-bionic-x64;osx-arm64;osx-x64;freebsd-arm64;freebsd-x64;linux-x64;linux-arm;linux-arm64;linux-loongarch64;linux-bionic-arm;linux-musl-x64;linux-musl-arm;linux-musl-arm64;linux-musl-loongarch64;win-x64;win-x86;win-arm64;browser-wasm;wasi-wasm
                           RuntimePackNamePatterns = Microsoft.NETCore.App.Runtime.NativeAOT.**RID**
                           RuntimePackLabels = NativeAOT
                           RuntimeFrameworkName = Microsoft.NETCore.App
                       Microsoft.NETCore.App
                           TargetFramework = net9.0
                           LatestRuntimeFrameworkVersion = 9.0.12
                           RuntimePackRuntimeIdentifiers = linux-arm;linux-arm64;linux-musl-arm64;linux-musl-x64;linux-x64;osx-x64;win-arm64;win-x64;win-x86;linux-musl-arm;osx-arm64;linux-s390x;linux-loongarch64;browser-wasm;ios-arm64;ios-arm;iossimulator-arm64;iossimulator-x64;iossimulator-x86;tvos-arm64;tvossimulator-arm64;tvossimulator-x64;maccatalyst-x64;maccatalyst-arm64;android-arm64;android-arm;android-x64;android-x86;freebsd-x64;freebsd-arm64;wasi-wasm;linux-riscv64;linux-musl-riscv64;linux-loongarch64;linux-musl-loongarch64
                           RuntimePackNamePatterns = Microsoft.NETCore.App.Runtime.Mono.**RID**
                           RuntimePackLabels = Mono
                           RuntimeFrameworkName = Microsoft.NETCore.App
                       Microsoft.NETCore.App
                           TargetFramework = net8.0
                           LatestRuntimeFrameworkVersion = 8.0.23
                           RuntimePackRuntimeIdentifiers = ios-arm64;iossimulator-arm64;iossimulator-x64;tvos-arm64;tvossimulator-arm64;tvossimulator-x64;maccatalyst-arm64;maccatalyst-x64;linux-bionic-arm64;linux-bionic-x64;osx-arm64;osx-x64;freebsd-arm64;freebsd-x64
                           RuntimePackNamePatterns = Microsoft.NETCore.App.Runtime.NativeAOT.**RID**
                           RuntimePackLabels = NativeAOT
                           RuntimeFrameworkName = Microsoft.NETCore.App
                       Microsoft.NETCore.App
                           TargetFramework = net8.0
                           LatestRuntimeFrameworkVersion = 8.0.23
                           RuntimePackRuntimeIdentifiers = linux-arm;linux-arm64;linux-musl-arm64;linux-musl-x64;linux-x64;osx-x64;win-arm64;win-x64;win-x86;linux-musl-arm;osx-arm64;linux-s390x;linux-loongarch64;browser-wasm;ios-arm64;ios-arm;iossimulator-arm64;iossimulator-x64;iossimulator-x86;tvos-arm64;tvossimulator-arm64;tvossimulator-x64;maccatalyst-x64;maccatalyst-arm64;android-arm64;android-arm;android-x64;android-x86;freebsd-x64;freebsd-arm64;wasi-wasm
                           RuntimePackNamePatterns = Microsoft.NETCore.App.Runtime.Mono.**RID**
                           RuntimePackLabels = Mono
                           RuntimeFrameworkName = Microsoft.NETCore.App
                       Microsoft.NETCore.App
                           TargetFramework = net7.0
                           LatestRuntimeFrameworkVersion = 7.0.20
                           RuntimePackRuntimeIdentifiers = linux-arm;linux-arm64;linux-musl-arm64;linux-musl-x64;linux-x64;osx-x64;win-arm;win-arm64;win-x64;win-x86;linux-musl-arm;osx-arm64;linux-s390x;linux-loongarch64;browser-wasm;ios-arm64;ios-arm;iossimulator-arm64;iossimulator-x64;iossimulator-x86;tvos-arm64;tvossimulator-arm64;tvossimulator-x64;maccatalyst-x64;maccatalyst-arm64;android-arm64;android-arm;android-x64;android-x86
                           RuntimePackNamePatterns = Microsoft.NETCore.App.Runtime.Mono.**RID**
                           RuntimePackLabels = Mono
                           RuntimeFrameworkName = Microsoft.NETCore.App
                       Microsoft.NETCore.App
                           TargetFramework = net6.0
                           LatestRuntimeFrameworkVersion = 6.0.36
                           RuntimePackRuntimeIdentifiers = linux-arm;linux-arm64;linux-musl-arm64;linux-musl-x64;linux-x64;osx-x64;win-arm;win-arm64;win-x64;win-x86;linux-musl-arm;osx-arm64;linux-s390x;linux-loongarch64;browser-wasm;ios-arm64;ios-arm;iossimulator-arm64;iossimulator-x64;iossimulator-x86;tvos-arm64;tvossimulator-arm64;tvossimulator-x64;maccatalyst-x64;maccatalyst-arm64;android-arm64;android-arm;android-x64;android-x86
                           RuntimePackNamePatterns = Microsoft.NETCore.App.Runtime.Mono.**RID**
                           RuntimePackLabels = Mono
                           RuntimeFrameworkName = Microsoft.NETCore.App
                   KnownWebAssemblySdkPack
                       Microsoft.NET.Sdk.WebAssembly.Pack
                           TargetFramework = net10.0
                           WebAssemblySdkPackVersion = 10.0.2
                       Microsoft.NET.Sdk.WebAssembly.Pack
                           TargetFramework = net9.0
                           WebAssemblySdkPackVersion = 10.0.2
                       Microsoft.NET.Sdk.WebAssembly.Pack
                           TargetFramework = net8.0
                           WebAssemblySdkPackVersion = 10.0.2
                       Microsoft.NET.Sdk.WebAssembly.Pack
                           TargetFramework = net7.0
                           WebAssemblySdkPackVersion = 10.0.2
                       Microsoft.NET.Sdk.WebAssembly.Pack
                           TargetFramework = net6.0
                           WebAssemblySdkPackVersion = 10.0.2
                   None
                       Assets\Webp\Guide_Deposit_AUD.webp
                       Infrastructure\Database\Sql\device_command_log.sql
                       Infrastructure\Database\Sql\device_status_log.sql
                       libs\x86\MPOST.dll
                           CopyToOutputDirectory = PreserveNewest
                       libs\x86\MPOST.dll
                           CopyToOutputDirectory = PreserveNewest
                           Link = MPOST.dll
                       libs\x86\Pr22.dll
                           CopyToOutputDirectory = PreserveNewest
                       libs\x86\Pr22.dll
                           CopyToOutputDirectory = PreserveNewest
                           Link = Pr22.dll
                       Properties\launchSettings.json
                       Properties\Settings.settings
                           Generator = SettingsSingleFileGenerator
                           LastGenOutput = Settings.Designer.cs
                       Resources\Fonts\PretendardVariable.ttf
                       symbol.ico
                   PackageConflictOverrides
                       NETStandard.Library
                           OverriddenPackages = 
                           Microsoft.Win32.Primitives|4.3.0;
                           System.AppContext|4.3.0;
                           System.Collections|4.3.0;
                           System.Collections.Concurrent|4.3.0;
                           System.Collections.Immutable|1.4.0;
                           System.Collections.NonGeneric|4.3.0;
                           System.Collections.Specialized|4.3.0;
                           System.ComponentModel|4.3.0;
                           System.ComponentModel.EventBasedAsync|4.3.0;
                           System.ComponentModel.Primitives|4.3.0;
                           System.ComponentModel.TypeConverter|4.3.0;
                           System.Console|4.3.0;
                           System.Data.Common|4.3.0;
                           System.Diagnostics.Contracts|4.3.0;
                           System.Diagnostics.Debug|4.3.0;
                           System.Diagnostics.FileVersionInfo|4.3.0;
                           System.Diagnostics.Process|4.3.0;
                           System.Diagnostics.StackTrace|4.3.0;
                           System.Diagnostics.TextWriterTraceListener|4.3.0;
                           System.Diagnostics.Tools|4.3.0;
                           System.Diagnostics.TraceSource|4.3.0;
                           System.Diagnostics.Tracing|4.3.0;
                           System.Dynamic.Runtime|4.3.0;
                           System.Globalization|4.3.0;
                           System.Globalization.Calendars|4.3.0;
                           System.Globalization.Extensions|4.3.0;
                           System.IO|4.3.0;
                           System.IO.Compression|4.3.0;
                           System.IO.Compression.ZipFile|4.3.0;
                           System.IO.FileSystem|4.3.0;
                           System.IO.FileSystem.DriveInfo|4.3.0;
                           System.IO.FileSystem.Primitives|4.3.0;
                           System.IO.FileSystem.Watcher|4.3.0;
                           System.IO.IsolatedStorage|4.3.0;
                           System.IO.MemoryMappedFiles|4.3.0;
                           System.IO.Pipes|4.3.0;
                           System.IO.UnmanagedMemoryStream|4.3.0;
                           System.Linq|4.3.0;
                           System.Linq.Expressions|4.3.0;
                           System.Linq.Queryable|4.3.0;
                           System.Net.Http|4.3.0;
                           System.Net.NameResolution|4.3.0;
                           System.Net.Primitives|4.3.0;
                           System.Net.Requests|4.3.0;
                           System.Net.Security|4.3.0;
                           System.Net.Sockets|4.3.0;
                           System.Net.WebHeaderCollection|4.3.0;
                           System.ObjectModel|4.3.0;
                           System.Private.DataContractSerialization|4.3.0;
                           System.Reflection|4.3.0;
                           System.Reflection.Emit|4.3.0;
                           System.Reflection.Emit.ILGeneration|4.3.0;
                           System.Reflection.Emit.Lightweight|4.3.0;
                           System.Reflection.Extensions|4.3.0;
                           System.Reflection.Primitives|4.3.0;
                           System.Reflection.TypeExtensions|4.3.0;
                           System.Resources.ResourceManager|4.3.0;
                           System.Runtime|4.3.0;
                           System.Runtime.Extensions|4.3.0;
                           System.Runtime.Handles|4.3.0;
                           System.Runtime.InteropServices|4.3.0;
                           System.Runtime.InteropServices.RuntimeInformation|4.3.0;
                           System.Runtime.Loader|4.3.0;
                           System.Runtime.Numerics|4.3.0;
                           System.Runtime.Serialization.Formatters|4.3.0;
                           System.Runtime.Serialization.Json|4.3.0;
                           System.Runtime.Serialization.Primitives|4.3.0;
                           System.Security.AccessControl|4.4.0;
                           System.Security.Claims|4.3.0;
                           System.Security.Cryptography.Algorithms|4.3.0;
                           System.Security.Cryptography.Csp|4.3.0;
                           System.Security.Cryptography.Encoding|4.3.0;
                           System.Security.Cryptography.Primitives|4.3.0;
                           System.Security.Cryptography.X509Certificates|4.3.0;
                           System.Security.Cryptography.Xml|4.4.0;
                           System.Security.Principal|4.3.0;
                           System.Security.Principal.Windows|4.4.0;
                           System.Text.Encoding|4.3.0;
                           System.Text.Encoding.Extensions|4.3.0;
                           System.Text.RegularExpressions|4.3.0;
                           System.Threading|4.3.0;
                           System.Threading.Overlapped|4.3.0;
                           System.Threading.Tasks|4.3.0;
                           System.Threading.Tasks.Extensions|4.3.0;
                           System.Threading.Tasks.Parallel|4.3.0;
                           System.Threading.Thread|4.3.0;
                           System.Threading.ThreadPool|4.3.0;
                           System.Threading.Timer|4.3.0;
                           System.ValueTuple|4.3.0;
                           System.Xml.ReaderWriter|4.3.0;
                           System.Xml.XDocument|4.3.0;
                           System.Xml.XmlDocument|4.3.0;
                           System.Xml.XmlSerializer|4.3.0;
                           System.Xml.XPath|4.3.0;
                           System.Xml.XPath.XDocument|4.3.0;
                         
                   PackageReference
                       CommunityToolkit.Mvvm
                           Version = 8.4.0
                       Lib.Harmony
                           Version = 2.4.1
                       Microsoft.EntityFrameworkCore
                           Version = 9.0.9
                       Microsoft.EntityFrameworkCore.Design
                           Version = 9.0.9
                           PrivateAssets = all
                       Microsoft.Extensions.DependencyInjection
                           Version = 10.0.0-preview.6.25358.103
                       Microsoft.Extensions.Hosting
                           Version = 9.0.9
                       Microsoft.Extensions.Http
                           Version = 10.0.0-preview.6.25358.103
                       MySqlConnector
                           Version = 2.4.0
                       NAudio
                           Version = 2.2.1
                       Newtonsoft.Json
                           Version = 13.0.4
                       Pomelo.EntityFrameworkCore.MySql
                           Version = 9.0.0
                       QRCoder
                           Version = 1.6.0
                       Serilog
                           Version = 4.3.0
                       Serilog.Extensions.Hosting
                           Version = 9.0.0
                       Serilog.Formatting.Compact
                           Version = 3.0.0
                       Serilog.Settings.Configuration
                           Version = 9.0.0
                       Serilog.Sinks.Async
                           Version = 2.1.0
                       Serilog.Sinks.Console
                           Version = 6.0.0
                       Serilog.Sinks.Debug
                           Version = 3.0.0
                       Serilog.Sinks.File
                           Version = 7.0.0
                       Serilog.Sinks.Seq
                           Version = 9.0.0
                       SkiaSharp
                           Version = 2.88.8
                       SkiaSharp.Skottie
                           Version = 2.88.8
                       SkiaSharp.Views.WPF
                           Version = 2.88.8
                       Stateless
                           Version = 5.18.0
                       System.IO.Ports
                           Version = 10.0.0-preview.6.25358.103
                   Page
                       Assets\Language\StringResources.en-US.xaml
                           Generator = MSBuild:Compile
                           XamlRuntime = Wpf
                           SubType = Designer
                           CopyToOutputDirectory = PreserveNewest
                       Assets\Language\StringResources.ja-JP.xaml
                           Generator = MSBuild:Compile
                           XamlRuntime = Wpf
                           SubType = Designer
                           CopyToOutputDirectory = PreserveNewest
                       Assets\Language\StringResources.ko-KR.xaml
                           Generator = MSBuild:Compile
                           XamlRuntime = Wpf
                           SubType = Designer
                           CopyToOutputDirectory = PreserveNewest
                       Assets\Language\StringResources.zh-CN.xaml
                           Generator = MSBuild:Compile
                           XamlRuntime = Wpf
                           SubType = Designer
                       Assets\Language\StringResources.zh-TW.xaml
                           Generator = MSBuild:Compile
                           XamlRuntime = Wpf
                           SubType = Designer
                       Presentation\Features\Common\Pages\Views\FooterView.xaml
                           Generator = MSBuild:Compile
                           XamlRuntime = Wpf
                           SubType = Designer
                       Presentation\Features\Common\Pages\Views\LoadingView.xaml
                           Generator = MSBuild:Compile
                           XamlRuntime = Wpf
                           SubType = Designer
                       Presentation\Features\Environment\Layout\Views\EnvironmentLayoutView.xaml
                           Generator = MSBuild:Compile
                           XamlRuntime = Wpf
                           SubType = Designer
                       Presentation\Features\Environment\Pages\Views\DeviceStatusView.xaml
                           Generator = MSBuild:Compile
                           XamlRuntime = Wpf
                           SubType = Designer
                       Presentation\Features\Environment\Pages\Views\EnvironmentCassetteSettingView.xaml
                           Generator = MSBuild:Compile
                           XamlRuntime = Wpf
                           SubType = Designer
                       Presentation\Features\Environment\Pages\Views\EnvironmentView.xaml
                           Generator = MSBuild:Compile
                           XamlRuntime = Wpf
                           SubType = Designer
                       Presentation\Features\Environment\Pages\Views\ResxLocalizationTestView.xaml
                           Generator = MSBuild:Compile
                           XamlRuntime = Wpf
                           SubType = Designer
                       Presentation\Features\Exchange\Layout\Views\ExchangeLayoutView.xaml
                           Generator = MSBuild:Compile
                           XamlRuntime = Wpf
                           SubType = Designer
                       Presentation\Features\Exchange\Pages\Views\ExchangeCompleteView.xaml
                           Generator = MSBuild:Compile
                           XamlRuntime = Wpf
                           SubType = Designer
                       Presentation\Features\Exchange\Pages\Views\ExchangeCurrencyView.xaml
                           Generator = MSBuild:Compile
                           XamlRuntime = Wpf
                           SubType = Designer
                       Presentation\Features\Exchange\Pages\Views\ExchangeDepositView.xaml
                           Generator = MSBuild:Compile
                           XamlRuntime = Wpf
                           SubType = Designer
                       Presentation\Features\Exchange\Pages\Views\ExchangeIDScanCompleteView.xaml
                           Generator = MSBuild:Compile
                           XamlRuntime = Wpf
                           SubType = Designer
                       Presentation\Features\Exchange\Pages\Views\ExchangeIDScanConsentView.xaml
                           Generator = MSBuild:Compile
                           XamlRuntime = Wpf
                           SubType = Designer
                       Presentation\Features\Exchange\Pages\Views\ExchangeIDScanGuideView.xaml
                           Generator = MSBuild:Compile
                           XamlRuntime = Wpf
                           SubType = Designer
                       Presentation\Features\Exchange\Pages\Views\ExchangeIDScanProcessView.xaml
                           Generator = MSBuild:Compile
                           XamlRuntime = Wpf
                           SubType = Designer
                       Presentation\Features\Exchange\Pages\Views\ExchangeLanguageView.xaml
                           Generator = MSBuild:Compile
                           XamlRuntime = Wpf
                           SubType = Designer
                       Presentation\Features\Exchange\Pages\Views\ExchangeResultView.xaml
                           Generator = MSBuild:Compile
                           XamlRuntime = Wpf
                           SubType = Designer
                       Presentation\Features\Exchange\Pages\Views\ExchangeWithdrawalView.xaml
                           Generator = MSBuild:Compile
                           XamlRuntime = Wpf
                           SubType = Designer
                       Presentation\Features\Exchange\Popup\Views\ExchangePopupIDScanInfoView.xaml
                           Generator = MSBuild:Compile
                           XamlRuntime = Wpf
                           SubType = Designer
                       Presentation\Features\Exchange\Popup\Views\ExchangePopupTermsView.xaml
                           Generator = MSBuild:Compile
                           XamlRuntime = Wpf
                           SubType = Designer
                       Presentation\Features\Exchange\Popup\Views\PopupWindow.xaml
                           Generator = MSBuild:Compile
                           XamlRuntime = Wpf
                           SubType = Designer
                       Presentation\Features\ExchangeV2\Layout\Views\ExchangeV2FlowHeaderView.xaml
                           Generator = MSBuild:Compile
                           XamlRuntime = Wpf
                           SubType = Designer
                       Presentation\Features\ExchangeV2\Layout\Views\ExchangeV2LayoutView.xaml
                           Generator = MSBuild:Compile
                           XamlRuntime = Wpf
                           SubType = Designer
                       Presentation\Features\ExchangeV2\Pages\Views\ExchangeV2DepositView.xaml
                           Generator = MSBuild:Compile
                           XamlRuntime = Wpf
                           SubType = Designer
                       Presentation\Features\ExchangeV2\Pages\Views\ExchangeV2ExchangeCurrencySelectView.xaml
                           Generator = MSBuild:Compile
                           XamlRuntime = Wpf
                           SubType = Designer
                       Presentation\Features\ExchangeV2\Pages\Views\ExchangeV2ExchangeMethodSelectView.xaml
                           Generator = MSBuild:Compile
                           XamlRuntime = Wpf
                           SubType = Designer
                       Presentation\Features\ExchangeV2\Pages\Views\ExchangeV2ExchangeTypeSelectView.xaml
                           Generator = MSBuild:Compile
                           XamlRuntime = Wpf
                           SubType = Designer
                       Presentation\Features\ExchangeV2\Pages\Views\ExchangeV2IdScanCompleteView.xaml
                           Generator = MSBuild:Compile
                           XamlRuntime = Wpf
                           SubType = Designer
                       Presentation\Features\ExchangeV2\Pages\Views\ExchangeV2IdScanConsentView.xaml
                           Generator = MSBuild:Compile
                           XamlRuntime = Wpf
                           SubType = Designer
                       Presentation\Features\ExchangeV2\Pages\Views\ExchangeV2IdScanProcessView.xaml
                           Generator = MSBuild:Compile
                           XamlRuntime = Wpf
                           SubType = Designer
                       Presentation\Features\ExchangeV2\Pages\Views\ExchangeV2LanguageSelectView.xaml
                           Generator = MSBuild:Compile
                           XamlRuntime = Wpf
                           SubType = Designer
                       Presentation\Features\ExchangeV2\Popup\Views\ExchangeV2IdScanFailedPopupView.xaml
                           Generator = MSBuild:Compile
                           XamlRuntime = Wpf
                           SubType = Designer
                       Presentation\Features\ExchangeV2\Popup\Views\ExchangeV2TermsPopupView.xaml
                           Generator = MSBuild:Compile
                           XamlRuntime = Wpf
                           SubType = Designer
                       Presentation\Features\ExchangeV2\Templates\ExchangeV2Templates.xaml
                           Generator = MSBuild:Compile
                           XamlRuntime = Wpf
                           SubType = Designer
                       Presentation\Features\GTF\Layout\Views\GtfLayoutView.xaml
                           Generator = MSBuild:Compile
                           XamlRuntime = Wpf
                           SubType = Designer
                       Presentation\Features\GTF\Pages\Views\GtfAlipayAccountSelect.xaml
                           Generator = MSBuild:Compile
                           XamlRuntime = Wpf
                           SubType = Designer
                       Presentation\Features\GTF\Pages\Views\GtfAlipayGuideView.xaml
                           Generator = MSBuild:Compile
                           XamlRuntime = Wpf
                           SubType = Designer
                       Presentation\Features\GTF\Pages\Views\GtfAlipayRegisterView.xaml
                           Generator = MSBuild:Compile
                           XamlRuntime = Wpf
                           SubType = Designer
                       Presentation\Features\GTF\Pages\Views\GtfCreditGuideView.xaml
                           Generator = MSBuild:Compile
                           XamlRuntime = Wpf
                           SubType = Designer
                       Presentation\Features\GTF\Pages\Views\GtfCreditRegisterView.xaml
                           Generator = MSBuild:Compile
                           XamlRuntime = Wpf
                           SubType = Designer
                       Presentation\Features\GTF\Pages\Views\GtfIdScanCompleteView.xaml
                           Generator = MSBuild:Compile
                           XamlRuntime = Wpf
                           SubType = Designer
                       Presentation\Features\GTF\Pages\Views\GtfIdScanConsentView.xaml
                           Generator = MSBuild:Compile
                           XamlRuntime = Wpf
                           SubType = Designer
                       Presentation\Features\GTF\Pages\Views\GtfIdScanGuideView.xaml
                           Generator = MSBuild:Compile
                           XamlRuntime = Wpf
                           SubType = Designer
                       Presentation\Features\GTF\Pages\Views\GtfIdScanProcessView.xaml
                           Generator = MSBuild:Compile
                           XamlRuntime = Wpf
                           SubType = Designer
                       Presentation\Features\GTF\Pages\Views\GtfLanguageSelectView.xaml
                           Generator = MSBuild:Compile
                           XamlRuntime = Wpf
                           SubType = Designer
                       Presentation\Features\GTF\Pages\Views\GtfRefundCompleteView.xaml
                           Generator = MSBuild:Compile
                           XamlRuntime = Wpf
                           SubType = Designer
                       Presentation\Features\GTF\Pages\Views\GtfRefundMethodGuideView.xaml
                           Generator = MSBuild:Compile
                           XamlRuntime = Wpf
                           SubType = Designer
                       Presentation\Features\GTF\Pages\Views\GtfRefundMethodSelectView.xaml
                           Generator = MSBuild:Compile
                           XamlRuntime = Wpf
                           SubType = Designer
                       Presentation\Features\GTF\Pages\Views\GtfRefundSignatureView.xaml
                           Generator = MSBuild:Compile
                           XamlRuntime = Wpf
                           SubType = Designer
                       Presentation\Features\GTF\Pages\Views\GtfRefundVoucherRegisterView.xaml
                           Generator = MSBuild:Compile
                           XamlRuntime = Wpf
                           SubType = Designer
                       Presentation\Features\GTF\Pages\Views\GtfWeChatGuideView.xaml
                           Generator = MSBuild:Compile
                           XamlRuntime = Wpf
                           SubType = Designer
                       Presentation\Features\GTF\Pages\Views\GtfWeChatRegisterGuideView.xaml
                           Generator = MSBuild:Compile
                           XamlRuntime = Wpf
                           SubType = Designer
                       Presentation\Features\GTF\Pages\Views\GtfWeChatRegisterView.xaml
                           Generator = MSBuild:Compile
                           XamlRuntime = Wpf
                           SubType = Designer
                       Presentation\Features\GTF\Popup\Views\GtfTestPopupView.xaml
                           Generator = MSBuild:Compile
                           XamlRuntime = Wpf
                           SubType = Designer
                       Presentation\Features\Menu\Layout\Views\MenuLayoutView.xaml
                           Generator = MSBuild:Compile
                           XamlRuntime = Wpf
                           SubType = Designer
                       Presentation\Features\Menu\Pages\Views\MenuView.xaml
                           Generator = MSBuild:Compile
                           XamlRuntime = Wpf
                           SubType = Designer
                       Presentation\Features\MenuV2\Layout\Views\MenuV2LayoutView.xaml
                           Generator = MSBuild:Compile
                           XamlRuntime = Wpf
                           SubType = Designer
                       Presentation\Features\MenuV2\Pages\Views\MenuV2View.xaml
                           Generator = MSBuild:Compile
                           XamlRuntime = Wpf
                           SubType = Designer
                       Presentation\Features\Startup\Layout\Views\StartupLayoutView.xaml
                           Generator = MSBuild:Compile
                           XamlRuntime = Wpf
                           SubType = Designer
                       Presentation\Features\Startup\Pages\Views\StartupView.xaml
                           Generator = MSBuild:Compile
                           XamlRuntime = Wpf
                           SubType = Designer
                       Presentation\Window\Main\Views\MainWindowView.xaml
                           Generator = MSBuild:Compile
                           XamlRuntime = Wpf
                           SubType = Designer
                       Resources\Colors\Colors.Base.xaml
                           Generator = MSBuild:Compile
                           XamlRuntime = Wpf
                           SubType = Designer
                           CopyToOutputDirectory = Never
                       Resources\Controls\ElipseToggleButton.xaml
                           Generator = MSBuild:Compile
                           XamlRuntime = Wpf
                           SubType = Designer
                       Resources\Controls\IconButton.xaml
                           Generator = MSBuild:Compile
                           XamlRuntime = Wpf
                           SubType = Designer
                       Resources\Controls\RoundButton.xaml
                           Generator = MSBuild:Compile
                           XamlRuntime = Wpf
                           SubType = Designer
                       Resources\Styles\ButtonStyles.xaml
                           Generator = MSBuild:Compile
                           XamlRuntime = Wpf
                           SubType = Designer
                       Resources\Typography\Typography.xaml
                           Generator = MSBuild:Compile
                           XamlRuntime = Wpf
                           SubType = Designer
                   PotentialEditorConfigFiles
                       c:\.editorconfig
                       c:\Users\.editorconfig
                       c:\Users\niaci\.editorconfig
                       c:\Users\niaci\RiderProjects\.editorconfig
                       c:\Users\niaci\RiderProjects\moenybox_devicecontroller\.editorconfig
                       c:\Users\niaci\RiderProjects\moenybox_devicecontroller\KIOSK\.editorconfig
                       c:\Users\niaci\RiderProjects\moenybox_devicecontroller\KIOSK\Application\.editorconfig
                       c:\Users\niaci\RiderProjects\moenybox_devicecontroller\KIOSK\Application\Abstractions\.editorconfig
                       c:\Users\niaci\RiderProjects\moenybox_devicecontroller\KIOSK\Application\Features\.editorconfig
                       c:\Users\niaci\RiderProjects\moenybox_devicecontroller\KIOSK\Application\Features\ExchangeV2\.editorconfig
                       c:\Users\niaci\RiderProjects\moenybox_devicecontroller\KIOSK\Application\Features\ExchangeV2\Orchestration\.editorconfig
                       c:\Users\niaci\RiderProjects\moenybox_devicecontroller\KIOSK\Application\Features\ExchangeV2\Services\.editorconfig
                       c:\Users\niaci\RiderProjects\moenybox_devicecontroller\KIOSK\Application\Features\ExchangeV2\StateMachine\.editorconfig
                       c:\Users\niaci\RiderProjects\moenybox_devicecontroller\KIOSK\Application\Features\ExchangeV2\UseCases\.editorconfig
                       c:\Users\niaci\RiderProjects\moenybox_devicecontroller\KIOSK\Application\Services\.editorconfig
                       c:\Users\niaci\RiderProjects\moenybox_devicecontroller\KIOSK\Application\Services\API\.editorconfig
                       c:\Users\niaci\RiderProjects\moenybox_devicecontroller\KIOSK\Application\Services\BackgroundTasks\.editorconfig
                       c:\Users\niaci\RiderProjects\moenybox_devicecontroller\KIOSK\Application\Services\DataBase\.editorconfig
                       c:\Users\niaci\RiderProjects\moenybox_devicecontroller\KIOSK\Application\Services\Devices\.editorconfig
                       c:\Users\niaci\RiderProjects\moenybox_devicecontroller\KIOSK\Application\Services\Exchange\.editorconfig
                       c:\Users\niaci\RiderProjects\moenybox_devicecontroller\KIOSK\Application\Services\Health\.editorconfig
                       c:\Users\niaci\RiderProjects\moenybox_devicecontroller\KIOSK\Application\Services\Localization\.editorconfig
                       c:\Users\niaci\RiderProjects\moenybox_devicecontroller\KIOSK\Application\Services\Resx\.editorconfig
                       c:\Users\niaci\RiderProjects\moenybox_devicecontroller\KIOSK\Application\Services\Transactions\.editorconfig
                       c:\Users\niaci\RiderProjects\moenybox_devicecontroller\KIOSK\Application\StateMachines\.editorconfig
                       c:\Users\niaci\RiderProjects\moenybox_devicecontroller\KIOSK\CompositionRoot\.editorconfig
                       c:\Users\niaci\RiderProjects\moenybox_devicecontroller\KIOSK\CompositionRoot\Modules\.editorconfig
                       c:\Users\niaci\RiderProjects\moenybox_devicecontroller\KIOSK\Domain\.editorconfig
                       c:\Users\niaci\RiderProjects\moenybox_devicecontroller\KIOSK\Domain\Transactions\.editorconfig
                       c:\Users\niaci\RiderProjects\moenybox_devicecontroller\KIOSK\Infrastructure\.editorconfig
                       c:\Users\niaci\RiderProjects\moenybox_devicecontroller\KIOSK\Infrastructure\API\.editorconfig
                       c:\Users\niaci\RiderProjects\moenybox_devicecontroller\KIOSK\Infrastructure\API\Cems\.editorconfig
                       c:\Users\niaci\RiderProjects\moenybox_devicecontroller\KIOSK\Infrastructure\API\Core\.editorconfig
                       c:\Users\niaci\RiderProjects\moenybox_devicecontroller\KIOSK\Infrastructure\API\Gtf\.editorconfig
                       c:\Users\niaci\RiderProjects\moenybox_devicecontroller\KIOSK\Infrastructure\Cache\.editorconfig
                       c:\Users\niaci\RiderProjects\moenybox_devicecontroller\KIOSK\Infrastructure\Common\.editorconfig
                       c:\Users\niaci\RiderProjects\moenybox_devicecontroller\KIOSK\Infrastructure\Common\Utils\.editorconfig
                       c:\Users\niaci\RiderProjects\moenybox_devicecontroller\KIOSK\Infrastructure\Configuration\.editorconfig
                       c:\Users\niaci\RiderProjects\moenybox_devicecontroller\KIOSK\Infrastructure\Database\.editorconfig
                       c:\Users\niaci\RiderProjects\moenybox_devicecontroller\KIOSK\Infrastructure\Database\Common\.editorconfig
                       c:\Users\niaci\RiderProjects\moenybox_devicecontroller\KIOSK\Infrastructure\Database\Ef\.editorconfig
                       c:\Users\niaci\RiderProjects\moenybox_devicecontroller\KIOSK\Infrastructure\Database\Ef\Entities\.editorconfig
                       c:\Users\niaci\RiderProjects\moenybox_devicecontroller\KIOSK\Infrastructure\Database\Interface\.editorconfig
                       c:\Users\niaci\RiderProjects\moenybox_devicecontroller\KIOSK\Infrastructure\Database\Models\.editorconfig
                       c:\Users\niaci\RiderProjects\moenybox_devicecontroller\KIOSK\Infrastructure\Database\Repositories\.editorconfig
                       c:\Users\niaci\RiderProjects\moenybox_devicecontroller\KIOSK\Infrastructure\Devices\.editorconfig
                       c:\Users\niaci\RiderProjects\moenybox_devicecontroller\KIOSK\Infrastructure\Devices\Adapters\.editorconfig
                       c:\Users\niaci\RiderProjects\moenybox_devicecontroller\KIOSK\Infrastructure\Devices\Control\.editorconfig
                       c:\Users\niaci\RiderProjects\moenybox_devicecontroller\KIOSK\Infrastructure\Devices\Runtime\.editorconfig
                       c:\Users\niaci\RiderProjects\moenybox_devicecontroller\KIOSK\Infrastructure\Devices\Status\.editorconfig
                       c:\Users\niaci\RiderProjects\moenybox_devicecontroller\KIOSK\Infrastructure\Health\.editorconfig
                       c:\Users\niaci\RiderProjects\moenybox_devicecontroller\KIOSK\Infrastructure\Hosting\.editorconfig
                       c:\Users\niaci\RiderProjects\moenybox_devicecontroller\KIOSK\Infrastructure\Hosting\Modules\.editorconfig
                       c:\Users\niaci\RiderProjects\moenybox_devicecontroller\KIOSK\Infrastructure\Initialization\.editorconfig
                       c:\Users\niaci\RiderProjects\moenybox_devicecontroller\KIOSK\Infrastructure\Logging\.editorconfig
                       c:\Users\niaci\RiderProjects\moenybox_devicecontroller\KIOSK\Infrastructure\Media\.editorconfig
                       c:\Users\niaci\RiderProjects\moenybox_devicecontroller\KIOSK\Infrastructure\Network\.editorconfig
                       c:\Users\niaci\RiderProjects\moenybox_devicecontroller\KIOSK\Infrastructure\OCR\.editorconfig
                       c:\Users\niaci\RiderProjects\moenybox_devicecontroller\KIOSK\Infrastructure\OCR\Models\.editorconfig
                       c:\Users\niaci\RiderProjects\moenybox_devicecontroller\KIOSK\Infrastructure\OCR\Providers\.editorconfig
                       c:\Users\niaci\RiderProjects\moenybox_devicecontroller\KIOSK\Infrastructure\OCR\Services\.editorconfig
                       c:\Users\niaci\RiderProjects\moenybox_devicecontroller\KIOSK\Infrastructure\Storage\.editorconfig
                       c:\Users\niaci\RiderProjects\moenybox_devicecontroller\KIOSK\Migrations\.editorconfig
                       c:\Users\niaci\RiderProjects\moenybox_devicecontroller\KIOSK\Presentation\.editorconfig
                       c:\Users\niaci\RiderProjects\moenybox_devicecontroller\KIOSK\Presentation\Abstractions\.editorconfig
                       c:\Users\niaci\RiderProjects\moenybox_devicecontroller\KIOSK\Presentation\Controls\.editorconfig
                       c:\Users\niaci\RiderProjects\moenybox_devicecontroller\KIOSK\Presentation\Features\.editorconfig
                       c:\Users\niaci\RiderProjects\moenybox_devicecontroller\KIOSK\Presentation\Features\Common\.editorconfig
                       c:\Users\niaci\RiderProjects\moenybox_devicecontroller\KIOSK\Presentation\Features\Common\Pages\.editorconfig
                       c:\Users\niaci\RiderProjects\moenybox_devicecontroller\KIOSK\Presentation\Features\Common\Pages\ViewModels\.editorconfig
                       c:\Users\niaci\RiderProjects\moenybox_devicecontroller\KIOSK\Presentation\Features\Common\Pages\Views\.editorconfig
                       c:\Users\niaci\RiderProjects\moenybox_devicecontroller\KIOSK\Presentation\Features\Environment\.editorconfig
                       c:\Users\niaci\RiderProjects\moenybox_devicecontroller\KIOSK\Presentation\Features\Environment\Layout\.editorconfig
                       c:\Users\niaci\RiderProjects\moenybox_devicecontroller\KIOSK\Presentation\Features\Environment\Layout\ViewModels\.editorconfig
                       c:\Users\niaci\RiderProjects\moenybox_devicecontroller\KIOSK\Presentation\Features\Environment\Layout\Views\.editorconfig
                       c:\Users\niaci\RiderProjects\moenybox_devicecontroller\KIOSK\Presentation\Features\Environment\Pages\.editorconfig
                       c:\Users\niaci\RiderProjects\moenybox_devicecontroller\KIOSK\Presentation\Features\Environment\Pages\ViewModels\.editorconfig
                       c:\Users\niaci\RiderProjects\moenybox_devicecontroller\KIOSK\Presentation\Features\Environment\Pages\Views\.editorconfig
                       c:\Users\niaci\RiderProjects\moenybox_devicecontroller\KIOSK\Presentation\Features\Exchange\.editorconfig
                       c:\Users\niaci\RiderProjects\moenybox_devicecontroller\KIOSK\Presentation\Features\Exchange\Flow\.editorconfig
                       c:\Users\niaci\RiderProjects\moenybox_devicecontroller\KIOSK\Presentation\Features\Exchange\Layout\.editorconfig
                       c:\Users\niaci\RiderProjects\moenybox_devicecontroller\KIOSK\Presentation\Features\Exchange\Layout\ViewModels\.editorconfig
                       c:\Users\niaci\RiderProjects\moenybox_devicecontroller\KIOSK\Presentation\Features\Exchange\Layout\Views\.editorconfig
                       c:\Users\niaci\RiderProjects\moenybox_devicecontroller\KIOSK\Presentation\Features\Exchange\Pages\.editorconfig
                       c:\Users\niaci\RiderProjects\moenybox_devicecontroller\KIOSK\Presentation\Features\Exchange\Pages\ViewModels\.editorconfig
                       c:\Users\niaci\RiderProjects\moenybox_devicecontroller\KIOSK\Presentation\Features\Exchange\Pages\Views\.editorconfig
                       c:\Users\niaci\RiderProjects\moenybox_devicecontroller\KIOSK\Presentation\Features\Exchange\Popup\.editorconfig
                       c:\Users\niaci\RiderProjects\moenybox_devicecontroller\KIOSK\Presentation\Features\Exchange\Popup\ViewModels\.editorconfig
                       c:\Users\niaci\RiderProjects\moenybox_devicecontroller\KIOSK\Presentation\Features\Exchange\Popup\Views\.editorconfig
                       c:\Users\niaci\RiderProjects\moenybox_devicecontroller\KIOSK\Presentation\Features\Exchange\Resources\.editorconfig
                       c:\Users\niaci\RiderProjects\moenybox_devicecontroller\KIOSK\Presentation\Features\ExchangeV2\.editorconfig
                       c:\Users\niaci\RiderProjects\moenybox_devicecontroller\KIOSK\Presentation\Features\ExchangeV2\Flow\.editorconfig
                       c:\Users\niaci\RiderProjects\moenybox_devicecontroller\KIOSK\Presentation\Features\ExchangeV2\Layout\.editorconfig
                       c:\Users\niaci\RiderProjects\moenybox_devicecontroller\KIOSK\Presentation\Features\ExchangeV2\Layout\ViewModels\.editorconfig
                       c:\Users\niaci\RiderProjects\moenybox_devicecontroller\KIOSK\Presentation\Features\ExchangeV2\Layout\Views\.editorconfig
                       c:\Users\niaci\RiderProjects\moenybox_devicecontroller\KIOSK\Presentation\Features\ExchangeV2\Pages\.editorconfig
                       c:\Users\niaci\RiderProjects\moenybox_devicecontroller\KIOSK\Presentation\Features\ExchangeV2\Pages\ViewModels\.editorconfig
                       c:\Users\niaci\RiderProjects\moenybox_devicecontroller\KIOSK\Presentation\Features\ExchangeV2\Pages\Views\.editorconfig
                       c:\Users\niaci\RiderProjects\moenybox_devicecontroller\KIOSK\Presentation\Features\ExchangeV2\Popup\.editorconfig
                       c:\Users\niaci\RiderProjects\moenybox_devicecontroller\KIOSK\Presentation\Features\ExchangeV2\Popup\ViewModels\.editorconfig
                       c:\Users\niaci\RiderProjects\moenybox_devicecontroller\KIOSK\Presentation\Features\ExchangeV2\Popup\Views\.editorconfig
                       c:\Users\niaci\RiderProjects\moenybox_devicecontroller\KIOSK\Presentation\Features\GTF\.editorconfig
                       c:\Users\niaci\RiderProjects\moenybox_devicecontroller\KIOSK\Presentation\Features\GTF\Flow\.editorconfig
                       c:\Users\niaci\RiderProjects\moenybox_devicecontroller\KIOSK\Presentation\Features\GTF\Layout\.editorconfig
                       c:\Users\niaci\RiderProjects\moenybox_devicecontroller\KIOSK\Presentation\Features\GTF\Layout\ViewModels\.editorconfig
                       c:\Users\niaci\RiderProjects\moenybox_devicecontroller\KIOSK\Presentation\Features\GTF\Layout\Views\.editorconfig
                       c:\Users\niaci\RiderProjects\moenybox_devicecontroller\KIOSK\Presentation\Features\GTF\Pages\.editorconfig
                       c:\Users\niaci\RiderProjects\moenybox_devicecontroller\KIOSK\Presentation\Features\GTF\Pages\ViewModels\.editorconfig
                       c:\Users\niaci\RiderProjects\moenybox_devicecontroller\KIOSK\Presentation\Features\GTF\Pages\Views\.editorconfig
                       c:\Users\niaci\RiderProjects\moenybox_devicecontroller\KIOSK\Presentation\Features\GTF\Popup\.editorconfig
                       c:\Users\niaci\RiderProjects\moenybox_devicecontroller\KIOSK\Presentation\Features\GTF\Popup\ViewModels\.editorconfig
                       c:\Users\niaci\RiderProjects\moenybox_devicecontroller\KIOSK\Presentation\Features\GTF\Popup\Views\.editorconfig
                       c:\Users\niaci\RiderProjects\moenybox_devicecontroller\KIOSK\Presentation\Features\Menu\.editorconfig
                       c:\Users\niaci\RiderProjects\moenybox_devicecontroller\KIOSK\Presentation\Features\Menu\Layout\.editorconfig
                       c:\Users\niaci\RiderProjects\moenybox_devicecontroller\KIOSK\Presentation\Features\Menu\Layout\ViewModels\.editorconfig
                       c:\Users\niaci\RiderProjects\moenybox_devicecontroller\KIOSK\Presentation\Features\Menu\Layout\Views\.editorconfig
                       c:\Users\niaci\RiderProjects\moenybox_devicecontroller\KIOSK\Presentation\Features\Menu\Pages\.editorconfig
                       c:\Users\niaci\RiderProjects\moenybox_devicecontroller\KIOSK\Presentation\Features\Menu\Pages\ViewModels\.editorconfig
                       c:\Users\niaci\RiderProjects\moenybox_devicecontroller\KIOSK\Presentation\Features\Menu\Pages\Views\.editorconfig
                       c:\Users\niaci\RiderProjects\moenybox_devicecontroller\KIOSK\Presentation\Features\MenuV2\.editorconfig
                       c:\Users\niaci\RiderProjects\moenybox_devicecontroller\KIOSK\Presentation\Features\MenuV2\Layout\.editorconfig
                       c:\Users\niaci\RiderProjects\moenybox_devicecontroller\KIOSK\Presentation\Features\MenuV2\Layout\ViewModels\.editorconfig
                       c:\Users\niaci\RiderProjects\moenybox_devicecontroller\KIOSK\Presentation\Features\MenuV2\Layout\Views\.editorconfig
                       c:\Users\niaci\RiderProjects\moenybox_devicecontroller\KIOSK\Presentation\Features\MenuV2\Pages\.editorconfig
                       c:\Users\niaci\RiderProjects\moenybox_devicecontroller\KIOSK\Presentation\Features\MenuV2\Pages\ViewModels\.editorconfig
                       c:\Users\niaci\RiderProjects\moenybox_devicecontroller\KIOSK\Presentation\Features\MenuV2\Pages\Views\.editorconfig
                       c:\Users\niaci\RiderProjects\moenybox_devicecontroller\KIOSK\Presentation\Features\Startup\.editorconfig
                       c:\Users\niaci\RiderProjects\moenybox_devicecontroller\KIOSK\Presentation\Features\Startup\Layout\.editorconfig
                       c:\Users\niaci\RiderProjects\moenybox_devicecontroller\KIOSK\Presentation\Features\Startup\Layout\ViewModels\.editorconfig
                       c:\Users\niaci\RiderProjects\moenybox_devicecontroller\KIOSK\Presentation\Features\Startup\Layout\Views\.editorconfig
                       c:\Users\niaci\RiderProjects\moenybox_devicecontroller\KIOSK\Presentation\Features\Startup\Pages\.editorconfig
                       c:\Users\niaci\RiderProjects\moenybox_devicecontroller\KIOSK\Presentation\Features\Startup\Pages\ViewModels\.editorconfig
                       c:\Users\niaci\RiderProjects\moenybox_devicecontroller\KIOSK\Presentation\Features\Startup\Pages\Views\.editorconfig
                       c:\Users\niaci\RiderProjects\moenybox_devicecontroller\KIOSK\Presentation\Navigation\.editorconfig
                       c:\Users\niaci\RiderProjects\moenybox_devicecontroller\KIOSK\Presentation\Navigation\Services\.editorconfig
                       c:\Users\niaci\RiderProjects\moenybox_devicecontroller\KIOSK\Presentation\Window\.editorconfig
                       c:\Users\niaci\RiderProjects\moenybox_devicecontroller\KIOSK\Presentation\Window\Main\.editorconfig
                       c:\Users\niaci\RiderProjects\moenybox_devicecontroller\KIOSK\Presentation\Window\Main\ViewModels\.editorconfig
                       c:\Users\niaci\RiderProjects\moenybox_devicecontroller\KIOSK\Presentation\Window\Main\Views\.editorconfig
                       c:\Users\niaci\RiderProjects\moenybox_devicecontroller\KIOSK\Presentation\Window\Services\.editorconfig
                       c:\Users\niaci\RiderProjects\moenybox_devicecontroller\KIOSK\Properties\.editorconfig
                       c:\Users\niaci\RiderProjects\moenybox_devicecontroller\KIOSK\Resources\.editorconfig
                       c:\Users\niaci\RiderProjects\moenybox_devicecontroller\KIOSK\Resources\Controls\.editorconfig
                   PreprocessorValue
                       assemblyname
                           Value = KIOSK
                       filename
                           Value = KIOSK.csproj
                       fullpath
                           Value = c:\Users\niaci\RiderProjects\moenybox_devicecontroller\KIOSK
                       outputfilename
                           Value = KIOSK.dll
                       rootnamespace
                           Value = KIOSK
                   ProjectCapability
                       AllTargetOutputGroups
                       AssemblyReferences
                       COMReferences
                       CrossPlatformExecutable
                       CSharp
                       DeclaredSourceItems
                       GenerateDocumentationFile
                       LanguageService
                       Managed
                       NetSdkOCIImageBuild
                       OutputGroups
                       Pack
                       ProjectReferences
                       ReferencesFolder
                       RelativePathDerivedDefaultNamespace
                       SharedProjectReferences
                       SingleFileGenerators
                       SupportsComputeRunCommand
                       SupportsHotReload
                       UserSourceItems
                       VisualStudioWellKnownOutputGroups
                   ProjectReference
                       ..\KIOSK.Device.Contracts\KIOSK.Device.Contracts.csproj
                           ReferenceSourceTarget = ProjectReference
                           OutputItemType = 
                           Targets = 
                       ..\KIOSK.Device.Runtime\KIOSK.Device.Runtime.csproj
                           ReferenceSourceTarget = ProjectReference
                           OutputItemType = 
                           Targets = 
                   PropertyPageSchema
                       C:\Program Files\dotnet\sdk\10.0.102\\assemblyreference.xaml
                           Context = ;BrowseObject
                       C:\Program Files\dotnet\sdk\10.0.102\\COMReference.xaml
                           Context = ;BrowseObject
                       C:\Program Files\dotnet\sdk\10.0.102\\Content.xaml
                           Context = File;BrowseObject
                       C:\Program Files\dotnet\sdk\10.0.102\\CSharp.BrowseObject.xaml
                           Context = BrowseObject
                       C:\Program Files\dotnet\sdk\10.0.102\\CSharp.ProjectItemsSchema.xaml
                       C:\Program Files\dotnet\sdk\10.0.102\\CSharp.xaml
                           Context = File
                       C:\Program Files\dotnet\sdk\10.0.102\\Debugger_General.xaml
                           Context = Project
                       C:\Program Files\dotnet\sdk\10.0.102\\EmbeddedResource.xaml
                           Context = File;BrowseObject
                       C:\Program Files\dotnet\sdk\10.0.102\\Folder.xaml
                           Context = File;BrowseObject
                       C:\Program Files\dotnet\sdk\10.0.102\\General_File.xaml
                           Context = File
                       C:\Program Files\dotnet\sdk\10.0.102\\General.BrowseObject.xaml
                           Context = BrowseObject
                       C:\Program Files\dotnet\sdk\10.0.102\\General.xaml
                           Context = Project
                       C:\Program Files\dotnet\sdk\10.0.102\\None.xaml
                           Context = File;BrowseObject
                       C:\Program Files\dotnet\sdk\10.0.102\\ProjectItemsSchema.xaml
                       C:\Program Files\dotnet\sdk\10.0.102\\ProjectReference.xaml
                           Context = ;BrowseObject
                       C:\Program Files\dotnet\sdk\10.0.102\\ResolvedAssemblyReference.xaml
                           Context = ProjectSubscriptionService;BrowseObject
                       C:\Program Files\dotnet\sdk\10.0.102\\ResolvedCOMReference.xaml
                           Context = ProjectSubscriptionService;BrowseObject
                       C:\Program Files\dotnet\sdk\10.0.102\\ResolvedProjectReference.xaml
                           Context = ProjectSubscriptionService;BrowseObject
                       C:\Program Files\dotnet\sdk\10.0.102\\SCC.xaml
                           Context = Invisible
                       C:\Program Files\dotnet\sdk\10.0.102\\SpecialFolder.xaml
                           Context = File;ProjectSubscriptionService
                   Reference
                       MPOST
                           HintPath = libs\x86\MPOST.dll
                       Pr22
                           HintPath = libs\x86\Pr22.dll
                   RegFreeComManifest
                       obj\Debug\net9.0-windows10.0.17763.0\KIOSK.X.manifest
                   Resource
                       Assets\Flag\AED.png
                           CopyToOutputDirectory = PreserveNewest
                       Assets\Flag\AUD.png
                           CopyToOutputDirectory = PreserveNewest
                       Assets\Flag\CAD.png
                           CopyToOutputDirectory = PreserveNewest
                       Assets\Flag\CHF.png
                           CopyToOutputDirectory = PreserveNewest
                       Assets\Flag\CNY.png
                           CopyToOutputDirectory = PreserveNewest
                       Assets\Flag\EUR.png
                           CopyToOutputDirectory = PreserveNewest
                       Assets\Flag\GBP.png
                           CopyToOutputDirectory = PreserveNewest
                       Assets\Flag\HKD.png
                           CopyToOutputDirectory = PreserveNewest
                       Assets\Flag\IDR.png
                           CopyToOutputDirectory = PreserveNewest
                       Assets\Flag\JPY.png
                           CopyToOutputDirectory = PreserveNewest
                       Assets\Flag\KOR.png
                           CopyToOutputDirectory = PreserveNewest
                       Assets\Flag\MYR.png
                           CopyToOutputDirectory = PreserveNewest
                       Assets\Flag\NZD.png
                           CopyToOutputDirectory = PreserveNewest
                       Assets\Flag\PHP.png
                           CopyToOutputDirectory = PreserveNewest
                       Assets\Flag\RUB.png
                           CopyToOutputDirectory = PreserveNewest
                       Assets\Flag\SGD.png
                           CopyToOutputDirectory = PreserveNewest
                       Assets\Flag\THB.png
                           CopyToOutputDirectory = PreserveNewest
                       Assets\Flag\TMP.png
                           CopyToOutputDirectory = PreserveNewest
                       Assets\Flag\TWD.png
                           CopyToOutputDirectory = PreserveNewest
                       Assets\Flag\USD.png
                           CopyToOutputDirectory = PreserveNewest
                       Assets\Flag\VND.png
                           CopyToOutputDirectory = PreserveNewest
                       Assets\Gif\IDScan_ID.gif
                           CopyToOutputDirectory = PreserveNewest
                       Assets\Gif\IDScan_Passport.gif
                           CopyToOutputDirectory = PreserveNewest
                       Assets\Gif\Progress.gif
                           CopyToOutputDirectory = PreserveNewest
                       Assets\Image\bx-home-smile.png
                           CopyToOutputDirectory = PreserveNewest
                       Assets\Image\bx-up-arrow-alt.png
                           CopyToOutputDirectory = PreserveNewest
                       Assets\Image\character-complete.png
                           CopyToOutputDirectory = PreserveNewest
                       Assets\Image\Character.png
                           CopyToOutputDirectory = PreserveNewest
                       Assets\Image\Common_Logo.png
                           CopyToOutputDirectory = PreserveNewest
                       Assets\Image\Error.png
                           CopyToOutputDirectory = PreserveNewest
                       Assets\Image\exchange_buy.png
                           CopyToOutputDirectory = PreserveNewest
                       Assets\Image\exchange_sell.png
                           CopyToOutputDirectory = PreserveNewest
                       Assets\Image\Frame.png
                           CopyToOutputDirectory = PreserveNewest
                       Assets\Image\GTF_LOGO2.bmp
                           CopyToOutputDirectory = PreserveNewest
                       Assets\Image\Identification.png
                           CopyToOutputDirectory = PreserveNewest
                       Assets\Image\IDScan_ID.png
                           CopyToOutputDirectory = PreserveNewest
                       Assets\Image\IDScan_Passport.png
                           CopyToOutputDirectory = PreserveNewest
                       Assets\Image\Info_normal.png
                           CopyToOutputDirectory = PreserveNewest
                       Assets\Image\Info_warn.png
                           CopyToOutputDirectory = PreserveNewest
                       Assets\Image\Info.png
                           CopyToOutputDirectory = PreserveNewest
                       Assets\Image\Light.png
                           CopyToOutputDirectory = PreserveNewest
                       Assets\Image\succss.png
                           CopyToOutputDirectory = PreserveNewest
                       Assets\Image\Terms\Terms_ko-KR.png
                           CopyToOutputDirectory = PreserveNewest
                       Assets\Image\Vector.png
                           CopyToOutputDirectory = PreserveNewest
                       Assets\Image\Withdrawal.png
                           CopyToOutputDirectory = PreserveNewest
                       Resources\Fonts\PretendardVariable.ttf
                   RuntimeHostConfigurationOption
                       CSWINRT_USE_WINDOWS_UI_XAML_PROJECTIONS
                           Value = false
                           Trim = true
                       System.Runtime.Serialization.EnableUnsafeBinaryFormatterSerialization
                           Value = false
                           Trim = true
                   SdkSupportedTargetPlatformIdentifier
                       android
                           DisplayName = Android
                       ios
                           DisplayName = iOS
                       maccatalyst
                           DisplayName = MacCatalyst
                       macos
                           DisplayName = macOS
                       tvos
                           DisplayName = tvOS
                       windows
                           DisplayName = Windows
                   SdkSupportedTargetPlatformVersion
                       10.0.17763.0
                           WindowsSdkPackageVersion = 10.0.17763.57
                           MinimumNETVersion = 8.0
                       10.0.17763.0
                           WindowsSdkPackageVersion = 10.0.17763.55
                           MinimumNETVersion = 6.0
                       10.0.17763.0
                           WindowsSdkPackageVersion = 10.0.17763.26
                           MinimumNETVersion = 5.0
                       10.0.17763.1
                           NormalizedSupportedTargetPlatformVersion = 10.0.17763.0
                           WindowsSdkPackageVersion = 10.0.17763.57
                           MinimumNETVersion = 10.0
                       10.0.18362.0
                           WindowsSdkPackageVersion = 10.0.18362.55
                           MinimumNETVersion = 6.0
                       10.0.18362.0
                           WindowsSdkPackageVersion = 10.0.18362.57
                           MinimumNETVersion = 8.0
                       10.0.18362.0
                           WindowsSdkPackageVersion = 10.0.18362.26
                           MinimumNETVersion = 5.0
                       10.0.18362.1
                           NormalizedSupportedTargetPlatformVersion = 10.0.18362.0
                           WindowsSdkPackageVersion = 10.0.18362.57
                           MinimumNETVersion = 10.0
                       10.0.19041.0
                           WindowsSdkPackageVersion = 10.0.19041.55
                           MinimumNETVersion = 6.0
                       10.0.19041.0
                           WindowsSdkPackageVersion = 10.0.19041.26
                           MinimumNETVersion = 5.0
                       10.0.19041.0
                           WindowsSdkPackageVersion = 10.0.19041.57
                           MinimumNETVersion = 8.0
                       10.0.19041.1
                           NormalizedSupportedTargetPlatformVersion = 10.0.19041.0
                           WindowsSdkPackageVersion = 10.0.19041.57
                           MinimumNETVersion = 10.0
                       10.0.20348.0
                           WindowsSdkPackageVersion = 10.0.20348.55
                           MinimumNETVersion = 6.0
                       10.0.20348.0
                           WindowsSdkPackageVersion = 10.0.20348.26
                           MinimumNETVersion = 5.0
                       10.0.20348.0
                           WindowsSdkPackageVersion = 10.0.20348.57
                           MinimumNETVersion = 8.0
                       10.0.20348.1
                           NormalizedSupportedTargetPlatformVersion = 10.0.20348.0
                           WindowsSdkPackageVersion = 10.0.20348.57
                           MinimumNETVersion = 10.0
                       10.0.22000.0
                           WindowsSdkPackageVersion = 10.0.22000.57
                           MinimumNETVersion = 8.0
                       10.0.22000.0
                           WindowsSdkPackageVersion = 10.0.22000.55
                           MinimumNETVersion = 6.0
                       10.0.22000.0
                           WindowsSdkPackageVersion = 10.0.22000.26
                           MinimumNETVersion = 5.0
                       10.0.22000.1
                           NormalizedSupportedTargetPlatformVersion = 10.0.22000.0
                           WindowsSdkPackageVersion = 10.0.22000.57
                           MinimumNETVersion = 10.0
                       10.0.22621.0
                           WindowsSdkPackageVersion = 10.0.22621.57
                           MinimumNETVersion = 8.0
                       10.0.22621.0
                           WindowsSdkPackageVersion = 10.0.22621.55
                           MinimumNETVersion = 6.0
                       10.0.22621.1
                           NormalizedSupportedTargetPlatformVersion = 10.0.22621.0
                           WindowsSdkPackageVersion = 10.0.22621.57
                           MinimumNETVersion = 10.0
                       10.0.26100.0
                           WindowsSdkPackageVersion = 10.0.26100.55
                           MinimumNETVersion = 6.0
                       10.0.26100.0
                           WindowsSdkPackageVersion = 10.0.26100.57
                           MinimumNETVersion = 8.0
                       10.0.26100.1
                           NormalizedSupportedTargetPlatformVersion = 10.0.26100.0
                           WindowsSdkPackageVersion = 10.0.26100.57
                           MinimumNETVersion = 10.0
                       7.0
                       8.0
                   SourceLinkAzureReposGitHost
                       dev.azure.com
                       visualstudio.com
                       vsts.me
                   SourceLinkBitbucketGitHost
                       bitbucket.org
                           EnterpriseEdition = false
                   SourceLinkGitHubHost
                       github.com
                           ContentUrl = https://raw.githubusercontent.com
                   SourceLinkGitLabHost
                       gitlab.com
                   SupportedNETCoreAppTargetFramework
                       .NETCoreApp,Version=v10.0
                           DisplayName = .NET 10.0
                           Alias = net10.0
                       .NETCoreApp,Version=v3.0
                           DisplayName = .NET Core 3.0
                           Alias = netcoreapp3.0
                       .NETCoreApp,Version=v3.1
                           DisplayName = .NET Core 3.1
                           Alias = netcoreapp3.1
                       .NETCoreApp,Version=v5.0
                           DisplayName = .NET 5.0
                           Alias = net5.0
                       .NETCoreApp,Version=v6.0
                           DisplayName = .NET 6.0
                           Alias = net6.0
                       .NETCoreApp,Version=v7.0
                           DisplayName = .NET 7.0
                           Alias = net7.0
                       .NETCoreApp,Version=v8.0
                           DisplayName = .NET 8.0
                           Alias = net8.0
                       .NETCoreApp,Version=v9.0
                           DisplayName = .NET 9.0
                           Alias = net9.0
                   SupportedNETFrameworkTargetFramework
                       .NETFramework,Version=v3.0
                           DisplayName = .NET Framework 3.0
                           Alias = net30
                       .NETFramework,Version=v3.5
                           DisplayName = .NET Framework 3.5
                           Alias = net35
                       .NETFramework,Version=v4.0
                           DisplayName = .NET Framework 4.0
                           Alias = net40
                       .NETFramework,Version=v4.5
                           DisplayName = .NET Framework 4.5
                           Alias = net45
                       .NETFramework,Version=v4.5.1
                           DisplayName = .NET Framework 4.5.1
                           Alias = net451
                       .NETFramework,Version=v4.5.2
                           DisplayName = .NET Framework 4.5.2
                           Alias = net452
                       .NETFramework,Version=v4.6
                           DisplayName = .NET Framework 4.6
                           Alias = net46
                       .NETFramework,Version=v4.6.1
                           DisplayName = .NET Framework 4.6.1
                           Alias = net461
                       .NETFramework,Version=v4.6.2
                           DisplayName = .NET Framework 4.6.2
                           Alias = net462
                       .NETFramework,Version=v4.7
                           DisplayName = .NET Framework 4.7
                           Alias = net47
                       .NETFramework,Version=v4.7.1
                           DisplayName = .NET Framework 4.7.1
                           Alias = net471
                       .NETFramework,Version=v4.7.2
                           DisplayName = .NET Framework 4.7.2
                           Alias = net472
                       .NETFramework,Version=v4.8
                           DisplayName = .NET Framework 4.8
                           Alias = net48
                       .NETFramework,Version=v4.8.1
                           DisplayName = .NET Framework 4.8.1
                           Alias = net481
                   SupportedPlatform
                       Linux
                       macOS
                       Windows
                   SupportedTargetFramework
                       .NETCoreApp,Version=v10.0
                           DisplayName = .NET 10.0
                           Alias = net10.0
                       .NETCoreApp,Version=v3.0
                           DisplayName = .NET Core 3.0
                           Alias = netcoreapp3.0
                       .NETCoreApp,Version=v3.1
                           DisplayName = .NET Core 3.1
                           Alias = netcoreapp3.1
                       .NETCoreApp,Version=v5.0
                           DisplayName = .NET 5.0
                           Alias = net5.0
                       .NETCoreApp,Version=v6.0
                           DisplayName = .NET 6.0
                           Alias = net6.0
                       .NETCoreApp,Version=v7.0
                           DisplayName = .NET 7.0
                           Alias = net7.0
                       .NETCoreApp,Version=v8.0
                           DisplayName = .NET 8.0
                           Alias = net8.0
                       .NETCoreApp,Version=v9.0
                           DisplayName = .NET 9.0
                           Alias = net9.0
                       .NETFramework,Version=v3.0
                           DisplayName = .NET Framework 3.0
                           Alias = net30
                       .NETFramework,Version=v3.5
                           DisplayName = .NET Framework 3.5
                           Alias = net35
                       .NETFramework,Version=v4.0
                           DisplayName = .NET Framework 4.0
                           Alias = net40
                       .NETFramework,Version=v4.5
                           DisplayName = .NET Framework 4.5
                           Alias = net45
                       .NETFramework,Version=v4.5.1
                           DisplayName = .NET Framework 4.5.1
                           Alias = net451
                       .NETFramework,Version=v4.5.2
                           DisplayName = .NET Framework 4.5.2
                           Alias = net452
                       .NETFramework,Version=v4.6
                           DisplayName = .NET Framework 4.6
                           Alias = net46
                       .NETFramework,Version=v4.6.1
                           DisplayName = .NET Framework 4.6.1
                           Alias = net461
                       .NETFramework,Version=v4.6.2
                           DisplayName = .NET Framework 4.6.2
                           Alias = net462
                       .NETFramework,Version=v4.7
                           DisplayName = .NET Framework 4.7
                           Alias = net47
                       .NETFramework,Version=v4.7.1
                           DisplayName = .NET Framework 4.7.1
                           Alias = net471
                       .NETFramework,Version=v4.7.2
                           DisplayName = .NET Framework 4.7.2
                           Alias = net472
                       .NETFramework,Version=v4.8
                           DisplayName = .NET Framework 4.8
                           Alias = net48
                       .NETFramework,Version=v4.8.1
                           DisplayName = .NET Framework 4.8.1
                           Alias = net481
                   Using
                       System
                       System.Collections.Generic
                       System.Linq
                       System.Threading
                       System.Threading.Tasks
                   WindowsSdkSupportedTargetPlatformVersion
                       10.0.17763.0
                           WindowsSdkPackageVersion = 10.0.17763.57
                           MinimumNETVersion = 8.0
                       10.0.17763.0
                           WindowsSdkPackageVersion = 10.0.17763.55
                           MinimumNETVersion = 6.0
                       10.0.17763.0
                           WindowsSdkPackageVersion = 10.0.17763.26
                           MinimumNETVersion = 5.0
                       10.0.17763.1
                           WindowsSdkPackageVersion = 10.0.17763.57
                           MinimumNETVersion = 10.0
                       10.0.18362.0
                           WindowsSdkPackageVersion = 10.0.18362.55
                           MinimumNETVersion = 6.0
                       10.0.18362.0
                           WindowsSdkPackageVersion = 10.0.18362.57
                           MinimumNETVersion = 8.0
                       10.0.18362.0
                           WindowsSdkPackageVersion = 10.0.18362.26
                           MinimumNETVersion = 5.0
                       10.0.18362.1
                           WindowsSdkPackageVersion = 10.0.18362.57
                           MinimumNETVersion = 10.0
                       10.0.19041.0
                           WindowsSdkPackageVersion = 10.0.19041.55
                           MinimumNETVersion = 6.0
                       10.0.19041.0
                           WindowsSdkPackageVersion = 10.0.19041.26
                           MinimumNETVersion = 5.0
                       10.0.19041.0
                           WindowsSdkPackageVersion = 10.0.19041.57
                           MinimumNETVersion = 8.0
                       10.0.19041.1
                           WindowsSdkPackageVersion = 10.0.19041.57
                           MinimumNETVersion = 10.0
                       10.0.20348.0
                           WindowsSdkPackageVersion = 10.0.20348.55
                           MinimumNETVersion = 6.0
                       10.0.20348.0
                           WindowsSdkPackageVersion = 10.0.20348.26
                           MinimumNETVersion = 5.0
                       10.0.20348.0
                           WindowsSdkPackageVersion = 10.0.20348.57
                           MinimumNETVersion = 8.0
                       10.0.20348.1
                           WindowsSdkPackageVersion = 10.0.20348.57
                           MinimumNETVersion = 10.0
                       10.0.22000.0
                           WindowsSdkPackageVersion = 10.0.22000.57
                           MinimumNETVersion = 8.0
                       10.0.22000.0
                           WindowsSdkPackageVersion = 10.0.22000.55
                           MinimumNETVersion = 6.0
                       10.0.22000.0
                           WindowsSdkPackageVersion = 10.0.22000.26
                           MinimumNETVersion = 5.0
                       10.0.22000.1
                           WindowsSdkPackageVersion = 10.0.22000.57
                           MinimumNETVersion = 10.0
                       10.0.22621.0
                           WindowsSdkPackageVersion = 10.0.22621.57
                           MinimumNETVersion = 8.0
                       10.0.22621.0
                           WindowsSdkPackageVersion = 10.0.22621.55
                           MinimumNETVersion = 6.0
                       10.0.22621.1
                           WindowsSdkPackageVersion = 10.0.22621.57
                           MinimumNETVersion = 10.0
                       10.0.26100.0
                           WindowsSdkPackageVersion = 10.0.26100.55
                           MinimumNETVersion = 6.0
                       10.0.26100.0
                           WindowsSdkPackageVersion = 10.0.26100.57
                           MinimumNETVersion = 8.0
                       10.0.26100.1
                           WindowsSdkPackageVersion = 10.0.26100.57
                           MinimumNETVersion = 10.0
                       7.0
                       8.0

10:37:46.355     1>Project "c:\Users\niaci\RiderProjects\moenybox_devicecontroller\KIOSK\KIOSK.csproj" (1) is building "c:\Users\niaci\RiderProjects\moenybox_devicecontroller\KIOSK\KIOSK.csproj" (1:2) on node 1 (_IsProjectRestoreSupported target(s)).
10:37:46.458   1:2>Target "_IsProjectRestoreSupported: (TargetId:4)" in file "C:\Program Files\dotnet\sdk\10.0.102\NuGet.targets" from project "c:\Users\niaci\RiderProjects\moenybox_devicecontroller\KIOSK\KIOSK.csproj" (entry point):
10:37:46.458   1:2>Added Item(s): _ValidProjectsForRestore=c:\Users\niaci\RiderProjects\moenybox_devicecontroller\KIOSK\KIOSK.csproj
10:37:46.458   1:2>Done building target "_IsProjectRestoreSupported" in project "KIOSK.csproj".: (TargetId:4)
10:37:46.459   1:2>Done Building Project "c:\Users\niaci\RiderProjects\moenybox_devicecontroller\KIOSK\KIOSK.csproj" (_IsProjectRestoreSupported target(s)).
10:37:46.363     1>_FilterRestoreGraphProjectInputItems: (TargetId:3)
                     Output Item(s): 
                         FilteredRestoreGraphProjectInputItems=
                             c:\Users\niaci\RiderProjects\moenybox_devicecontroller\KIOSK\KIOSK.csproj
                                     MSBuildSourceProjectFile=c:\Users\niaci\RiderProjects\moenybox_devicecontroller\KIOSK\KIOSK.csproj
                                     MSBuildSourceTargetName=_IsProjectRestoreSupported
                                     OriginalItemSpec=c:\Users\niaci\RiderProjects\moenybox_devicecontroller\KIOSK\KIOSK.csproj (TaskId:3)
                   Done executing task "MSBuild". (TaskId:3)
                   Assembly loaded during TaskRun: NuGet.Build.Tasks, Version=7.0.2.0, Culture=neutral, PublicKeyToken=31bf3856ad364e35 (location: C:\Program Files\dotnet\sdk\10.0.102\NuGet.Build.Tasks.dll, MVID: 08f938bc-c41a-460c-a57a-b3e65fa8480c, AssemblyLoadContext: MSBuild plugin C:\Program Files\dotnet\sdk\10.0.102\NuGet.Build.Tasks.dll)
                   Assembly loaded during TaskRun: NuGet.Common, Version=7.0.2.0, Culture=neutral, PublicKeyToken=31bf3856ad364e35 (location: C:\Program Files\dotnet\sdk\10.0.102\NuGet.Common.dll, MVID: 0ebddcbc-c0d1-4562-9772-1cc3c243691f, AssemblyLoadContext: MSBuild plugin C:\Program Files\dotnet\sdk\10.0.102\NuGet.Build.Tasks.dll)
                   Assembly loaded during TaskRun: NuGet.Commands, Version=7.0.2.0, Culture=neutral, PublicKeyToken=31bf3856ad364e35 (location: C:\Program Files\dotnet\sdk\10.0.102\NuGet.Commands.dll, MVID: a511dd5c-2599-4ad1-850c-954b0626c28d, AssemblyLoadContext: MSBuild plugin C:\Program Files\dotnet\sdk\10.0.102\NuGet.Build.Tasks.dll)
                   Assembly loaded during TaskRun: NuGet.ProjectModel, Version=7.0.2.0, Culture=neutral, PublicKeyToken=31bf3856ad364e35 (location: C:\Program Files\dotnet\sdk\10.0.102\NuGet.ProjectModel.dll, MVID: 7799350a-7e8f-4d79-9022-a95ee623280c, AssemblyLoadContext: MSBuild plugin C:\Program Files\dotnet\sdk\10.0.102\NuGet.Build.Tasks.dll)
                   Using "WarnForInvalidProjectsTask" task from assembly "C:\Program Files\dotnet\sdk\10.0.102\NuGet.Build.Tasks.dll".
                   Task "WarnForInvalidProjectsTask" (TaskId:4)
                     Task Parameter:AllProjects=c:\Users\niaci\RiderProjects\moenybox_devicecontroller\KIOSK\KIOSK.csproj (TaskId:4)
                     Task Parameter:
                         ValidProjects=
                             c:\Users\niaci\RiderProjects\moenybox_devicecontroller\KIOSK\KIOSK.csproj
                                     MSBuildSourceProjectFile=c:\Users\niaci\RiderProjects\moenybox_devicecontroller\KIOSK\KIOSK.csproj
                                     MSBuildSourceTargetName=_IsProjectRestoreSupported
                                     OriginalItemSpec=c:\Users\niaci\RiderProjects\moenybox_devicecontroller\KIOSK\KIOSK.csproj (TaskId:4)
                   Done executing task "WarnForInvalidProjectsTask". (TaskId:4)
10:37:46.472     1>Done building target "_FilterRestoreGraphProjectInputItems" in project "KIOSK.csproj".: (TargetId:3)
                   Target "_FilterRestoreGraphProjectInputItems" skipped. Previously built successfully.
10:37:46.473     1>Target "_GetAllRestoreProjectPathItems: (TargetId:5)" in file "C:\Program Files\dotnet\sdk\10.0.102\NuGet.targets" from project "c:\Users\niaci\RiderProjects\moenybox_devicecontroller\KIOSK\KIOSK.csproj" (target "_GenerateRestoreGraph" depends on it):
                   Using "NuGetMessageTask" task from assembly "C:\Program Files\dotnet\sdk\10.0.102\NuGet.Build.Tasks.dll".
                   Task "NuGetMessageTask" (TaskId:5)
                     Task Parameter:Name=DeterminingProjectsToRestore (TaskId:5)
                     Task Parameter:Importance=High (TaskId:5)
                     Determining projects to restore... (TaskId:5)
                   Done executing task "NuGetMessageTask". (TaskId:5)
                   Task "MSBuild" (TaskId:6)
                     Task Parameter:Targets=_GenerateRestoreProjectPathWalk (TaskId:6)
                     Task Parameter:
                         Projects=
                             c:\Users\niaci\RiderProjects\moenybox_devicecontroller\KIOSK\KIOSK.csproj
                                     MSBuildSourceProjectFile=c:\Users\niaci\RiderProjects\moenybox_devicecontroller\KIOSK\KIOSK.csproj
                                     MSBuildSourceTargetName=_IsProjectRestoreSupported
                                     OriginalItemSpec=c:\Users\niaci\RiderProjects\moenybox_devicecontroller\KIOSK\KIOSK.csproj (TaskId:6)
                     Task Parameter:SkipNonexistentProjects=true (TaskId:6)
                     Task Parameter:Properties=ExcludeRestorePackageImports=true (TaskId:6)
                     Task Parameter:SkipNonexistentTargets=True (TaskId:6)
                     Task Parameter:BuildInParallel=True (TaskId:6)
                     Global Properties: (TaskId:6)
                       ExcludeRestorePackageImports=true (TaskId:6)
10:37:46.355     1>Project "c:\Users\niaci\RiderProjects\moenybox_devicecontroller\KIOSK\KIOSK.csproj" (1) is building "c:\Users\niaci\RiderProjects\moenybox_devicecontroller\KIOSK\KIOSK.csproj" (1:3) on node 1 (_GenerateRestoreProjectPathWalk target(s)).
10:37:46.475   1:3>Target "_GenerateRestoreProjectPathItemsPerFramework: (TargetId:6)" in file "C:\Program Files\dotnet\sdk\10.0.102\NuGet.targets" from project "c:\Users\niaci\RiderProjects\moenybox_devicecontroller\KIOSK\KIOSK.csproj" (target "_GenerateRestoreProjectPathItemsCurrentProject" depends on it):
10:37:46.475   1:3>Using "ConvertToAbsolutePath" task from assembly "Microsoft.Build.Tasks.Core, Version=15.1.0.0, Culture=neutral, PublicKeyToken=b03f5f7f11d50a3a".
                   Task "ConvertToAbsolutePath" (TaskId:7)
                     Task Parameter:
                         Paths=
                             c:\Users\niaci\RiderProjects\moenybox_devicecontroller\KIOSK.Device.Contracts\KIOSK.Device.Contracts.csproj
                                     OutputItemType=
                                     ReferenceSourceTarget=ProjectReference
                                     Targets=
                             c:\Users\niaci\RiderProjects\moenybox_devicecontroller\KIOSK.Device.Runtime\KIOSK.Device.Runtime.csproj
                                     OutputItemType=
                                     ReferenceSourceTarget=ProjectReference
                                     Targets= (TaskId:7)
                     Output Property: _RestoreGraphAbsoluteProjectPaths=c:\Users\niaci\RiderProjects\moenybox_devicecontroller\KIOSK.Device.Contracts\KIOSK.Device.Contracts.csproj;c:\Users\niaci\RiderProjects\moenybox_devicecontroller\KIOSK.Device.Runtime\KIOSK.Device.Runtime.csproj (TaskId:7)
                   Done executing task "ConvertToAbsolutePath". (TaskId:7)
                   Added Item(s): 
                       _RestoreProjectPathItems=
                           c:\Users\niaci\RiderProjects\moenybox_devicecontroller\KIOSK.Device.Contracts\KIOSK.Device.Contracts.csproj
                           c:\Users\niaci\RiderProjects\moenybox_devicecontroller\KIOSK.Device.Runtime\KIOSK.Device.Runtime.csproj
10:37:46.475   1:3>Done building target "_GenerateRestoreProjectPathItemsPerFramework" in project "KIOSK.csproj".: (TargetId:6)
10:37:46.475   1:3>Target "_GenerateRestoreProjectPathItemsCurrentProject: (TargetId:7)" in file "C:\Program Files\dotnet\sdk\10.0.102\NuGet.targets" from project "c:\Users\niaci\RiderProjects\moenybox_devicecontroller\KIOSK\KIOSK.csproj" (target "_GenerateRestoreProjectPathItems" depends on it):
10:37:46.475   1:3>Done building target "_GenerateRestoreProjectPathItemsCurrentProject" in project "KIOSK.csproj".: (TargetId:7)
10:37:46.475   1:3>Target "_GenerateRestoreProjectPathItems: (TargetId:8)" in file "C:\Program Files\dotnet\sdk\10.0.102\NuGet.targets" from project "c:\Users\niaci\RiderProjects\moenybox_devicecontroller\KIOSK\KIOSK.csproj" (target "_GenerateRestoreProjectPathWalk" depends on it):
                   Task "RemoveDuplicates" (TaskId:8)
                     Output Item(s): 
                         _CurrentRestoreProjectPathItems=
                             c:\Users\niaci\RiderProjects\moenybox_devicecontroller\KIOSK.Device.Contracts\KIOSK.Device.Contracts.csproj
                             c:\Users\niaci\RiderProjects\moenybox_devicecontroller\KIOSK.Device.Runtime\KIOSK.Device.Runtime.csproj (TaskId:8)
                   Done executing task "RemoveDuplicates". (TaskId:8)
10:37:46.476   1:3>Done building target "_GenerateRestoreProjectPathItems" in project "KIOSK.csproj".: (TargetId:8)
10:37:46.476   1:3>Target "_GenerateRestoreProjectPathWalk: (TargetId:9)" in file "C:\Program Files\dotnet\sdk\10.0.102\NuGet.targets" from project "c:\Users\niaci\RiderProjects\moenybox_devicecontroller\KIOSK\KIOSK.csproj" (entry point):
                   Task "MSBuild" (TaskId:9)
                     Task Parameter:Targets=_GenerateRestoreProjectPathWalk (TaskId:9)
                     Task Parameter:
                         Projects=
                             c:\Users\niaci\RiderProjects\moenybox_devicecontroller\KIOSK.Device.Contracts\KIOSK.Device.Contracts.csproj
                             c:\Users\niaci\RiderProjects\moenybox_devicecontroller\KIOSK.Device.Runtime\KIOSK.Device.Runtime.csproj (TaskId:9)
                     Task Parameter:SkipNonexistentProjects=true (TaskId:9)
                     Task Parameter:Properties=ExcludeRestorePackageImports=true (TaskId:9)
                     Task Parameter:SkipNonexistentTargets=True (TaskId:9)
                     Task Parameter:BuildInParallel=True (TaskId:9)
                     Global Properties: (TaskId:9)
                       ExcludeRestorePackageImports=true (TaskId:9)
10:37:46.477     0>Assembly loaded during Evaluation: System.Security.Principal.Windows, Version=10.0.0.0, Culture=neutral, PublicKeyToken=b03f5f7f11d50a3a (location: C:\Program Files\dotnet\shared\Microsoft.NETCore.App\10.0.2\System.Security.Principal.Windows.dll, MVID: f5cdaa09-6ef8-4556-8762-278c26bba160, AssemblyLoadContext: Default)
                   C:\Program Files\dotnet\sdk\10.0.102\Sdks\Microsoft.NET.Sdk\Sdk\Sdk.props(49,11): message : Property 'MSBuildExtensionsPath' with value 'C:\Program Files\dotnet\sdk\10.0.102\' expanded from the environment.
                   C:\Program Files\dotnet\sdk\10.0.102\Current\Microsoft.Common.props(60,5): message : Property reassignment: $(MSBuildProjectExtensionsPath)="c:\Users\niaci\RiderProjects\moenybox_devicecontroller\KIOSK.Device.Contracts\obj\" (previous value: "obj\") at C:\Program Files\dotnet\sdk\10.0.102\Current\Microsoft.Common.props (60,5)
                   C:\Program Files\dotnet\sdk\10.0.102\Current\Microsoft.Common.props(84,119): message : Property 'MSBuildUserExtensionsPath' with value 'C:\Users\niaci\AppData\Local\Microsoft\MSBuild' expanded from the environment.
                   Assembly loaded during Evaluation: System.Security.Claims, Version=10.0.0.0, Culture=neutral, PublicKeyToken=b03f5f7f11d50a3a (location: C:\Program Files\dotnet\shared\Microsoft.NETCore.App\10.0.2\System.Security.Claims.dll, MVID: d5ae1ecc-620a-441a-91ec-5e7275c327a5, AssemblyLoadContext: Default)
                   C:\Program Files\dotnet\sdk\10.0.102\Sdks\Microsoft.NET.Sdk\targets\Microsoft.NET.Sdk.props(90,5): message : Property reassignment: $(AssemblySearchPaths)="{CandidateAssemblyFiles};{HintPathFromItem}" (previous value: "{CandidateAssemblyFiles}") at C:\Program Files\dotnet\sdk\10.0.102\Sdks\Microsoft.NET.Sdk\targets\Microsoft.NET.Sdk.props (90,5)
                   C:\Program Files\dotnet\sdk\10.0.102\Sdks\Microsoft.NET.Sdk\targets\Microsoft.NET.Sdk.props(91,5): message : Property reassignment: $(AssemblySearchPaths)="{CandidateAssemblyFiles};{HintPathFromItem};{TargetFrameworkDirectory}" (previous value: "{CandidateAssemblyFiles};{HintPathFromItem}") at C:\Program Files\dotnet\sdk\10.0.102\Sdks\Microsoft.NET.Sdk\targets\Microsoft.NET.Sdk.props (91,5)
                   C:\Program Files\dotnet\sdk\10.0.102\Sdks\Microsoft.NET.Sdk\targets\Microsoft.NET.Sdk.props(92,5): message : Property reassignment: $(AssemblySearchPaths)="{CandidateAssemblyFiles};{HintPathFromItem};{TargetFrameworkDirectory};{RawFileName}" (previous value: "{CandidateAssemblyFiles};{HintPathFromItem};{TargetFrameworkDirectory}") at C:\Program Files\dotnet\sdk\10.0.102\Sdks\Microsoft.NET.Sdk\targets\Microsoft.NET.Sdk.props (92,5)
                   C:\Program Files\dotnet\sdk\10.0.102\Sdks\Microsoft.NET.Sdk\targets\Microsoft.NET.Sdk.ImportPublishProfile.targets(28,5): message : Property reassignment: $(PublishProfileImported)="false" (previous value: "true") at C:\Program Files\dotnet\sdk\10.0.102\Sdks\Microsoft.NET.Sdk\targets\Microsoft.NET.Sdk.ImportPublishProfile.targets (28,5)
                   C:\Program Files\dotnet\sdk\10.0.102\Sdks\Microsoft.NET.Sdk\targets\Microsoft.NET.TargetFrameworkInference.targets(81,5): message : Property reassignment: $(TargetPlatformVersion)="" (previous value: "0.0") at C:\Program Files\dotnet\sdk\10.0.102\Sdks\Microsoft.NET.Sdk\targets\Microsoft.NET.TargetFrameworkInference.targets (81,5)
                   C:\Program Files\dotnet\sdk\10.0.102\Sdks\Microsoft.NET.Sdk\targets\Microsoft.NET.DefaultOutputPaths.targets(127,5): message : Property reassignment: $(DefaultItemExcludes)=";bin\Debug\/**;obj\Debug\/**" (previous value: ";bin\Debug\/**") at C:\Program Files\dotnet\sdk\10.0.102\Sdks\Microsoft.NET.Sdk\targets\Microsoft.NET.DefaultOutputPaths.targets (127,5)
                   C:\Program Files\dotnet\sdk\10.0.102\Sdks\Microsoft.NET.Sdk\targets\Microsoft.NET.DefaultOutputPaths.targets(142,5): message : Property reassignment: $(OutputPath)="bin\Debug\net9.0\" (previous value: "bin\Debug\") at C:\Program Files\dotnet\sdk\10.0.102\Sdks\Microsoft.NET.Sdk\targets\Microsoft.NET.DefaultOutputPaths.targets (142,5)
                   C:\Program Files\dotnet\sdk\10.0.102\Sdks\Microsoft.NET.Sdk\targets\Microsoft.NET.DefaultOutputPaths.targets(147,5): message : Property reassignment: $(IntermediateOutputPath)="obj\Debug\net9.0\" (previous value: "obj\Debug\") at C:\Program Files\dotnet\sdk\10.0.102\Sdks\Microsoft.NET.Sdk\targets\Microsoft.NET.DefaultOutputPaths.targets (147,5)
                   C:\Program Files\dotnet\sdk\10.0.102\Sdks\Microsoft.NET.Sdk\targets\Microsoft.NET.Sdk.BeforeCommon.targets(371,5): message : Property reassignment: $(RoslynTargetsPath)="C:\Program Files\dotnet\sdk\10.0.102\Sdks\Microsoft.NET.Sdk\targets\..\..\..\Roslyn" (previous value: "C:\Program Files\dotnet\sdk\10.0.102\Roslyn") at C:\Program Files\dotnet\sdk\10.0.102\Sdks\Microsoft.NET.Sdk\targets\Microsoft.NET.Sdk.BeforeCommon.targets (371,5)
                   C:\Program Files\dotnet\sdk\10.0.102\Roslyn\Microsoft.Managed.Core.targets(6,5): message : Property reassignment: $(_BuildTasksDirectory)="C:\Program Files\dotnet\sdk\10.0.102\Sdks\Microsoft.NET.Sdk\targets\..\..\..\Roslyn\" (previous value: "C:\Program Files\dotnet\sdk\10.0.102\Roslyn\") at C:\Program Files\dotnet\sdk\10.0.102\Roslyn\Microsoft.Managed.Core.targets (6,5)
                   C:\Program Files\dotnet\sdk\10.0.102\Roslyn\Microsoft.CSharp.Core.targets(200,5): message : Property reassignment: $(CommandLineArgsForDesignTimeEvaluation)="-langversion:13.0 -define:TRACE" (previous value: "-langversion:13.0") at C:\Program Files\dotnet\sdk\10.0.102\Roslyn\Microsoft.CSharp.Core.targets (200,5)
                   C:\Program Files\dotnet\sdk\10.0.102\Microsoft.Common.CurrentVersion.targets(175,5): message : Property reassignment: $(_DebugSymbolsProduced)="true" (previous value: "false") at C:\Program Files\dotnet\sdk\10.0.102\Microsoft.Common.CurrentVersion.targets (175,5)
                   C:\Program Files\dotnet\sdk\10.0.102\Microsoft.Common.CurrentVersion.targets(185,5): message : Property reassignment: $(_DocumentationFileProduced)="false" (previous value: "true") at C:\Program Files\dotnet\sdk\10.0.102\Microsoft.Common.CurrentVersion.targets (185,5)
                   C:\Program Files\dotnet\sdk\10.0.102\Microsoft.Common.CurrentVersion.targets(392,5): message : Property reassignment: $(MSBuildCopyMarkerName)="KIOSK.De.83D95CAA" (previous value: "KIOSK.Device.Contracts.csproj") at C:\Program Files\dotnet\sdk\10.0.102\Microsoft.Common.CurrentVersion.targets (392,5)
                   C:\Program Files\dotnet\sdk\10.0.102\Microsoft.Common.CurrentVersion.targets(393,5): message : Property reassignment: $(MSBuildCopyMarkerName)="KIOSK.De.83D95CAA.Up2Date" (previous value: "KIOSK.De.83D95CAA") at C:\Program Files\dotnet\sdk\10.0.102\Microsoft.Common.CurrentVersion.targets (393,5)
                   C:\Program Files\dotnet\sdk\10.0.102\Microsoft.Common.CurrentVersion.targets(541,5): message : Property reassignment: $(ProcessorArchitecture)="msil" (previous value: "") at C:\Program Files\dotnet\sdk\10.0.102\Microsoft.Common.CurrentVersion.targets (541,5)
                   C:\Program Files\dotnet\sdk\10.0.102\Microsoft.Common.CurrentVersion.targets(580,5): message : Property reassignment: $(DelaySign)="" (previous value: "false") at C:\Program Files\dotnet\sdk\10.0.102\Microsoft.Common.CurrentVersion.targets (580,5)
                   C:\Program Files\dotnet\sdk\10.0.102\Microsoft.Common.CurrentVersion.targets(2606,5): message : Property 'LOCALAPPDATA' with value 'C:\Users\niaci\AppData\Local' expanded from the environment.
                   C:\Program Files\dotnet\sdk\10.0.102\Microsoft.Common.CurrentVersion.targets(3934,5): message : Property reassignment: $(_SGenGenerateSerializationAssembliesConfig)="Auto" (previous value: "") at C:\Program Files\dotnet\sdk\10.0.102\Microsoft.Common.CurrentVersion.targets (3934,5)
                   C:\Program Files\dotnet\sdk\10.0.102\Microsoft.Common.CurrentVersion.targets(3935,5): message : Property reassignment: $(_SGenGenerateSerializationAssembliesConfig)="Off" (previous value: "Auto") at C:\Program Files\dotnet\sdk\10.0.102\Microsoft.Common.CurrentVersion.targets (3935,5)
                   C:\Program Files\dotnet\sdk\10.0.102\Microsoft.Common.CurrentVersion.targets(5146,5): message : Property reassignment: $(_TargetsThatPrepareProjectReferences)="
                   C:\Program Files\dotnet\sdk\10.0.102\Microsoft.Common.CurrentVersion.targets(5146,5): message :       AssignProjectConfiguration;
                   C:\Program Files\dotnet\sdk\10.0.102\Microsoft.Common.CurrentVersion.targets(5146,5): message :       _SplitProjectReferencesByFileExistence
                   C:\Program Files\dotnet\sdk\10.0.102\Microsoft.Common.CurrentVersion.targets(5146,5): message :     " (previous value: "_SplitProjectReferencesByFileExistence") at C:\Program Files\dotnet\sdk\10.0.102\Microsoft.Common.CurrentVersion.targets (5146,5)
                   C:\Program Files\dotnet\sdk\10.0.102\Microsoft.Common.CurrentVersion.targets(6959,5): message : Property 'MSBuildExtensionsPath32' with value 'C:\Program Files\dotnet\sdk\10.0.102' expanded from the environment.
                   The "NuGetInteractive" property is a global property, and cannot be modified.
                   C:\Program Files\dotnet\sdk\10.0.102\Sdks\Microsoft.NET.Sdk\targets\Microsoft.PackageDependencyResolution.targets(24,5): message : Property reassignment: $(ProjectAssetsFile)="c:\Users\niaci\RiderProjects\moenybox_devicecontroller\KIOSK.Device.Contracts\obj\project.assets.json" (previous value: "c:\Users\niaci\RiderProjects\moenybox_devicecontroller\KIOSK.Device.Contracts\obj\/project.assets.json") at C:\Program Files\dotnet\sdk\10.0.102\Sdks\Microsoft.NET.Sdk\targets\Microsoft.PackageDependencyResolution.targets (24,5)
                   C:\Program Files\dotnet\sdk\10.0.102\Sdks\Microsoft.NET.Sdk\targets\Microsoft.PackageDependencyResolution.targets(29,5): message : Property reassignment: $(ProjectAssetsCacheFile)="c:\Users\niaci\RiderProjects\moenybox_devicecontroller\KIOSK.Device.Contracts\obj\Debug\net9.0\KIOSK.Device.Contracts.assets.cache" (previous value: "obj\Debug\net9.0\KIOSK.Device.Contracts.assets.cache") at C:\Program Files\dotnet\sdk\10.0.102\Sdks\Microsoft.NET.Sdk\targets\Microsoft.PackageDependencyResolution.targets (29,5)
                   C:\Program Files\dotnet\sdk\10.0.102\Sdks\Microsoft.NET.Sdk\targets\Microsoft.PackageDependencyResolution.targets(80,5): message : Property reassignment: $(ResolveAssemblyReferencesDependsOn)="
                   C:\Program Files\dotnet\sdk\10.0.102\Sdks\Microsoft.NET.Sdk\targets\Microsoft.PackageDependencyResolution.targets(80,5): message :       
                   C:\Program Files\dotnet\sdk\10.0.102\Sdks\Microsoft.NET.Sdk\targets\Microsoft.PackageDependencyResolution.targets(80,5): message :       ResolveProjectReferences;
                   C:\Program Files\dotnet\sdk\10.0.102\Sdks\Microsoft.NET.Sdk\targets\Microsoft.PackageDependencyResolution.targets(80,5): message :       FindInvalidProjectReferences;
                   C:\Program Files\dotnet\sdk\10.0.102\Sdks\Microsoft.NET.Sdk\targets\Microsoft.PackageDependencyResolution.targets(80,5): message :       GetFrameworkPaths;
                   C:\Program Files\dotnet\sdk\10.0.102\Sdks\Microsoft.NET.Sdk\targets\Microsoft.PackageDependencyResolution.targets(80,5): message :       GetReferenceAssemblyPaths;
                   C:\Program Files\dotnet\sdk\10.0.102\Sdks\Microsoft.NET.Sdk\targets\Microsoft.PackageDependencyResolution.targets(80,5): message :       PrepareForBuild;
                   C:\Program Files\dotnet\sdk\10.0.102\Sdks\Microsoft.NET.Sdk\targets\Microsoft.PackageDependencyResolution.targets(80,5): message :       ResolveSDKReferences;
                   C:\Program Files\dotnet\sdk\10.0.102\Sdks\Microsoft.NET.Sdk\targets\Microsoft.PackageDependencyResolution.targets(80,5): message :       ExpandSDKReferences;
                   C:\Program Files\dotnet\sdk\10.0.102\Sdks\Microsoft.NET.Sdk\targets\Microsoft.PackageDependencyResolution.targets(80,5): message :     ;
                   C:\Program Files\dotnet\sdk\10.0.102\Sdks\Microsoft.NET.Sdk\targets\Microsoft.PackageDependencyResolution.targets(80,5): message :       ResolvePackageDependenciesForBuild;
                   C:\Program Files\dotnet\sdk\10.0.102\Sdks\Microsoft.NET.Sdk\targets\Microsoft.PackageDependencyResolution.targets(80,5): message :       _HandlePackageFileConflicts;
                   C:\Program Files\dotnet\sdk\10.0.102\Sdks\Microsoft.NET.Sdk\targets\Microsoft.PackageDependencyResolution.targets(80,5): message :     " (previous value: "
                   C:\Program Files\dotnet\sdk\10.0.102\Sdks\Microsoft.NET.Sdk\targets\Microsoft.PackageDependencyResolution.targets(80,5): message :       ResolveProjectReferences;
                   C:\Program Files\dotnet\sdk\10.0.102\Sdks\Microsoft.NET.Sdk\targets\Microsoft.PackageDependencyResolution.targets(80,5): message :       FindInvalidProjectReferences;
                   C:\Program Files\dotnet\sdk\10.0.102\Sdks\Microsoft.NET.Sdk\targets\Microsoft.PackageDependencyResolution.targets(80,5): message :       GetFrameworkPaths;
                   C:\Program Files\dotnet\sdk\10.0.102\Sdks\Microsoft.NET.Sdk\targets\Microsoft.PackageDependencyResolution.targets(80,5): message :       GetReferenceAssemblyPaths;
                   C:\Program Files\dotnet\sdk\10.0.102\Sdks\Microsoft.NET.Sdk\targets\Microsoft.PackageDependencyResolution.targets(80,5): message :       PrepareForBuild;
                   C:\Program Files\dotnet\sdk\10.0.102\Sdks\Microsoft.NET.Sdk\targets\Microsoft.PackageDependencyResolution.targets(80,5): message :       ResolveSDKReferences;
                   C:\Program Files\dotnet\sdk\10.0.102\Sdks\Microsoft.NET.Sdk\targets\Microsoft.PackageDependencyResolution.targets(80,5): message :       ExpandSDKReferences;
                   C:\Program Files\dotnet\sdk\10.0.102\Sdks\Microsoft.NET.Sdk\targets\Microsoft.PackageDependencyResolution.targets(80,5): message :     ") at C:\Program Files\dotnet\sdk\10.0.102\Sdks\Microsoft.NET.Sdk\targets\Microsoft.PackageDependencyResolution.targets (80,5)
                   C:\Program Files\dotnet\sdk\10.0.102\Sdks\Microsoft.NET.Sdk\targets\Microsoft.PackageDependencyResolution.targets(86,5): message : Property reassignment: $(PrepareResourcesDependsOn)="
                   C:\Program Files\dotnet\sdk\10.0.102\Sdks\Microsoft.NET.Sdk\targets\Microsoft.PackageDependencyResolution.targets(86,5): message :       ResolvePackageDependenciesForBuild;
                   C:\Program Files\dotnet\sdk\10.0.102\Sdks\Microsoft.NET.Sdk\targets\Microsoft.PackageDependencyResolution.targets(86,5): message :       _HandlePackageFileConflicts;
                   C:\Program Files\dotnet\sdk\10.0.102\Sdks\Microsoft.NET.Sdk\targets\Microsoft.PackageDependencyResolution.targets(86,5): message :       
                   C:\Program Files\dotnet\sdk\10.0.102\Sdks\Microsoft.NET.Sdk\targets\Microsoft.PackageDependencyResolution.targets(86,5): message :       ;
                   C:\Program Files\dotnet\sdk\10.0.102\Sdks\Microsoft.NET.Sdk\targets\Microsoft.PackageDependencyResolution.targets(86,5): message :       PrepareResourceNames;
                   C:\Program Files\dotnet\sdk\10.0.102\Sdks\Microsoft.NET.Sdk\targets\Microsoft.PackageDependencyResolution.targets(86,5): message :       ResGen;
                   C:\Program Files\dotnet\sdk\10.0.102\Sdks\Microsoft.NET.Sdk\targets\Microsoft.PackageDependencyResolution.targets(86,5): message :       CompileLicxFiles
                   C:\Program Files\dotnet\sdk\10.0.102\Sdks\Microsoft.NET.Sdk\targets\Microsoft.PackageDependencyResolution.targets(86,5): message :     
                   C:\Program Files\dotnet\sdk\10.0.102\Sdks\Microsoft.NET.Sdk\targets\Microsoft.PackageDependencyResolution.targets(86,5): message :     " (previous value: "
                   C:\Program Files\dotnet\sdk\10.0.102\Sdks\Microsoft.NET.Sdk\targets\Microsoft.PackageDependencyResolution.targets(86,5): message :       ;
                   C:\Program Files\dotnet\sdk\10.0.102\Sdks\Microsoft.NET.Sdk\targets\Microsoft.PackageDependencyResolution.targets(86,5): message :       PrepareResourceNames;
                   C:\Program Files\dotnet\sdk\10.0.102\Sdks\Microsoft.NET.Sdk\targets\Microsoft.PackageDependencyResolution.targets(86,5): message :       ResGen;
                   C:\Program Files\dotnet\sdk\10.0.102\Sdks\Microsoft.NET.Sdk\targets\Microsoft.PackageDependencyResolution.targets(86,5): message :       CompileLicxFiles
                   C:\Program Files\dotnet\sdk\10.0.102\Sdks\Microsoft.NET.Sdk\targets\Microsoft.PackageDependencyResolution.targets(86,5): message :     ") at C:\Program Files\dotnet\sdk\10.0.102\Sdks\Microsoft.NET.Sdk\targets\Microsoft.PackageDependencyResolution.targets (86,5)
                   C:\Program Files\dotnet\sdk\10.0.102\Sdks\Microsoft.NET.Sdk\targets\Microsoft.NET.Sdk.DefaultItems.targets(35,5): message : Property reassignment: $(DefaultItemExcludes)=";bin\Debug\/**;obj\Debug\/**;bin\/**" (previous value: ";bin\Debug\/**;obj\Debug\/**") at C:\Program Files\dotnet\sdk\10.0.102\Sdks\Microsoft.NET.Sdk\targets\Microsoft.NET.Sdk.DefaultItems.targets (35,5)
                   C:\Program Files\dotnet\sdk\10.0.102\Sdks\Microsoft.NET.Sdk\targets\Microsoft.NET.Sdk.DefaultItems.targets(37,5): message : Property reassignment: $(DefaultItemExcludes)=";bin\Debug\/**;obj\Debug\/**;bin\/**;obj\/**" (previous value: ";bin\Debug\/**;obj\Debug\/**;bin\/**") at C:\Program Files\dotnet\sdk\10.0.102\Sdks\Microsoft.NET.Sdk\targets\Microsoft.NET.Sdk.DefaultItems.targets (37,5)
                   C:\Program Files\dotnet\sdk\10.0.102\Sdks\Microsoft.NET.Sdk\targets\Microsoft.NET.Sdk.DefaultItems.targets(40,5): message : Property reassignment: $(DefaultItemExcludes)=";bin\Debug\/**;obj\Debug\/**;bin\/**;obj\/**;**/*.user" (previous value: ";bin\Debug\/**;obj\Debug\/**;bin\/**;obj\/**") at C:\Program Files\dotnet\sdk\10.0.102\Sdks\Microsoft.NET.Sdk\targets\Microsoft.NET.Sdk.DefaultItems.targets (40,5)
                   C:\Program Files\dotnet\sdk\10.0.102\Sdks\Microsoft.NET.Sdk\targets\Microsoft.NET.Sdk.DefaultItems.targets(41,5): message : Property reassignment: $(DefaultItemExcludes)=";bin\Debug\/**;obj\Debug\/**;bin\/**;obj\/**;**/*.user;**/*.*proj" (previous value: ";bin\Debug\/**;obj\Debug\/**;bin\/**;obj\/**;**/*.user") at C:\Program Files\dotnet\sdk\10.0.102\Sdks\Microsoft.NET.Sdk\targets\Microsoft.NET.Sdk.DefaultItems.targets (41,5)
                   C:\Program Files\dotnet\sdk\10.0.102\Sdks\Microsoft.NET.Sdk\targets\Microsoft.NET.Sdk.DefaultItems.targets(42,5): message : Property reassignment: $(DefaultItemExcludes)=";bin\Debug\/**;obj\Debug\/**;bin\/**;obj\/**;**/*.user;**/*.*proj;**/*.sln" (previous value: ";bin\Debug\/**;obj\Debug\/**;bin\/**;obj\/**;**/*.user;**/*.*proj") at C:\Program Files\dotnet\sdk\10.0.102\Sdks\Microsoft.NET.Sdk\targets\Microsoft.NET.Sdk.DefaultItems.targets (42,5)
                   C:\Program Files\dotnet\sdk\10.0.102\Sdks\Microsoft.NET.Sdk\targets\Microsoft.NET.Sdk.DefaultItems.targets(43,5): message : Property reassignment: $(DefaultItemExcludes)=";bin\Debug\/**;obj\Debug\/**;bin\/**;obj\/**;**/*.user;**/*.*proj;**/*.sln;**/*.slnx" (previous value: ";bin\Debug\/**;obj\Debug\/**;bin\/**;obj\/**;**/*.user;**/*.*proj;**/*.sln") at C:\Program Files\dotnet\sdk\10.0.102\Sdks\Microsoft.NET.Sdk\targets\Microsoft.NET.Sdk.DefaultItems.targets (43,5)
                   C:\Program Files\dotnet\sdk\10.0.102\Sdks\Microsoft.NET.Sdk\targets\Microsoft.NET.Sdk.DefaultItems.targets(44,5): message : Property reassignment: $(DefaultItemExcludes)=";bin\Debug\/**;obj\Debug\/**;bin\/**;obj\/**;**/*.user;**/*.*proj;**/*.sln;**/*.slnx;**/*.vssscc" (previous value: ";bin\Debug\/**;obj\Debug\/**;bin\/**;obj\/**;**/*.user;**/*.*proj;**/*.sln;**/*.slnx") at C:\Program Files\dotnet\sdk\10.0.102\Sdks\Microsoft.NET.Sdk\targets\Microsoft.NET.Sdk.DefaultItems.targets (44,5)
                   C:\Program Files\dotnet\sdk\10.0.102\Sdks\Microsoft.NET.Sdk\targets\Microsoft.NET.Sdk.DefaultItems.targets(45,5): message : Property reassignment: $(DefaultItemExcludes)=";bin\Debug\/**;obj\Debug\/**;bin\/**;obj\/**;**/*.user;**/*.*proj;**/*.sln;**/*.slnx;**/*.vssscc;**/.DS_Store" (previous value: ";bin\Debug\/**;obj\Debug\/**;bin\/**;obj\/**;**/*.user;**/*.*proj;**/*.sln;**/*.slnx;**/*.vssscc") at C:\Program Files\dotnet\sdk\10.0.102\Sdks\Microsoft.NET.Sdk\targets\Microsoft.NET.Sdk.DefaultItems.targets (45,5)
                   C:\Program Files\dotnet\sdk\10.0.102\Sdks\Microsoft.NET.Sdk\targets\Microsoft.NET.Sdk.FrameworkReferenceResolution.targets(14,5): message : Property reassignment: $(ResolveAssemblyReferencesDependsOn)="
                   C:\Program Files\dotnet\sdk\10.0.102\Sdks\Microsoft.NET.Sdk\targets\Microsoft.NET.Sdk.FrameworkReferenceResolution.targets(14,5): message :       
                   C:\Program Files\dotnet\sdk\10.0.102\Sdks\Microsoft.NET.Sdk\targets\Microsoft.NET.Sdk.FrameworkReferenceResolution.targets(14,5): message :       
                   C:\Program Files\dotnet\sdk\10.0.102\Sdks\Microsoft.NET.Sdk\targets\Microsoft.NET.Sdk.FrameworkReferenceResolution.targets(14,5): message :       ResolveProjectReferences;
                   C:\Program Files\dotnet\sdk\10.0.102\Sdks\Microsoft.NET.Sdk\targets\Microsoft.NET.Sdk.FrameworkReferenceResolution.targets(14,5): message :       FindInvalidProjectReferences;
                   C:\Program Files\dotnet\sdk\10.0.102\Sdks\Microsoft.NET.Sdk\targets\Microsoft.NET.Sdk.FrameworkReferenceResolution.targets(14,5): message :       GetFrameworkPaths;
                   C:\Program Files\dotnet\sdk\10.0.102\Sdks\Microsoft.NET.Sdk\targets\Microsoft.NET.Sdk.FrameworkReferenceResolution.targets(14,5): message :       GetReferenceAssemblyPaths;
                   C:\Program Files\dotnet\sdk\10.0.102\Sdks\Microsoft.NET.Sdk\targets\Microsoft.NET.Sdk.FrameworkReferenceResolution.targets(14,5): message :       PrepareForBuild;
                   C:\Program Files\dotnet\sdk\10.0.102\Sdks\Microsoft.NET.Sdk\targets\Microsoft.NET.Sdk.FrameworkReferenceResolution.targets(14,5): message :       ResolveSDKReferences;
                   C:\Program Files\dotnet\sdk\10.0.102\Sdks\Microsoft.NET.Sdk\targets\Microsoft.NET.Sdk.FrameworkReferenceResolution.targets(14,5): message :       ExpandSDKReferences;
                   C:\Program Files\dotnet\sdk\10.0.102\Sdks\Microsoft.NET.Sdk\targets\Microsoft.NET.Sdk.FrameworkReferenceResolution.targets(14,5): message :     ;
                   C:\Program Files\dotnet\sdk\10.0.102\Sdks\Microsoft.NET.Sdk\targets\Microsoft.NET.Sdk.FrameworkReferenceResolution.targets(14,5): message :       ResolvePackageDependenciesForBuild;
                   C:\Program Files\dotnet\sdk\10.0.102\Sdks\Microsoft.NET.Sdk\targets\Microsoft.NET.Sdk.FrameworkReferenceResolution.targets(14,5): message :       _HandlePackageFileConflicts;
                   C:\Program Files\dotnet\sdk\10.0.102\Sdks\Microsoft.NET.Sdk\targets\Microsoft.NET.Sdk.FrameworkReferenceResolution.targets(14,5): message :     ;
                   C:\Program Files\dotnet\sdk\10.0.102\Sdks\Microsoft.NET.Sdk\targets\Microsoft.NET.Sdk.FrameworkReferenceResolution.targets(14,5): message :       ResolveTargetingPackAssets;
                   C:\Program Files\dotnet\sdk\10.0.102\Sdks\Microsoft.NET.Sdk\targets\Microsoft.NET.Sdk.FrameworkReferenceResolution.targets(14,5): message :     " (previous value: "
                   C:\Program Files\dotnet\sdk\10.0.102\Sdks\Microsoft.NET.Sdk\targets\Microsoft.NET.Sdk.FrameworkReferenceResolution.targets(14,5): message :       
                   C:\Program Files\dotnet\sdk\10.0.102\Sdks\Microsoft.NET.Sdk\targets\Microsoft.NET.Sdk.FrameworkReferenceResolution.targets(14,5): message :       ResolveProjectReferences;
                   C:\Program Files\dotnet\sdk\10.0.102\Sdks\Microsoft.NET.Sdk\targets\Microsoft.NET.Sdk.FrameworkReferenceResolution.targets(14,5): message :       FindInvalidProjectReferences;
                   C:\Program Files\dotnet\sdk\10.0.102\Sdks\Microsoft.NET.Sdk\targets\Microsoft.NET.Sdk.FrameworkReferenceResolution.targets(14,5): message :       GetFrameworkPaths;
                   C:\Program Files\dotnet\sdk\10.0.102\Sdks\Microsoft.NET.Sdk\targets\Microsoft.NET.Sdk.FrameworkReferenceResolution.targets(14,5): message :       GetReferenceAssemblyPaths;
                   C:\Program Files\dotnet\sdk\10.0.102\Sdks\Microsoft.NET.Sdk\targets\Microsoft.NET.Sdk.FrameworkReferenceResolution.targets(14,5): message :       PrepareForBuild;
                   C:\Program Files\dotnet\sdk\10.0.102\Sdks\Microsoft.NET.Sdk\targets\Microsoft.NET.Sdk.FrameworkReferenceResolution.targets(14,5): message :       ResolveSDKReferences;
                   C:\Program Files\dotnet\sdk\10.0.102\Sdks\Microsoft.NET.Sdk\targets\Microsoft.NET.Sdk.FrameworkReferenceResolution.targets(14,5): message :       ExpandSDKReferences;
                   C:\Program Files\dotnet\sdk\10.0.102\Sdks\Microsoft.NET.Sdk\targets\Microsoft.NET.Sdk.FrameworkReferenceResolution.targets(14,5): message :     ;
                   C:\Program Files\dotnet\sdk\10.0.102\Sdks\Microsoft.NET.Sdk\targets\Microsoft.NET.Sdk.FrameworkReferenceResolution.targets(14,5): message :       ResolvePackageDependenciesForBuild;
                   C:\Program Files\dotnet\sdk\10.0.102\Sdks\Microsoft.NET.Sdk\targets\Microsoft.NET.Sdk.FrameworkReferenceResolution.targets(14,5): message :       _HandlePackageFileConflicts;
                   C:\Program Files\dotnet\sdk\10.0.102\Sdks\Microsoft.NET.Sdk\targets\Microsoft.NET.Sdk.FrameworkReferenceResolution.targets(14,5): message :     ") at C:\Program Files\dotnet\sdk\10.0.102\Sdks\Microsoft.NET.Sdk\targets\Microsoft.NET.Sdk.FrameworkReferenceResolution.targets (14,5)
                   C:\Program Files\dotnet\sdk\10.0.102\Sdks\Microsoft.NET.Sdk\targets\Microsoft.NET.Sdk.targets(44,5): message : Property reassignment: $(_GenerateRuntimeConfigurationPropertyInputsCache)="c:\Users\niaci\RiderProjects\moenybox_devicecontroller\KIOSK.Device.Contracts\obj\Debug\net9.0\KIOSK.Device.Contracts.genruntimeconfig.cache" (previous value: "obj\Debug\net9.0\KIOSK.Device.Contracts.genruntimeconfig.cache") at C:\Program Files\dotnet\sdk\10.0.102\Sdks\Microsoft.NET.Sdk\targets\Microsoft.NET.Sdk.targets (44,5)
                   C:\Program Files\dotnet\sdk\10.0.102\Sdks\Microsoft.NET.Sdk\targets\Microsoft.NET.Sdk.targets(46,5): message : Property reassignment: $(_GeneratePublishDependencyFilePropertyInputsCache)="c:\Users\niaci\RiderProjects\moenybox_devicecontroller\KIOSK.Device.Contracts\obj\Debug\net9.0\KIOSK.Device.Contracts.genpublishdeps.cache" (previous value: "obj\Debug\net9.0\KIOSK.Device.Contracts.genpublishdeps.cache") at C:\Program Files\dotnet\sdk\10.0.102\Sdks\Microsoft.NET.Sdk\targets\Microsoft.NET.Sdk.targets (46,5)
                   C:\Program Files\dotnet\sdk\10.0.102\Sdks\Microsoft.NET.Sdk\targets\Microsoft.NET.Sdk.targets(48,5): message : Property reassignment: $(_GenerateSingleFileBundlePropertyInputsCache)="c:\Users\niaci\RiderProjects\moenybox_devicecontroller\KIOSK.Device.Contracts\obj\Debug\net9.0\KIOSK.Device.Contracts.genbundle.cache" (previous value: "obj\Debug\net9.0\KIOSK.Device.Contracts.genbundle.cache") at C:\Program Files\dotnet\sdk\10.0.102\Sdks\Microsoft.NET.Sdk\targets\Microsoft.NET.Sdk.targets (48,5)
                   C:\Program Files\dotnet\sdk\10.0.102\Sdks\Microsoft.NET.Sdk\targets\Microsoft.NET.Sdk.targets(81,5): message : Property reassignment: $(GenerateRuntimeConfigDevFile)="false" (previous value: "true") at C:\Program Files\dotnet\sdk\10.0.102\Sdks\Microsoft.NET.Sdk\targets\Microsoft.NET.Sdk.targets (81,5)
                   C:\Program Files\dotnet\sdk\10.0.102\Sdks\Microsoft.NET.Sdk\targets\Microsoft.NET.Sdk.targets(98,5): message : Property 'USERPROFILE' with value 'C:\Users\niaci' expanded from the environment.
                   C:\Program Files\dotnet\sdk\10.0.102\Sdks\Microsoft.NET.Sdk\targets\Microsoft.NET.Sdk.targets(98,5): message : Property reassignment: $(_DefaultUserProfileRuntimeStorePath)="C:\Users\niaci" (previous value: "") at C:\Program Files\dotnet\sdk\10.0.102\Sdks\Microsoft.NET.Sdk\targets\Microsoft.NET.Sdk.targets (98,5)
                   C:\Program Files\dotnet\sdk\10.0.102\Sdks\Microsoft.NET.Sdk\targets\Microsoft.NET.Sdk.targets(99,5): message : Property reassignment: $(_DefaultUserProfileRuntimeStorePath)="C:\Users\niaci\.dotnet\store" (previous value: "C:\Users\niaci") at C:\Program Files\dotnet\sdk\10.0.102\Sdks\Microsoft.NET.Sdk\targets\Microsoft.NET.Sdk.targets (99,5)
                   C:\Program Files\dotnet\sdk\10.0.102\Sdks\Microsoft.NET.Sdk\targets\Microsoft.NET.Sdk.targets(144,5): message : Property reassignment: $(AvailablePlatforms)="Any CPU,x86,x64,ARM32" (previous value: "Any CPU,x86,x64") at C:\Program Files\dotnet\sdk\10.0.102\Sdks\Microsoft.NET.Sdk\targets\Microsoft.NET.Sdk.targets (144,5)
                   C:\Program Files\dotnet\sdk\10.0.102\Sdks\Microsoft.NET.Sdk\targets\Microsoft.NET.Sdk.targets(148,5): message : Property reassignment: $(AvailablePlatforms)="Any CPU,x86,x64,ARM32,ARM64" (previous value: "Any CPU,x86,x64,ARM32") at C:\Program Files\dotnet\sdk\10.0.102\Sdks\Microsoft.NET.Sdk\targets\Microsoft.NET.Sdk.targets (148,5)
                   C:\Program Files\dotnet\sdk\10.0.102\Sdks\Microsoft.NET.Sdk\targets\Microsoft.NET.Sdk.targets(204,5): message : Property reassignment: $(CoreBuildDependsOn)="
                   C:\Program Files\dotnet\sdk\10.0.102\Sdks\Microsoft.NET.Sdk\targets\Microsoft.NET.Sdk.targets(204,5): message :       _CheckForBuildWithNoBuild;
                   C:\Program Files\dotnet\sdk\10.0.102\Sdks\Microsoft.NET.Sdk\targets\Microsoft.NET.Sdk.targets(204,5): message :       
                   C:\Program Files\dotnet\sdk\10.0.102\Sdks\Microsoft.NET.Sdk\targets\Microsoft.NET.Sdk.targets(204,5): message :       BuildOnlySettings;
                   C:\Program Files\dotnet\sdk\10.0.102\Sdks\Microsoft.NET.Sdk\targets\Microsoft.NET.Sdk.targets(204,5): message :       PrepareForBuild;
                   C:\Program Files\dotnet\sdk\10.0.102\Sdks\Microsoft.NET.Sdk\targets\Microsoft.NET.Sdk.targets(204,5): message :       PreBuildEvent;
                   C:\Program Files\dotnet\sdk\10.0.102\Sdks\Microsoft.NET.Sdk\targets\Microsoft.NET.Sdk.targets(204,5): message :       ResolveReferences;
                   C:\Program Files\dotnet\sdk\10.0.102\Sdks\Microsoft.NET.Sdk\targets\Microsoft.NET.Sdk.targets(204,5): message :       PrepareResources;
                   C:\Program Files\dotnet\sdk\10.0.102\Sdks\Microsoft.NET.Sdk\targets\Microsoft.NET.Sdk.targets(204,5): message :       ResolveKeySource;
                   C:\Program Files\dotnet\sdk\10.0.102\Sdks\Microsoft.NET.Sdk\targets\Microsoft.NET.Sdk.targets(204,5): message :       Compile;
                   C:\Program Files\dotnet\sdk\10.0.102\Sdks\Microsoft.NET.Sdk\targets\Microsoft.NET.Sdk.targets(204,5): message :       ExportWindowsMDFile;
                   C:\Program Files\dotnet\sdk\10.0.102\Sdks\Microsoft.NET.Sdk\targets\Microsoft.NET.Sdk.targets(204,5): message :       UnmanagedUnregistration;
                   C:\Program Files\dotnet\sdk\10.0.102\Sdks\Microsoft.NET.Sdk\targets\Microsoft.NET.Sdk.targets(204,5): message :       GenerateSerializationAssemblies;
                   C:\Program Files\dotnet\sdk\10.0.102\Sdks\Microsoft.NET.Sdk\targets\Microsoft.NET.Sdk.targets(204,5): message :       CreateSatelliteAssemblies;
                   C:\Program Files\dotnet\sdk\10.0.102\Sdks\Microsoft.NET.Sdk\targets\Microsoft.NET.Sdk.targets(204,5): message :       GenerateManifests;
                   C:\Program Files\dotnet\sdk\10.0.102\Sdks\Microsoft.NET.Sdk\targets\Microsoft.NET.Sdk.targets(204,5): message :       GetTargetPath;
                   C:\Program Files\dotnet\sdk\10.0.102\Sdks\Microsoft.NET.Sdk\targets\Microsoft.NET.Sdk.targets(204,5): message :       PrepareForRun;
                   C:\Program Files\dotnet\sdk\10.0.102\Sdks\Microsoft.NET.Sdk\targets\Microsoft.NET.Sdk.targets(204,5): message :       UnmanagedRegistration;
                   C:\Program Files\dotnet\sdk\10.0.102\Sdks\Microsoft.NET.Sdk\targets\Microsoft.NET.Sdk.targets(204,5): message :       IncrementalClean;
                   C:\Program Files\dotnet\sdk\10.0.102\Sdks\Microsoft.NET.Sdk\targets\Microsoft.NET.Sdk.targets(204,5): message :       PostBuildEvent
                   C:\Program Files\dotnet\sdk\10.0.102\Sdks\Microsoft.NET.Sdk\targets\Microsoft.NET.Sdk.targets(204,5): message :     ;
                   C:\Program Files\dotnet\sdk\10.0.102\Sdks\Microsoft.NET.Sdk\targets\Microsoft.NET.Sdk.targets(204,5): message :       GenerateBuildDependencyFile;
                   C:\Program Files\dotnet\sdk\10.0.102\Sdks\Microsoft.NET.Sdk\targets\Microsoft.NET.Sdk.targets(204,5): message :       GenerateBuildRuntimeConfigurationFiles
                   C:\Program Files\dotnet\sdk\10.0.102\Sdks\Microsoft.NET.Sdk\targets\Microsoft.NET.Sdk.targets(204,5): message :     " (previous value: "
                   C:\Program Files\dotnet\sdk\10.0.102\Sdks\Microsoft.NET.Sdk\targets\Microsoft.NET.Sdk.targets(204,5): message :       BuildOnlySettings;
                   C:\Program Files\dotnet\sdk\10.0.102\Sdks\Microsoft.NET.Sdk\targets\Microsoft.NET.Sdk.targets(204,5): message :       PrepareForBuild;
                   C:\Program Files\dotnet\sdk\10.0.102\Sdks\Microsoft.NET.Sdk\targets\Microsoft.NET.Sdk.targets(204,5): message :       PreBuildEvent;
                   C:\Program Files\dotnet\sdk\10.0.102\Sdks\Microsoft.NET.Sdk\targets\Microsoft.NET.Sdk.targets(204,5): message :       ResolveReferences;
                   C:\Program Files\dotnet\sdk\10.0.102\Sdks\Microsoft.NET.Sdk\targets\Microsoft.NET.Sdk.targets(204,5): message :       PrepareResources;
                   C:\Program Files\dotnet\sdk\10.0.102\Sdks\Microsoft.NET.Sdk\targets\Microsoft.NET.Sdk.targets(204,5): message :       ResolveKeySource;
                   C:\Program Files\dotnet\sdk\10.0.102\Sdks\Microsoft.NET.Sdk\targets\Microsoft.NET.Sdk.targets(204,5): message :       Compile;
                   C:\Program Files\dotnet\sdk\10.0.102\Sdks\Microsoft.NET.Sdk\targets\Microsoft.NET.Sdk.targets(204,5): message :       ExportWindowsMDFile;
                   C:\Program Files\dotnet\sdk\10.0.102\Sdks\Microsoft.NET.Sdk\targets\Microsoft.NET.Sdk.targets(204,5): message :       UnmanagedUnregistration;
                   C:\Program Files\dotnet\sdk\10.0.102\Sdks\Microsoft.NET.Sdk\targets\Microsoft.NET.Sdk.targets(204,5): message :       GenerateSerializationAssemblies;
                   C:\Program Files\dotnet\sdk\10.0.102\Sdks\Microsoft.NET.Sdk\targets\Microsoft.NET.Sdk.targets(204,5): message :       CreateSatelliteAssemblies;
                   C:\Program Files\dotnet\sdk\10.0.102\Sdks\Microsoft.NET.Sdk\targets\Microsoft.NET.Sdk.targets(204,5): message :       GenerateManifests;
                   C:\Program Files\dotnet\sdk\10.0.102\Sdks\Microsoft.NET.Sdk\targets\Microsoft.NET.Sdk.targets(204,5): message :       GetTargetPath;
                   C:\Program Files\dotnet\sdk\10.0.102\Sdks\Microsoft.NET.Sdk\targets\Microsoft.NET.Sdk.targets(204,5): message :       PrepareForRun;
                   C:\Program Files\dotnet\sdk\10.0.102\Sdks\Microsoft.NET.Sdk\targets\Microsoft.NET.Sdk.targets(204,5): message :       UnmanagedRegistration;
                   C:\Program Files\dotnet\sdk\10.0.102\Sdks\Microsoft.NET.Sdk\targets\Microsoft.NET.Sdk.targets(204,5): message :       IncrementalClean;
                   C:\Program Files\dotnet\sdk\10.0.102\Sdks\Microsoft.NET.Sdk\targets\Microsoft.NET.Sdk.targets(204,5): message :       PostBuildEvent
                   C:\Program Files\dotnet\sdk\10.0.102\Sdks\Microsoft.NET.Sdk\targets\Microsoft.NET.Sdk.targets(204,5): message :     ") at C:\Program Files\dotnet\sdk\10.0.102\Sdks\Microsoft.NET.Sdk\targets\Microsoft.NET.Sdk.targets (204,5)
                   C:\Program Files\dotnet\sdk\10.0.102\Sdks\Microsoft.NET.Sdk\targets\Microsoft.NET.Sdk.targets(213,5): message : Property reassignment: $(CoreCleanDependsOn)="
                   C:\Program Files\dotnet\sdk\10.0.102\Sdks\Microsoft.NET.Sdk\targets\Microsoft.NET.Sdk.targets(213,5): message :       _SdkBeforeClean;
                   C:\Program Files\dotnet\sdk\10.0.102\Sdks\Microsoft.NET.Sdk\targets\Microsoft.NET.Sdk.targets(213,5): message :       
                   C:\Program Files\dotnet\sdk\10.0.102\Sdks\Microsoft.NET.Sdk\targets\Microsoft.NET.Sdk.targets(213,5): message :     " (previous value: "") at C:\Program Files\dotnet\sdk\10.0.102\Sdks\Microsoft.NET.Sdk\targets\Microsoft.NET.Sdk.targets (213,5)
                   C:\Program Files\dotnet\sdk\10.0.102\Sdks\Microsoft.NET.Sdk\targets\Microsoft.NET.Sdk.targets(220,5): message : Property reassignment: $(RebuildDependsOn)="
                   C:\Program Files\dotnet\sdk\10.0.102\Sdks\Microsoft.NET.Sdk\targets\Microsoft.NET.Sdk.targets(220,5): message :       _SdkBeforeRebuild;
                   C:\Program Files\dotnet\sdk\10.0.102\Sdks\Microsoft.NET.Sdk\targets\Microsoft.NET.Sdk.targets(220,5): message :       
                   C:\Program Files\dotnet\sdk\10.0.102\Sdks\Microsoft.NET.Sdk\targets\Microsoft.NET.Sdk.targets(220,5): message :       BeforeRebuild;
                   C:\Program Files\dotnet\sdk\10.0.102\Sdks\Microsoft.NET.Sdk\targets\Microsoft.NET.Sdk.targets(220,5): message :       Clean;
                   C:\Program Files\dotnet\sdk\10.0.102\Sdks\Microsoft.NET.Sdk\targets\Microsoft.NET.Sdk.targets(220,5): message :       Build;
                   C:\Program Files\dotnet\sdk\10.0.102\Sdks\Microsoft.NET.Sdk\targets\Microsoft.NET.Sdk.targets(220,5): message :       AfterRebuild;
                   C:\Program Files\dotnet\sdk\10.0.102\Sdks\Microsoft.NET.Sdk\targets\Microsoft.NET.Sdk.targets(220,5): message :     
                   C:\Program Files\dotnet\sdk\10.0.102\Sdks\Microsoft.NET.Sdk\targets\Microsoft.NET.Sdk.targets(220,5): message :     " (previous value: "
                   C:\Program Files\dotnet\sdk\10.0.102\Sdks\Microsoft.NET.Sdk\targets\Microsoft.NET.Sdk.targets(220,5): message :       BeforeRebuild;
                   C:\Program Files\dotnet\sdk\10.0.102\Sdks\Microsoft.NET.Sdk\targets\Microsoft.NET.Sdk.targets(220,5): message :       Clean;
                   C:\Program Files\dotnet\sdk\10.0.102\Sdks\Microsoft.NET.Sdk\targets\Microsoft.NET.Sdk.targets(220,5): message :       Build;
                   C:\Program Files\dotnet\sdk\10.0.102\Sdks\Microsoft.NET.Sdk\targets\Microsoft.NET.Sdk.targets(220,5): message :       AfterRebuild;
                   C:\Program Files\dotnet\sdk\10.0.102\Sdks\Microsoft.NET.Sdk\targets\Microsoft.NET.Sdk.targets(220,5): message :     ") at C:\Program Files\dotnet\sdk\10.0.102\Sdks\Microsoft.NET.Sdk\targets\Microsoft.NET.Sdk.targets (220,5)
                   C:\Program Files\dotnet\sdk\10.0.102\Sdks\Microsoft.NET.Sdk\targets\Microsoft.NET.Sdk.targets(799,5): message : Property reassignment: $(CompileDependsOn)="
                   C:\Program Files\dotnet\sdk\10.0.102\Sdks\Microsoft.NET.Sdk\targets\Microsoft.NET.Sdk.targets(799,5): message :       
                   C:\Program Files\dotnet\sdk\10.0.102\Sdks\Microsoft.NET.Sdk\targets\Microsoft.NET.Sdk.targets(799,5): message :       ResolveReferences;
                   C:\Program Files\dotnet\sdk\10.0.102\Sdks\Microsoft.NET.Sdk\targets\Microsoft.NET.Sdk.targets(799,5): message :       ResolveKeySource;
                   C:\Program Files\dotnet\sdk\10.0.102\Sdks\Microsoft.NET.Sdk\targets\Microsoft.NET.Sdk.targets(799,5): message :       SetWin32ManifestProperties;
                   C:\Program Files\dotnet\sdk\10.0.102\Sdks\Microsoft.NET.Sdk\targets\Microsoft.NET.Sdk.targets(799,5): message :       _SetPreferNativeArm64Win32ManifestProperties;
                   C:\Program Files\dotnet\sdk\10.0.102\Sdks\Microsoft.NET.Sdk\targets\Microsoft.NET.Sdk.targets(799,5): message :       FindReferenceAssembliesForReferences;
                   C:\Program Files\dotnet\sdk\10.0.102\Sdks\Microsoft.NET.Sdk\targets\Microsoft.NET.Sdk.targets(799,5): message :       _GenerateCompileInputs;
                   C:\Program Files\dotnet\sdk\10.0.102\Sdks\Microsoft.NET.Sdk\targets\Microsoft.NET.Sdk.targets(799,5): message :       BeforeCompile;
                   C:\Program Files\dotnet\sdk\10.0.102\Sdks\Microsoft.NET.Sdk\targets\Microsoft.NET.Sdk.targets(799,5): message :       _TimeStampBeforeCompile;
                   C:\Program Files\dotnet\sdk\10.0.102\Sdks\Microsoft.NET.Sdk\targets\Microsoft.NET.Sdk.targets(799,5): message :       _GenerateCompileDependencyCache;
                   C:\Program Files\dotnet\sdk\10.0.102\Sdks\Microsoft.NET.Sdk\targets\Microsoft.NET.Sdk.targets(799,5): message :       CoreCompile;
                   C:\Program Files\dotnet\sdk\10.0.102\Sdks\Microsoft.NET.Sdk\targets\Microsoft.NET.Sdk.targets(799,5): message :       _TimeStampAfterCompile;
                   C:\Program Files\dotnet\sdk\10.0.102\Sdks\Microsoft.NET.Sdk\targets\Microsoft.NET.Sdk.targets(799,5): message :       AfterCompile;
                   C:\Program Files\dotnet\sdk\10.0.102\Sdks\Microsoft.NET.Sdk\targets\Microsoft.NET.Sdk.targets(799,5): message :     ;
                   C:\Program Files\dotnet\sdk\10.0.102\Sdks\Microsoft.NET.Sdk\targets\Microsoft.NET.Sdk.targets(799,5): message :       _CreateAppHost;
                   C:\Program Files\dotnet\sdk\10.0.102\Sdks\Microsoft.NET.Sdk\targets\Microsoft.NET.Sdk.targets(799,5): message :       _CreateComHost;
                   C:\Program Files\dotnet\sdk\10.0.102\Sdks\Microsoft.NET.Sdk\targets\Microsoft.NET.Sdk.targets(799,5): message :       _GetIjwHostPaths;
                   C:\Program Files\dotnet\sdk\10.0.102\Sdks\Microsoft.NET.Sdk\targets\Microsoft.NET.Sdk.targets(799,5): message :     " (previous value: "
                   C:\Program Files\dotnet\sdk\10.0.102\Sdks\Microsoft.NET.Sdk\targets\Microsoft.NET.Sdk.targets(799,5): message :       ResolveReferences;
                   C:\Program Files\dotnet\sdk\10.0.102\Sdks\Microsoft.NET.Sdk\targets\Microsoft.NET.Sdk.targets(799,5): message :       ResolveKeySource;
                   C:\Program Files\dotnet\sdk\10.0.102\Sdks\Microsoft.NET.Sdk\targets\Microsoft.NET.Sdk.targets(799,5): message :       SetWin32ManifestProperties;
                   C:\Program Files\dotnet\sdk\10.0.102\Sdks\Microsoft.NET.Sdk\targets\Microsoft.NET.Sdk.targets(799,5): message :       _SetPreferNativeArm64Win32ManifestProperties;
                   C:\Program Files\dotnet\sdk\10.0.102\Sdks\Microsoft.NET.Sdk\targets\Microsoft.NET.Sdk.targets(799,5): message :       FindReferenceAssembliesForReferences;
                   C:\Program Files\dotnet\sdk\10.0.102\Sdks\Microsoft.NET.Sdk\targets\Microsoft.NET.Sdk.targets(799,5): message :       _GenerateCompileInputs;
                   C:\Program Files\dotnet\sdk\10.0.102\Sdks\Microsoft.NET.Sdk\targets\Microsoft.NET.Sdk.targets(799,5): message :       BeforeCompile;
                   C:\Program Files\dotnet\sdk\10.0.102\Sdks\Microsoft.NET.Sdk\targets\Microsoft.NET.Sdk.targets(799,5): message :       _TimeStampBeforeCompile;
                   C:\Program Files\dotnet\sdk\10.0.102\Sdks\Microsoft.NET.Sdk\targets\Microsoft.NET.Sdk.targets(799,5): message :       _GenerateCompileDependencyCache;
                   C:\Program Files\dotnet\sdk\10.0.102\Sdks\Microsoft.NET.Sdk\targets\Microsoft.NET.Sdk.targets(799,5): message :       CoreCompile;
                   C:\Program Files\dotnet\sdk\10.0.102\Sdks\Microsoft.NET.Sdk\targets\Microsoft.NET.Sdk.targets(799,5): message :       _TimeStampAfterCompile;
                   C:\Program Files\dotnet\sdk\10.0.102\Sdks\Microsoft.NET.Sdk\targets\Microsoft.NET.Sdk.targets(799,5): message :       AfterCompile;
                   C:\Program Files\dotnet\sdk\10.0.102\Sdks\Microsoft.NET.Sdk\targets\Microsoft.NET.Sdk.targets(799,5): message :     ") at C:\Program Files\dotnet\sdk\10.0.102\Sdks\Microsoft.NET.Sdk\targets\Microsoft.NET.Sdk.targets (799,5)
                   C:\Program Files\dotnet\sdk\10.0.102\Sdks\Microsoft.NET.Sdk\targets\Microsoft.NET.Sdk.targets(1131,5): message : Property reassignment: $(CreateSatelliteAssembliesDependsOn)="
                   C:\Program Files\dotnet\sdk\10.0.102\Sdks\Microsoft.NET.Sdk\targets\Microsoft.NET.Sdk.targets(1131,5): message :       
                   C:\Program Files\dotnet\sdk\10.0.102\Sdks\Microsoft.NET.Sdk\targets\Microsoft.NET.Sdk.targets(1131,5): message :       ;
                   C:\Program Files\dotnet\sdk\10.0.102\Sdks\Microsoft.NET.Sdk\targets\Microsoft.NET.Sdk.targets(1131,5): message :       _GenerateSatelliteAssemblyInputs;
                   C:\Program Files\dotnet\sdk\10.0.102\Sdks\Microsoft.NET.Sdk\targets\Microsoft.NET.Sdk.targets(1131,5): message :       ComputeIntermediateSatelliteAssemblies;
                   C:\Program Files\dotnet\sdk\10.0.102\Sdks\Microsoft.NET.Sdk\targets\Microsoft.NET.Sdk.targets(1131,5): message :       GenerateSatelliteAssemblies
                   C:\Program Files\dotnet\sdk\10.0.102\Sdks\Microsoft.NET.Sdk\targets\Microsoft.NET.Sdk.targets(1131,5): message :     ;
                   C:\Program Files\dotnet\sdk\10.0.102\Sdks\Microsoft.NET.Sdk\targets\Microsoft.NET.Sdk.targets(1131,5): message :       CoreGenerateSatelliteAssemblies
                   C:\Program Files\dotnet\sdk\10.0.102\Sdks\Microsoft.NET.Sdk\targets\Microsoft.NET.Sdk.targets(1131,5): message :     " (previous value: "
                   C:\Program Files\dotnet\sdk\10.0.102\Sdks\Microsoft.NET.Sdk\targets\Microsoft.NET.Sdk.targets(1131,5): message :       ;
                   C:\Program Files\dotnet\sdk\10.0.102\Sdks\Microsoft.NET.Sdk\targets\Microsoft.NET.Sdk.targets(1131,5): message :       _GenerateSatelliteAssemblyInputs;
                   C:\Program Files\dotnet\sdk\10.0.102\Sdks\Microsoft.NET.Sdk\targets\Microsoft.NET.Sdk.targets(1131,5): message :       ComputeIntermediateSatelliteAssemblies;
                   C:\Program Files\dotnet\sdk\10.0.102\Sdks\Microsoft.NET.Sdk\targets\Microsoft.NET.Sdk.targets(1131,5): message :       GenerateSatelliteAssemblies
                   C:\Program Files\dotnet\sdk\10.0.102\Sdks\Microsoft.NET.Sdk\targets\Microsoft.NET.Sdk.targets(1131,5): message :     ") at C:\Program Files\dotnet\sdk\10.0.102\Sdks\Microsoft.NET.Sdk\targets\Microsoft.NET.Sdk.targets (1131,5)
                   C:\Program Files\dotnet\sdk\10.0.102\Sdks\Microsoft.SourceLink.GitLab\build\Microsoft.SourceLink.GitLab.targets(12,5): message : Property reassignment: $(SourceLinkUrlInitializerTargets)=";_InitializeGitHubSourceLinkUrl;_InitializeGitLabSourceLinkUrl" (previous value: ";_InitializeGitHubSourceLinkUrl") at C:\Program Files\dotnet\sdk\10.0.102\Sdks\Microsoft.SourceLink.GitLab\build\Microsoft.SourceLink.GitLab.targets (12,5)
                   C:\Program Files\dotnet\sdk\10.0.102\Sdks\Microsoft.SourceLink.GitLab\build\Microsoft.SourceLink.GitLab.targets(13,5): message : Property reassignment: $(SourceControlManagerUrlTranslationTargets)=";TranslateGitHubUrlsInSourceControlInformation;TranslateGitLabUrlsInSourceControlInformation" (previous value: ";TranslateGitHubUrlsInSourceControlInformation") at C:\Program Files\dotnet\sdk\10.0.102\Sdks\Microsoft.SourceLink.GitLab\build\Microsoft.SourceLink.GitLab.targets (13,5)
                   C:\Program Files\dotnet\sdk\10.0.102\Sdks\Microsoft.SourceLink.AzureRepos.Git\build\Microsoft.SourceLink.AzureRepos.Git.targets(12,5): message : Property reassignment: $(SourceLinkUrlInitializerTargets)=";_InitializeGitHubSourceLinkUrl;_InitializeGitLabSourceLinkUrl;_InitializeAzureReposGitSourceLinkUrl" (previous value: ";_InitializeGitHubSourceLinkUrl;_InitializeGitLabSourceLinkUrl") at C:\Program Files\dotnet\sdk\10.0.102\Sdks\Microsoft.SourceLink.AzureRepos.Git\build\Microsoft.SourceLink.AzureRepos.Git.targets (12,5)
                   C:\Program Files\dotnet\sdk\10.0.102\Sdks\Microsoft.SourceLink.AzureRepos.Git\build\Microsoft.SourceLink.AzureRepos.Git.targets(13,5): message : Property reassignment: $(SourceControlManagerUrlTranslationTargets)=";TranslateGitHubUrlsInSourceControlInformation;TranslateGitLabUrlsInSourceControlInformation;TranslateAzureReposGitUrlsInSourceControlInformation" (previous value: ";TranslateGitHubUrlsInSourceControlInformation;TranslateGitLabUrlsInSourceControlInformation") at C:\Program Files\dotnet\sdk\10.0.102\Sdks\Microsoft.SourceLink.AzureRepos.Git\build\Microsoft.SourceLink.AzureRepos.Git.targets (13,5)
                   C:\Program Files\dotnet\sdk\10.0.102\Sdks\Microsoft.SourceLink.Bitbucket.Git\build\Microsoft.SourceLink.Bitbucket.Git.targets(12,5): message : Property reassignment: $(SourceLinkUrlInitializerTargets)=";_InitializeGitHubSourceLinkUrl;_InitializeGitLabSourceLinkUrl;_InitializeAzureReposGitSourceLinkUrl;_InitializeBitbucketGitSourceLinkUrl" (previous value: ";_InitializeGitHubSourceLinkUrl;_InitializeGitLabSourceLinkUrl;_InitializeAzureReposGitSourceLinkUrl") at C:\Program Files\dotnet\sdk\10.0.102\Sdks\Microsoft.SourceLink.Bitbucket.Git\build\Microsoft.SourceLink.Bitbucket.Git.targets (12,5)
                   C:\Program Files\dotnet\sdk\10.0.102\Sdks\Microsoft.SourceLink.Bitbucket.Git\build\Microsoft.SourceLink.Bitbucket.Git.targets(13,5): message : Property reassignment: $(SourceControlManagerUrlTranslationTargets)=";TranslateGitHubUrlsInSourceControlInformation;TranslateGitLabUrlsInSourceControlInformation;TranslateAzureReposGitUrlsInSourceControlInformation;TranslateBitbucketGitUrlsInSourceControlInformation" (previous value: ";TranslateGitHubUrlsInSourceControlInformation;TranslateGitLabUrlsInSourceControlInformation;TranslateAzureReposGitUrlsInSourceControlInformation") at C:\Program Files\dotnet\sdk\10.0.102\Sdks\Microsoft.SourceLink.Bitbucket.Git\build\Microsoft.SourceLink.Bitbucket.Git.targets (13,5)
                   C:\Program Files\dotnet\sdk\10.0.102\Sdks\Microsoft.NET.Sdk\targets\Microsoft.NET.DesignerSupport.targets(21,5): message : Property reassignment: $(DesignerRuntimeImplementationProjectOutputGroupDependsOn)="
                   C:\Program Files\dotnet\sdk\10.0.102\Sdks\Microsoft.NET.Sdk\targets\Microsoft.NET.DesignerSupport.targets(21,5): message :       
                   C:\Program Files\dotnet\sdk\10.0.102\Sdks\Microsoft.NET.Sdk\targets\Microsoft.NET.DesignerSupport.targets(21,5): message :       ;
                   C:\Program Files\dotnet\sdk\10.0.102\Sdks\Microsoft.NET.Sdk\targets\Microsoft.NET.DesignerSupport.targets(21,5): message :       
                   C:\Program Files\dotnet\sdk\10.0.102\Sdks\Microsoft.NET.Sdk\targets\Microsoft.NET.DesignerSupport.targets(21,5): message :       ;
                   C:\Program Files\dotnet\sdk\10.0.102\Sdks\Microsoft.NET.Sdk\targets\Microsoft.NET.DesignerSupport.targets(21,5): message :       BuildOnlySettings;
                   C:\Program Files\dotnet\sdk\10.0.102\Sdks\Microsoft.NET.Sdk\targets\Microsoft.NET.DesignerSupport.targets(21,5): message :       PrepareForBuild;
                   C:\Program Files\dotnet\sdk\10.0.102\Sdks\Microsoft.NET.Sdk\targets\Microsoft.NET.DesignerSupport.targets(21,5): message :       AssignTargetPaths;
                   C:\Program Files\dotnet\sdk\10.0.102\Sdks\Microsoft.NET.Sdk\targets\Microsoft.NET.DesignerSupport.targets(21,5): message :       ResolveReferences
                   C:\Program Files\dotnet\sdk\10.0.102\Sdks\Microsoft.NET.Sdk\targets\Microsoft.NET.DesignerSupport.targets(21,5): message :     
                   C:\Program Files\dotnet\sdk\10.0.102\Sdks\Microsoft.NET.Sdk\targets\Microsoft.NET.DesignerSupport.targets(21,5): message :     ;
                   C:\Program Files\dotnet\sdk\10.0.102\Sdks\Microsoft.NET.Sdk\targets\Microsoft.NET.DesignerSupport.targets(21,5): message :       _GenerateDesignerDepsFile;
                   C:\Program Files\dotnet\sdk\10.0.102\Sdks\Microsoft.NET.Sdk\targets\Microsoft.NET.DesignerSupport.targets(21,5): message :       _GenerateDesignerRuntimeConfigFile;
                   C:\Program Files\dotnet\sdk\10.0.102\Sdks\Microsoft.NET.Sdk\targets\Microsoft.NET.DesignerSupport.targets(21,5): message :       GetCopyToOutputDirectoryItems;
                   C:\Program Files\dotnet\sdk\10.0.102\Sdks\Microsoft.NET.Sdk\targets\Microsoft.NET.DesignerSupport.targets(21,5): message :       _GatherDesignerShadowCopyFiles;
                   C:\Program Files\dotnet\sdk\10.0.102\Sdks\Microsoft.NET.Sdk\targets\Microsoft.NET.DesignerSupport.targets(21,5): message :     " (previous value: "
                   C:\Program Files\dotnet\sdk\10.0.102\Sdks\Microsoft.NET.Sdk\targets\Microsoft.NET.DesignerSupport.targets(21,5): message :       ;
                   C:\Program Files\dotnet\sdk\10.0.102\Sdks\Microsoft.NET.Sdk\targets\Microsoft.NET.DesignerSupport.targets(21,5): message :       
                   C:\Program Files\dotnet\sdk\10.0.102\Sdks\Microsoft.NET.Sdk\targets\Microsoft.NET.DesignerSupport.targets(21,5): message :       ;
                   C:\Program Files\dotnet\sdk\10.0.102\Sdks\Microsoft.NET.Sdk\targets\Microsoft.NET.DesignerSupport.targets(21,5): message :       BuildOnlySettings;
                   C:\Program Files\dotnet\sdk\10.0.102\Sdks\Microsoft.NET.Sdk\targets\Microsoft.NET.DesignerSupport.targets(21,5): message :       PrepareForBuild;
                   C:\Program Files\dotnet\sdk\10.0.102\Sdks\Microsoft.NET.Sdk\targets\Microsoft.NET.DesignerSupport.targets(21,5): message :       AssignTargetPaths;
                   C:\Program Files\dotnet\sdk\10.0.102\Sdks\Microsoft.NET.Sdk\targets\Microsoft.NET.DesignerSupport.targets(21,5): message :       ResolveReferences
                   C:\Program Files\dotnet\sdk\10.0.102\Sdks\Microsoft.NET.Sdk\targets\Microsoft.NET.DesignerSupport.targets(21,5): message :     
                   C:\Program Files\dotnet\sdk\10.0.102\Sdks\Microsoft.NET.Sdk\targets\Microsoft.NET.DesignerSupport.targets(21,5): message :     ") at C:\Program Files\dotnet\sdk\10.0.102\Sdks\Microsoft.NET.Sdk\targets\Microsoft.NET.DesignerSupport.targets (21,5)
                   C:\Program Files\dotnet\sdk\10.0.102\Sdks\Microsoft.NET.Sdk\targets\Microsoft.NET.Sdk.CSharp.targets(31,5): message : Property reassignment: $(DefineConstants)="TRACE;DEBUG" (previous value: "TRACE") at C:\Program Files\dotnet\sdk\10.0.102\Sdks\Microsoft.NET.Sdk\targets\Microsoft.NET.Sdk.CSharp.targets (31,5)
                   C:\Program Files\dotnet\sdk\10.0.102\Sdks\Microsoft.NET.Sdk\targets\Microsoft.NET.Sdk.CSharp.targets(45,5): message : Property reassignment: $(WarningsAsErrors)=";NU1605;SYSLIB0011" (previous value: ";NU1605") at C:\Program Files\dotnet\sdk\10.0.102\Sdks\Microsoft.NET.Sdk\targets\Microsoft.NET.Sdk.CSharp.targets (45,5)
                   C:\Program Files\dotnet\sdk\10.0.102\NuGet.Build.Tasks.Pack.targets(34,5): message : Property reassignment: $(PackageDescription)="Package Description" (previous value: "") at C:\Program Files\dotnet\sdk\10.0.102\NuGet.Build.Tasks.Pack.targets (34,5)
                   C:\Program Files\dotnet\sdk\10.0.102\NuGet.Build.Tasks.Pack.targets(59,5): message : Property reassignment: $(GenerateNuspecDependsOn)="Build;_LoadPackInputItems; _GetTargetFrameworksOutput; _WalkEachTargetPerFramework; _GetPackageFiles; " (previous value: "_LoadPackInputItems; _GetTargetFrameworksOutput; _WalkEachTargetPerFramework; _GetPackageFiles; ") at C:\Program Files\dotnet\sdk\10.0.102\NuGet.Build.Tasks.Pack.targets (59,5)
                   C:\Program Files\dotnet\sdk\10.0.102\Sdks\Microsoft.NET.Sdk\Sdk\Sdk.targets(59,5): message : Property reassignment: $(_IsNotSetContainersTargetsDir)="true" (previous value: "false") at C:\Program Files\dotnet\sdk\10.0.102\Sdks\Microsoft.NET.Sdk\Sdk\Sdk.targets (59,5)
                   C:\Program Files\dotnet\sdk\10.0.102\Containers\build\Microsoft.NET.Build.Containers.targets(5,5): message : Property reassignment: $(_IsSDKContainerAllowedVersion)="true" (previous value: "false") at C:\Program Files\dotnet\sdk\10.0.102\Containers\build\Microsoft.NET.Build.Containers.targets (5,5)
                   C:\Program Files\dotnet\sdk\10.0.102\Containers\build\Microsoft.NET.Build.Containers.targets(15,5): message : Property reassignment: $(_ContainerIsTargetingNet8TFM)="true" (previous value: "false") at C:\Program Files\dotnet\sdk\10.0.102\Containers\build\Microsoft.NET.Build.Containers.targets (15,5)
                   Overriding target "ResolveFrameworkReferences" in project "C:\Program Files\dotnet\sdk\10.0.102\Microsoft.Common.CurrentVersion.targets" with target "ResolveFrameworkReferences" from project "C:\Program Files\dotnet\sdk\10.0.102\Sdks\Microsoft.NET.Sdk\targets\Microsoft.NET.Sdk.FrameworkReferenceResolution.targets".
                   Overriding target "GenerateSupportedTargetFrameworkAlias" in project "C:\Program Files\dotnet\sdk\10.0.102\Microsoft.Common.CurrentVersion.targets" with target "GenerateSupportedTargetFrameworkAlias" from project "C:\Program Files\dotnet\sdk\10.0.102\Sdks\Microsoft.NET.Sdk\targets\Microsoft.NET.Sdk.targets".
                   Overriding target "GetReferenceAssemblyPaths" in project "C:\Program Files\dotnet\sdk\10.0.102\Microsoft.Common.CurrentVersion.targets" with target "GetReferenceAssemblyPaths" from project "C:\Program Files\dotnet\sdk\10.0.102\Sdks\Microsoft.NET.Sdk\targets\Microsoft.NET.DisableStandardFrameworkResolution.targets".
                   Overriding target "GetFrameworkPaths" in project "C:\Program Files\dotnet\sdk\10.0.102\Microsoft.Common.CurrentVersion.targets" with target "GetFrameworkPaths" from project "C:\Program Files\dotnet\sdk\10.0.102\Sdks\Microsoft.NET.Sdk\targets\Microsoft.NET.DisableStandardFrameworkResolution.targets".
                   Overriding target "DesignerRuntimeImplementationProjectOutputGroup" in project "C:\Program Files\dotnet\sdk\10.0.102\Microsoft.Common.CurrentVersion.targets" with target "DesignerRuntimeImplementationProjectOutputGroup" from project "C:\Program Files\dotnet\sdk\10.0.102\Sdks\Microsoft.NET.Sdk\targets\Microsoft.NET.DesignerSupport.targets".
                   Overriding target "Publish" in project "C:\Program Files\dotnet\sdk\10.0.102\Microsoft.Common.CurrentVersion.targets" with target "Publish" from project "C:\Program Files\dotnet\sdk\10.0.102\Sdks\Microsoft.NET.Sdk\targets\Microsoft.NET.Publish.targets".
                   Overriding target "ResolveReadyToRunCompilers" in project "C:\Program Files\dotnet\sdk\10.0.102\Sdks\Microsoft.NET.Sdk\targets\Microsoft.NET.CrossGen.targets" with target "ResolveReadyToRunCompilers" from project "C:\Program Files\dotnet\sdk\10.0.102\Sdks\Microsoft.NET.Sdk\targets\Microsoft.NET.Publish.targets".
                   Overriding target "GetCopyToPublishDirectoryItems" in project "C:\Program Files\dotnet\sdk\10.0.102\Microsoft.Common.CurrentVersion.targets" with target "GetCopyToPublishDirectoryItems" from project "C:\Program Files\dotnet\sdk\10.0.102\Sdks\Microsoft.NET.Sdk\targets\Microsoft.NET.Publish.targets".
                   Overriding target "Run" in project "C:\Program Files\dotnet\sdk\10.0.102\Microsoft.Common.CurrentVersion.targets" with target "Run" from project "C:\Program Files\dotnet\sdk\10.0.102\Sdks\Microsoft.NET.Sdk\targets\Microsoft.NET.Sdk.targets".
10:37:46.490     0>Initial Properties:
                   __DisableWorkloadResolverSentinelPath = C:\Program Files\dotnet\sdk\10.0.102\DisableWorkloadResolver.sentinel
                   __WindowsAppSdkDefaultImageIncludes = **/*.png;**/*.bmp;**/*.jpg;**/*.dds;**/*.tif;**/*.tga;**/*.gif
                   _AfterSdkPublishDependsOn = Publish
                   _ApiCompatValidatePackageSemaphoreFile = obj\Debug\net9.0\Microsoft.NET.ApiCompat.ValidatePackage.semaphore
                   _BeforePublishNoBuildTargets = 
                         BuildOnlySettings;
                         _PreventProjectReferencesFromBuilding;
                         ResolveReferences;
                         PrepareResourceNames;
                         ComputeIntermediateSatelliteAssemblies;
                         ComputeEmbeddedApphostPaths;
                       
                   _BinaryFormatterObsoleteAsError = true
                   _BuildTasksAssemblyName = Microsoft.Build.Tasks.CodeAnalysis
                   _BuildTasksDirectory = C:\Program Files\dotnet\sdk\10.0.102\Sdks\Microsoft.NET.Sdk\targets\..\..\..\Roslyn\
                   _ContainerIsSelfContained = false
                   _ContainerIsTargetingNet8TFM = true
                   _ContainersTargetsDir = C:\Program Files\dotnet\sdk\10.0.102\Sdks\Microsoft.NET.Sdk\Sdk\..\..\..\Containers\build\
                   _CorePublishTargets = 
                         PrepareForPublish;
                         ComputeAndCopyFilesToPublishDirectory;
                         ;
                         PublishItemsOutputGroup;
                       
                   _DebugSymbolsProduced = true
                   _DefaultArtifactsPathPropsImported = true
                   _DefaultUserProfileRuntimeStorePath = C:\Users\niaci\.dotnet\store
                   _DeploymentApplicationManifestIdentity = Native.KIOSK.Device.Contracts
                   _DeploymentBuiltUpdateInterval = 0
                   _DeploymentBuiltUpdateIntervalUnits = Days
                   _DeploymentDeployManifestIdentity = KIOSK.Device.Contracts.application
                   _DeploymentFileMappingExtension = 
                   _DeploymentLauncherBased = true
                   _DeploymentTargetApplicationManifestFileName = Native.KIOSK.Device.Contracts.manifest
                   _DeploymentUrl = 
                   _DesignerDepsFileName = KIOSK.Device.Contracts.designer.deps.json
                   _DesignerDepsFilePath = obj\Debug\net9.0\KIOSK.Device.Contracts.designer.deps.json
                   _DesignerRuntimeConfigFileName = KIOSK.Device.Contracts.designer.runtimeconfig.json
                   _DesignerRuntimeConfigFilePath = obj\Debug\net9.0\KIOSK.Device.Contracts.designer.runtimeconfig.json
                   _DirectoryBuildPropsBasePath = 
                   _DirectoryBuildPropsFile = Directory.Build.props
                   _DirectoryBuildTargetsBasePath = 
                   _DirectoryBuildTargetsFile = Directory.Build.targets
                   _DirectoryPackagesPropsBasePath = 
                   _DirectoryPackagesPropsFile = Directory.Packages.props
                   _DocumentationFileProduced = false
                   _DotNetAppHostExecutableName = apphost
                   _DotNetAppHostExecutableNameWithoutExtension = apphost
                   _DotNetComHostLibraryName = comhost
                   _DotNetComHostLibraryNameWithoutExtension = comhost
                   _DotNetHostExecutableName = dotnet
                   _DotNetHostFxrLibraryName = libhostfxr.so
                   _DotNetHostPolicyLibraryName = libhostpolicy.so
                   _DotNetIjwHostLibraryName = Ijwhost
                   _DotNetIjwHostLibraryNameWithoutExtension = Ijwhost
                   _DotNetSingleFileHostExecutableNameWithoutExtension = singlefilehost
                   _EnableDefaultWindowsPlatform = false
                   _FirstTargetFrameworkToSupportAot = net7.0
                   _FirstTargetFrameworkToSupportSingleFile = net6.0
                   _FirstTargetFrameworkToSupportTrimming = net6.0
                   _FirstTargetFrameworkVersionToSupportAotAnalyzer = 7.0
                   _FirstTargetFrameworkVersionToSupportSingleFileAnalyzer = 6.0
                   _FirstTargetFrameworkVersionToSupportTrimAnalyzer = 6.0
                   _GenerateBindingRedirectsIntermediateAppConfig = obj\Debug\net9.0\KIOSK.Device.Contracts.dll.config
                   _GeneratePublishDependencyFilePropertyInputsCache = c:\Users\niaci\RiderProjects\moenybox_devicecontroller\KIOSK.Device.Contracts\obj\Debug\net9.0\KIOSK.Device.Contracts.genpublishdeps.cache
                   _GenerateRestoreGraphProjectEntryInputProperties = ExcludeRestorePackageImports=true
                   _GenerateRuntimeConfigurationPropertyInputsCache = c:\Users\niaci\RiderProjects\moenybox_devicecontroller\KIOSK.Device.Contracts\obj\Debug\net9.0\KIOSK.Device.Contracts.genruntimeconfig.cache
                   _GenerateSingleFileBundlePropertyInputsCache = c:\Users\niaci\RiderProjects\moenybox_devicecontroller\KIOSK.Device.Contracts\obj\Debug\net9.0\KIOSK.Device.Contracts.genbundle.cache
                   _GenerateSourceLinkFileBeforeTargets = CoreCompile
                   _GenerateSourceLinkFileDependsOnTargets = 
                   _GenerateSupportedRuntimeIntermediateAppConfig = obj\Debug\net9.0\KIOSK.Device.Contracts.dll.withSupportedRuntime.config
                   _GetChildProjectCopyToOutputDirectoryItems = true
                   _GetChildProjectCopyToPublishDirectoryItems = true
                   _InitialBaseIntermediateOutputPath = obj\
                   _IsDisjointMSBuildVersion = False
                   _IsNETCoreOrNETStandard = true
                   _IsNotSetContainersTargetsDir = true
                   _IsSDKContainerAllowedVersion = true
                   _LatestAnalysisLevel = 9.0
                   _MaxAvailableLangVersion = 14.0
                   _MaxSupportedLangVersion = 13.0
                   _MicrosoftSourceLinkCommonAssemblyFile = C:\Program Files\dotnet\sdk\10.0.102\Sdks\Microsoft.SourceLink.Common\build\..\tools\net\Microsoft.SourceLink.Common.dll
                   _MinimumNonEolSupportedNetCoreTargetFramework = net8.0
                   _MSBuildVersionMajorMinor = 18.0
                   _NativeLibraryExtension = .so
                   _NativeLibraryPrefix = lib
                   _NETAnalyzersSDKAssemblyVersion = 10.0.102
                   _NETCoreSdkIsPreview = false
                   _NetFrameworkHostedCompilersVersion = 5.0.0-2.25612.105
                   _NoneAnalysisLevel = 4.0
                   _NugetFallbackFolder = C:\Program Files\dotnet\sdk\10.0.102\Sdks\Microsoft.NET.Sdk\targets\..\..\..\..\NuGetFallbackFolder
                   _NugetTargetMonikerAndRID = .NETCoreApp,Version=v9.0
                   _OriginalConfiguration = Debug
                   _OriginalPlatform = AnyCPU
                   _PlatformWithoutConfigurationInference = AnyCPU
                   _PreviewAnalysisLevel = 10.0
                   _ProjectDefaultTargets = Build
                   _PublishNoBuildAlternativeDependsOn = 
                         BuildOnlySettings;
                         _PreventProjectReferencesFromBuilding;
                         ResolveReferences;
                         PrepareResourceNames;
                         ComputeIntermediateSatelliteAssemblies;
                         ComputeEmbeddedApphostPaths;
                       ;
                         PrepareForPublish;
                         ComputeAndCopyFilesToPublishDirectory;
                         ;
                         PublishItemsOutputGroup;
                       
                   _PublishProfileDesignerFolder = Properties
                   _PublishProfileRootFolder = c:\Users\niaci\RiderProjects\moenybox_devicecontroller\KIOSK.Device.Contracts\Properties\PublishProfiles\
                   _RecursiveTargetForContentCopying = GetCopyToOutputDirectoryItems
                   _ResolveReferenceDependencies = false
                   _RuntimePackInWorkloadVersion6 = 6.0.36
                   _RuntimePackInWorkloadVersion7 = 7.0.20
                   _RuntimePackInWorkloadVersion8 = 8.0.23
                   _RuntimePackInWorkloadVersion9 = 9.0.12
                   _RuntimePackInWorkloadVersionCurrent = 10.0.2
                   _SGenDllCreated = false
                   _SGenDllName = KIOSK.Device.Contracts.XmlSerializers.dll
                   _SGenGenerateSerializationAssembliesConfig = Off
                   _SourceLinkAzureReposGitAssemblyFile = C:\Program Files\dotnet\sdk\10.0.102\Sdks\Microsoft.SourceLink.AzureRepos.Git\build\..\tools\net\Microsoft.SourceLink.AzureRepos.Git.dll
                   _SourceLinkBitbucketAssemblyFile = C:\Program Files\dotnet\sdk\10.0.102\Sdks\Microsoft.SourceLink.Bitbucket.Git\build\..\tools\net\Microsoft.SourceLink.Bitbucket.Git.dll
                   _SourceLinkGitHubAssemblyFile = C:\Program Files\dotnet\sdk\10.0.102\Sdks\Microsoft.SourceLink.GitHub\build\..\tools\net\Microsoft.SourceLink.GitHub.dll
                   _SourceLinkGitLabAssemblyFile = C:\Program Files\dotnet\sdk\10.0.102\Sdks\Microsoft.SourceLink.GitLab\build\..\tools\net\Microsoft.SourceLink.GitLab.dll
                   _SourceLinkPropsImported = true
                   _SourceLinkSdkSubDir = build
                   _SupportedArchitectures = amd64 arm64
                   _SupportedPlatformList = @(SupportedPlatform, ',')
                   _TargetFrameworkDirectories = 
                   _TargetFrameworkVersionValue = 0.0
                   _TargetFrameworkVersionWithoutV = 9.0
                   _TargetLatestRuntimePatchIsDefault = true
                   _TargetPlatformVersionUsesCsWinRT3 = false
                   _TargetsThatPrepareProjectReferences = 
                         AssignProjectConfiguration;
                         _SplitProjectReferencesByFileExistence
                       
                   _UseAttributeForTargetFrameworkInfoPropertyNames = true
                   _UsingDefaultForHasRuntimeOutput = true
                   _UsingDefaultPlatformTarget = true
                   _WindowsDesktopSdkTargetFrameworkVersionFloor = 3.0
                   _WorkloadLibraryPacksFolder = C:\Program Files\dotnet\library-packs
                   AddAdditionalExplicitAssemblyReferences = false
                   AllowedOutputExtensionsInPackageBuildOutputFolder = .dll; .exe; .winmd; .json; .pri; .xml ;
                   AllowedOutputExtensionsInSymbolsPackageBuildOutputFolder = .pdb; .mdb; .dll; .exe; .winmd; .json; .pri; .xml ;; 
                   AllowedReferenceAssemblyFileExtensions = 
                         .winmd;
                         .dll;
                         .exe
                       
                   AllowedReferenceRelatedFileExtensions = 
                         .pdb;
                         .xml;
                         .pri;
                         .dll.config;
                         .exe.config
                       
                   AllowUnsafeBlocks = false
                   AlwaysIncludeCoreFrameworkInRuntimeConfig = true
                   AlwaysUseNumericalSuffixInItemNames = true
                   AnalysisLevel = latest
                   AppDesignerFolder = Properties
                   AppendPlatformToOutputPath = false
                   AppendRuntimeIdentifierToOutputPath = true
                   AppendTargetFrameworkToOutputPath = true
                   AssemblyFoldersConfigFile = C:\Program Files\dotnet\sdk\10.0.102\AssemblyFolders.config
                   AssemblyFoldersSuffix = AssemblyFoldersEx
                   AssemblyName = KIOSK.Device.Contracts
                   AssemblySearchPaths = {CandidateAssemblyFiles};{HintPathFromItem};{TargetFrameworkDirectory};{RawFileName}
                   AssemblyTitle = KIOSK.Device.Contracts
                   AssetTargetFallback = ;net461;net462;net47;net471;net472;net48;net481
                   AssignTargetPathsDependsOn = 
                   Authors = KIOSK.Device.Contracts
                   AutomaticallyUseReferenceAssemblyPackages = true
                   AutoUnifyAssemblyReferences = true
                   AvailablePlatforms = Any CPU,x86,x64,ARM32,ARM64
                   BaseIntermediateOutputPath = obj\
                   BaseOutputPath = bin\
                   BaseOutputPathWasSpecified = true
                   BuildCompileAction = Build
                   BuildDependsOn = 
                         BeforeBuild;
                         CoreBuild;
                         AfterBuild
                       
                   BuildGenerateSourcesAction = Build
                   BuildingProject = false
                   BuildInParallel = true
                   BuildLinkAction = Build
                   BuildOutputTargetFolder = lib
                   BuildProjectReferences = true
                   BuiltProjectOutputGroupDependenciesDependsOn = 
                         ;
                         
                         ;
                         BuildOnlySettings;
                         PrepareForBuild;
                         AssignTargetPaths;
                         ResolveReferences
                       
                       
                   BuiltProjectOutputGroupDependsOn = PrepareForBuild
                   BundledMSBuildVersion = 18.0.7
                   BundledNETCoreAppPackageVersion = 10.0.2
                   BundledNETCoreAppTargetFrameworkVersion = 10.0
                   BundledNETCorePlatformsPackageVersion = 10.0.2-servicing.25612.105
                   BundledNETStandardPackageVersion = 2.1.0
                   BundledNETStandardTargetFrameworkVersion = 2.1
                   BundledRuntimeIdentifierGraphFile = C:\Program Files\dotnet\sdk\10.0.102\RuntimeIdentifierGraph.json
                   CheckEolWorkloads = true
                   CheckForOverflowUnderflow = false
                   CleanDependsOn = 
                         BeforeClean;
                         UnmanagedUnregistration;
                         CoreClean;
                         CleanReferencedProjects;
                         CleanPublishFolder;
                         AfterClean
                       
                   CleanFile = KIOSK.Device.Contracts.csproj.FileListAbsolute.txt
                   ClickOncePublishDir = bin\Debug\net9.0\publish\
                   CodeAnalysisRuleIds = CA1000;CA1001;CA1002;CA1003;CA1005;CA1008;CA1010;CA1012;CA1014;CA1016;CA1017;CA1018;CA1019;CA1021;CA1024;CA1027;CA1028;CA1030;CA1031;CA1032;CA1033;CA1034;CA1036;CA1040;CA1041;CA1043;CA1044;CA1045;CA1046;CA1047;CA1050;CA1051;CA1052;CA1054;CA1055;CA1056;CA1058;CA1060;CA1061;CA1062;CA1063;CA1064;CA1065;CA1066;CA1067;CA1068;CA1069;CA1070;CA1200;CA1303;CA1304;CA1305;CA1307;CA1308;CA1309;CA1310;CA1311;CA1401;CA1416;CA1417;CA1418;CA1419;CA1420;CA1421;CA1422;CA1501;CA1502;CA1505;CA1506;CA1507;CA1508;CA1509;CA1510;CA1511;CA1512;CA1513;CA1514;CA1515;CA1516;CA1700;CA1707;CA1708;CA1710;CA1711;CA1712;CA1713;CA1715;CA1716;CA1720;CA1721;CA1724;CA1725;CA1727;CA1802;CA1805;CA1806;CA1810;CA1812;CA1813;CA1814;CA1815;CA1816;CA1819;CA1820;CA1821;CA1822;CA1823;CA1824;CA1825;CA1826;CA1827;CA1828;CA1829;CA1830;CA1831;CA1832;CA1833;CA1834;CA1835;CA1836;CA1837;CA1838;CA1839;CA1840;CA1841;CA1842;CA1843;CA1844;CA1845;CA1846;CA1847;CA1848;CA1849;CA1850;CA1851;CA1852;CA1853;CA1854;CA1855;CA1856;CA1857;CA1858;CA1859;CA1860;CA1861;CA1862;CA1863;CA1864;CA1865;CA1866;CA1867;CA1868;CA1869;CA1870;CA1871;CA1872;CA1873;CA1874;CA1875;CA2000;CA2002;CA2007;CA2008;CA2009;CA2011;CA2012;CA2013;CA2014;CA2015;CA2016;CA2017;CA2018;CA2019;CA2020;CA2021;CA2022;CA2023;CA2024;CA2025;CA2100;CA2101;CA2119;CA2153;CA2200;CA2201;CA2207;CA2208;CA2211;CA2213;CA2214;CA2215;CA2216;CA2217;CA2218;CA2219;CA2224;CA2225;CA2226;CA2227;CA2231;CA2234;CA2235;CA2237;CA2241;CA2242;CA2243;CA2244;CA2245;CA2246;CA2247;CA2248;CA2249;CA2250;CA2251;CA2252;CA2253;CA2254;CA2255;CA2256;CA2257;CA2258;CA2259;CA2260;CA2261;CA2262;CA2263;CA2264;CA2265;CA2300;CA2301;CA2302;CA2305;CA2310;CA2311;CA2312;CA2315;CA2321;CA2322;CA2326;CA2327;CA2328;CA2329;CA2330;CA2350;CA2351;CA2352;CA2353;CA2354;CA2355;CA2356;CA2361;CA2362;CA3001;CA3002;CA3003;CA3004;CA3005;CA3006;CA3007;CA3008;CA3009;CA3010;CA3011;CA3012;CA3061;CA3075;CA3076;CA3077;CA3147;CA5350;CA5351;CA5358;CA5359;CA5360;CA5361;CA5362;CA5363;CA5364;CA5365;CA5366;CA5367;CA5368;CA5369;CA5370;CA5371;CA5372;CA5373;CA5374;CA5375;CA5376;CA5377;CA5378;CA5379;CA5380;CA5381;CA5382;CA5383;CA5384;CA5385;CA5386;CA5387;CA5388;CA5389;CA5390;CA5391;CA5392;CA5393;CA5394;CA5395;CA5396;CA5397;CA5398;CA5399;CA5400;CA5401;CA5402;CA5403;CA5404;CA5405
                   CodeAnalysisTargets = C:\Program Files\dotnet\sdk\10.0.102\Microsoft\VisualStudio\v18.0\CodeAnalysis\Microsoft.CodeAnalysis.targets
                   CommandLineArgsForDesignTimeEvaluation = -langversion:13.0 -define:TRACE
                   CommonOutputGroupsDependsOn = 
                         ;
                         BuildOnlySettings;
                         PrepareForBuild;
                         AssignTargetPaths;
                         ResolveReferences
                       
                   CommonTargetsPath = C:\Program Files\dotnet\sdk\10.0.102\Microsoft.Common.CurrentVersion.targets
                   CommonXamlResourcesDirectory = C:\Program Files\dotnet\sdk\10.0.102\\
                   Company = KIOSK.Device.Contracts
                   CompileDependsOn = 
                         
                         ResolveReferences;
                         ResolveKeySource;
                         SetWin32ManifestProperties;
                         _SetPreferNativeArm64Win32ManifestProperties;
                         FindReferenceAssembliesForReferences;
                         _GenerateCompileInputs;
                         BeforeCompile;
                         _TimeStampBeforeCompile;
                         _GenerateCompileDependencyCache;
                         CoreCompile;
                         _TimeStampAfterCompile;
                         AfterCompile;
                       ;
                         _CreateAppHost;
                         _CreateComHost;
                         _GetIjwHostPaths;
                       
                   CompileLicxFilesDependsOn = 
                   CompilerApiVersion = roslyn5.0
                   CompilerGeneratedFilesOutputPath = 
                   ComputeIntermediateSatelliteAssembliesDependsOn = 
                         CreateManifestResourceNames
                       
                   ComputeNETCoreBuildOutputFiles = true
                   ComReferenceExecuteAsTool = false
                   ComReferenceNoClassMembers = false
                   Configuration = Debug
                   ConfigurationName = Debug
                   Configurations = Debug;Release
                   ConsiderPlatformAsProcessorArchitecture = true
                   ContainerCustomTasksAssembly = C:\Program Files\dotnet\sdk\10.0.102\Containers\build\..\tasks\net10.0\Microsoft.NET.Build.Containers.dll
                   ContainerCustomTasksFolder = C:\Program Files\dotnet\sdk\10.0.102\Containers\build\..\tasks\net10.0\
                   ContainerizeFolder = C:\Program Files\dotnet\sdk\10.0.102\Containers\build\..\containerize\
                   ContainerizeFolderName = containerize
                   ContainerTaskFolderName = tasks
                   ContainerTaskFramework = net10.0
                   ContentFilesProjectOutputGroupDependsOn = PrepareForBuild;AssignTargetPaths
                   ContentPreprocessorOutputDirectory = obj\Debug\net9.0\NuGet\
                   ContentTargetFolders = content;contentFiles
                   ContinueOnError = false
                   CopyBuildOutputToPublishDirectory = true
                   CopyConflictingTransitiveContent = false
                   CopyLocalLockFileAssemblies = false
                   CopyOutputSymbolsToPublishDirectory = true
                   CoreBuildDependsOn = 
                         _CheckForBuildWithNoBuild;
                         
                         BuildOnlySettings;
                         PrepareForBuild;
                         PreBuildEvent;
                         ResolveReferences;
                         PrepareResources;
                         ResolveKeySource;
                         Compile;
                         ExportWindowsMDFile;
                         UnmanagedUnregistration;
                         GenerateSerializationAssemblies;
                         CreateSatelliteAssemblies;
                         GenerateManifests;
                         GetTargetPath;
                         PrepareForRun;
                         UnmanagedRegistration;
                         IncrementalClean;
                         PostBuildEvent
                       ;
                         GenerateBuildDependencyFile;
                         GenerateBuildRuntimeConfigurationFiles
                       
                   CoreCleanDependsOn = 
                         _SdkBeforeClean;
                         
                       
                   CoreCompileDependsOn = ;_ComputeNonExistentFileProperty;ResolveCodeAnalysisRuleSet
                   CoreResGenDependsOn = FindReferenceAssembliesForReferences
                   CreateCustomManifestResourceNamesDependsOn = 
                   CreateHardLinksForCopyAdditionalFilesIfPossible = false
                   CreateManifestResourceNamesDependsOn = 
                   CreateSatelliteAssembliesDependsOn = 
                         
                         ;
                         _GenerateSatelliteAssemblyInputs;
                         ComputeIntermediateSatelliteAssemblies;
                         GenerateSatelliteAssemblies
                       ;
                         CoreGenerateSatelliteAssemblies
                       
                   CreateSymbolicLinksForCopyAdditionalFilesIfPossible = false
                   CSharpCoreTargetsPath = C:\Program Files\dotnet\sdk\10.0.102\Sdks\Microsoft.NET.Sdk\targets\..\..\..\Roslyn\Microsoft.CSharp.Core.targets
                   CSharpDesignTimeTargetsPath = C:\Program Files\dotnet\sdk\10.0.102\\Microsoft\VisualStudio\Managed\Microsoft.CSharp.DesignTime.targets
                   CSharpTargetsPath = C:\Program Files\dotnet\sdk\10.0.102\Microsoft.CSharp.CurrentVersion.targets
                   CustomAfterDirectoryBuildProps = ;C:\Program Files\dotnet\sdk\10.0.102\Sdks\Microsoft.NET.Sdk\Sdk\UseArtifactsOutputPath.props
                   CustomAfterMicrosoftCommonProps = C:\Program Files\dotnet\sdk\10.0.102\\vCurrent\Custom.After.Microsoft.Common.props
                   CustomAfterMicrosoftCommonTargets = C:\Program Files\dotnet\sdk\10.0.102\\vCurrent\Custom.After.Microsoft.Common.targets
                   CustomAfterMicrosoftCSharpTargets = C:\Program Files\dotnet\sdk\10.0.102\\vCurrent\Custom.After.Microsoft.CSharp.targets
                   CustomBeforeMicrosoftCommonProps = C:\Program Files\dotnet\sdk\10.0.102\\vCurrent\Custom.Before.Microsoft.Common.props
                   CustomBeforeMicrosoftCommonTargets = C:\Program Files\dotnet\sdk\10.0.102\\vCurrent\Custom.Before.Microsoft.Common.targets
                   CustomBeforeMicrosoftCSharpTargets = C:\Program Files\dotnet\sdk\10.0.102\\vCurrent\Custom.Before.Microsoft.CSharp.targets
                   DebugSymbols = true
                   DebugSymbolsProjectOutputGroupDependenciesDependsOn = 
                         ;
                         
                         ;
                         BuildOnlySettings;
                         PrepareForBuild;
                         AssignTargetPaths;
                         ResolveReferences
                       
                       
                   DebugSymbolsProjectOutputGroupDependsOn = 
                   DebugType = portable
                   DefaultAllowedOutputExtensionsInPackageBuildOutputFolder = .dll; .exe; .winmd; .json; .pri; .xml
                   DefaultCopyToPublishDirectoryMetadata = true
                   DefaultExcludesInProjectFolder = ;;**/.*/**
                   DefaultImplicitPackages = Microsoft.NETCore.App;NETStandard.Library
                   DefaultItemExcludes = ;bin\Debug\/**;obj\Debug\/**;bin\/**;obj\/**;**/*.user;**/*.*proj;**/*.sln;**/*.slnx;**/*.vssscc;**/.DS_Store
                   DefaultLanguageSourceExtension = .cs
                   DefaultProjectTypeGuid = {FAE04EC0-301F-11D3-BF4B-00C04F79EFBC}
                   DefineCommonCapabilities = true
                   DefineCommonItemSchemas = true
                   DefineCommonReferenceSchemas = true
                   DefineConstants = TRACE;DEBUG
                   DelaySign = 
                   DeploymentComputeClickOnceManifestInfoDependsOn = 
                         CleanPublishFolder;
                         GetCopyToOutputDirectoryItems;
                         _DeploymentGenerateTrustInfo;
                         
                       
                   DesignerRuntimeImplementationProjectOutputGroupDependsOn = 
                         
                         ;
                         
                         ;
                         BuildOnlySettings;
                         PrepareForBuild;
                         AssignTargetPaths;
                         ResolveReferences
                       
                       ;
                         _GenerateDesignerDepsFile;
                         _GenerateDesignerRuntimeConfigFile;
                         GetCopyToOutputDirectoryItems;
                         _GatherDesignerShadowCopyFiles;
                       
                   DesignTimeAssemblySearchPaths = {CandidateAssemblyFiles};{HintPathFromItem};{TargetFrameworkDirectory};{RawFileName}
                   DesignTimeAutoUnify = true
                   DesignTimeResolveAssemblyReferencesDependsOn = 
                         GetFrameworkPaths;
                         GetReferenceAssemblyPaths;
                         ResolveReferences
                       
                   Deterministic = true
                   DevEnvDir = *Undefined*
                   DisableHandlePackageFileConflicts = true
                   DisableLogTaskParameter_ConvertToAbsolutePath_Path = true
                   DisableLogTaskParameter_FindUnderPath_OutOfPath = true
                   DisableLogTaskParameter_RemoveDuplicates_Inputs = true
                   DisableLogTaskParameterItemMetadata_ConvertToAbsolutePath_AbsolutePaths = true
                   DisableLogTaskParameterItemMetadata_Copy_CopiedFiles = true
                   DisableLogTaskParameterItemMetadata_Copy_DestinationFiles = true
                   DisableLogTaskParameterItemMetadata_Copy_SourceFiles = true
                   DisableLogTaskParameterItemMetadata_FindUnderPath_Files = true
                   DisableLogTaskParameterItemMetadata_FindUnderPath_InPath = true
                   DisableLogTaskParameterItemMetadata_GenerateResource_FilesWritten = true
                   DisableLogTaskParameterItemMetadata_Hash_ItemsToHash = true
                   DisableLogTaskParameterItemMetadata_RemoveDuplicates_Filtered = true
                   DisableLogTaskParameterItemMetadata_WriteLinesToFile_Lines = true
                   DisableStandardFrameworkResolution = true
                   DocumentationFile = 
                   DocumentationProjectOutputGroupDependenciesDependsOn = 
                         ;
                         
                         ;
                         BuildOnlySettings;
                         PrepareForBuild;
                         AssignTargetPaths;
                         ResolveReferences
                       
                       
                   DocumentationProjectOutputGroupDependsOn = 
                   DOTNET_CLI_TELEMETRY_SESSIONID = 33de97b0-c82b-4708-9101-efc10ea18c95
                   DOTNET_CLI_UI_LANGUAGE = en
                   DOTNET_HOST_PATH = C:\Program Files\dotnet\dotnet.exe
                   DotNetApiCompatTaskAssembly = C:\Program Files\dotnet\sdk\10.0.102\Sdks\Microsoft.NET.Sdk\targets\..\tools\net10.0\Microsoft.DotNet.ApiCompat.Task.dll
                   DotnetCliToolTargetFramework = netcoreapp2.2
                   EffectiveAnalysisLevel = 9.0
                   EffectiveCodeAnalysisTreatWarningsAsErrors = 
                   EffectiveTargetPlatformVersion = 
                   EmbeddedResourceUseDependentUponConvention = true
                   EmbeddedWin32Manifest = 
                   EmbedUntrackedSources = true
                   EmitAssetsLogMessages = true
                   EmitCompilerGeneratedFiles = false
                   EmitLegacyAssetsFileItems = false
                   EnableAppxPackageTargetsForUwpClassLibraries = true
                   EnableDefaultCompileItems = true
                   EnableDefaultEmbeddedResourceItems = true
                   EnableDefaultItems = true
                   EnableDefaultNoneItems = true
                   EnableFrameworkPathOverride = false
                   EnableNETAnalyzers = true
                   EnableSourceControlManagerQueries = true
                   EnableSourceLink = true
                   EnableUnsafeBinaryFormatterSerialization = false
                   EnableWebSdkImplicitPackageVersions = false
                   EnforceCodeStyleInBuild = false
                   ErrorReport = prompt
                   ExcludeRestorePackageImports = true
                   ExpandSDKAllowedReferenceExtensions = 
                         .winmd;
                         .dll
                       
                   ExpandSDKReferencesDependsOn = 
                         ResolveSDKReferences
                       
                   FileAlignment = 512
                   FindInvalidProjectReferencesDependsOn = 
                         GetReferenceTargetPlatformMonikers
                       
                   Framework20Dir = @(_TargetFramework20DirectoryItem)
                   Framework30Dir = @(_TargetFramework30DirectoryItem)
                   Framework35Dir = @(_TargetFramework35DirectoryItem)
                   Framework40Dir = @(_TargetFramework40DirectoryItem)
                   FrameworkDir = @(_TargetFramework40DirectoryItem)
                   FrameworkPathOverride = 
                   FrameworkRegistryBase = Software\Microsoft\.NETCoreApp
                   FrameworkSDKDir = @(_TargetFrameworkSDKDirectoryItem)
                   FullReferenceAssemblyNames = Full
                   GenerateAssemblyCompanyAttribute = true
                   GenerateAssemblyConfigurationAttribute = true
                   GenerateAssemblyCopyrightAttribute = true
                   GenerateAssemblyDescriptionAttribute = true
                   GenerateAssemblyFileVersionAttribute = true
                   GenerateAssemblyInfo = true
                   GenerateAssemblyInformationalVersionAttribute = true
                   GenerateAssemblyMetadataAttributes = true
                   GenerateAssemblyProductAttribute = true
                   GenerateAssemblyTitleAttribute = true
                   GenerateAssemblyTrademarkAttribute = true
                   GenerateAssemblyVersionAttribute = true
                   GeneratedAssemblyInfoFile = obj\Debug\net9.0\KIOSK.Device.Contracts.AssemblyInfo.cs
                   GenerateDependencyFile = true
                   GeneratedGlobalUsingsFile = obj\Debug\net9.0\KIOSK.Device.Contracts.GlobalUsings.g.cs
                   GenerateDisableRuntimeMarshallingAttribute = true
                   GenerateDocumentationFile = false
                   GenerateFullPaths = true
                   GenerateInternalsVisibleToAttributes = true
                   GenerateManifestsDependsOn = 
                         SetWin32ManifestProperties;
                         GenerateApplicationManifest;
                         GenerateDeploymentManifest
                       
                   GenerateNeutralResourcesLanguageAttribute = true
                   GenerateNuspecDependsOn = Build;_LoadPackInputItems; _GetTargetFrameworksOutput; _WalkEachTargetPerFramework; _GetPackageFiles; 
                   GeneratePackageOnBuild = false
                   GenerateRepositoryUrlAttribute = true
                   GenerateResourceMSBuildArchitecture = CurrentArchitecture
                   GenerateResourceMSBuildRuntime = CurrentRuntime
                   GenerateResourceUsePreserializedResources = true
                   GenerateRuntimeConfigDevFile = false
                   GenerateSatelliteAssembliesForCore = true
                   GenerateSupportedOSPlatformAttribute = true
                   GenerateTargetFrameworkAttribute = true
                   GenerateTargetPlatformAttribute = true
                   GetCopyToOutputDirectoryItemsDependsOn = 
                         AssignTargetPaths;
                         
                         AssignProjectConfiguration;
                         _SplitProjectReferencesByFileExistence
                       ;
                         _GetProjectReferenceTargetFrameworkProperties;
                         _PopulateCommonStateForGetCopyToOutputDirectoryItems
                       
                   GetFrameworkPathsDependsOn = 
                   GetReferenceNearestTargetFrameworkTaskSupportsTargetPlatformParameter = true
                   GetTargetPathWithTargetPlatformMonikerDependsOn = 
                   HasRuntimeOutput = 
                   HideWarningsAndErrors = false
                   HighEntropyVA = true
                   ImplicitConfigurationDefine = DEBUG
                   ImplicitUsings = enable
                   ImportByWildcardAfterMicrosoftCommonProps = true
                   ImportByWildcardAfterMicrosoftCommonTargets = true
                   ImportByWildcardAfterMicrosoftCSharpTargets = true
                   ImportByWildcardBeforeMicrosoftCommonProps = true
                   ImportByWildcardBeforeMicrosoftCommonTargets = true
                   ImportByWildcardBeforeMicrosoftCSharpTargets = true
                   ImportDirectoryBuildProps = true
                   ImportDirectoryBuildTargets = true
                   ImportDirectoryPackagesProps = true
                   ImportFrameworkWinFXTargets = false
                   ImportNuGetBuildTasksPackTargetsFromSdk = true
                   ImportProjectExtensionProps = false
                   ImportProjectExtensionTargets = false
                   ImportUserLocationsByWildcardAfterMicrosoftCommonProps = true
                   ImportUserLocationsByWildcardAfterMicrosoftCommonTargets = true
                   ImportUserLocationsByWildcardAfterMicrosoftCSharpTargets = true
                   ImportUserLocationsByWildcardBeforeMicrosoftCommonProps = true
                   ImportUserLocationsByWildcardBeforeMicrosoftCommonTargets = true
                   ImportUserLocationsByWildcardBeforeMicrosoftCSharpTargets = true
                   IncludeBuildOutput = true
                   IncludeContentInPack = true
                   IncludeFileVersionsInDependencyFile = true
                   IncludeMainProjectInDepsFile = true
                   IncludeProjectsNotInAssetsFileInDepsFile = true
                   IncludeSourceRevisionInInformationalVersion = true
                   IncludeSymbolsInSingleFile = false
                   InnerBuildProperty = TargetFramework
                   InnerBuildPropertyValues = TargetFrameworks
                   IntermediateOutputPath = obj\Debug\net9.0\
                   IsPackable = true
                   IsPublishable = true
                   IsRestoreTargetsFileLoaded = true
                   IsRidAgnostic = true
                   Language = C#
                   LanguageTargets = C:\Program Files\dotnet\sdk\10.0.102\Microsoft.CSharp.targets
                   LangVersion = 13.0
                   MarkPackageReferencesAsExternallyResolved = true
                   MaxSupportedLangVersion = 13.0
                   MaxTargetPath = 100
                   MicrosoftBuildTasksGitAssemblyFile = C:\Program Files\dotnet\sdk\10.0.102\Sdks\Microsoft.Build.Tasks.Git\build\..\tools\net\Microsoft.Build.Tasks.Git.dll
                   MicrosoftCommonPropsHasBeenImported = true
                   MicrosoftNETBuildExtensionsTargets = C:\Program Files\dotnet\sdk\10.0.102\\Microsoft\Microsoft.NET.Build.Extensions\Microsoft.NET.Build.Extensions.targets
                   MicrosoftNETBuildExtensionsTasksAssembly = C:\Program Files\dotnet\sdk\10.0.102\Microsoft\Microsoft.NET.Build.Extensions\\tools\net10.0\Microsoft.NET.Build.Extensions.Tasks.dll
                   MicrosoftNETBuildTasksAssembly = C:\Program Files\dotnet\sdk\10.0.102\Sdks\Microsoft.NET.Sdk\targets\..\tools\net10.0\Microsoft.NET.Build.Tasks.dll
                   MicrosoftNETBuildTasksDirectory = C:\Program Files\dotnet\sdk\10.0.102\Sdks\Microsoft.NET.Sdk\targets\..\tools\net10.0\
                   MicrosoftNETBuildTasksDirectoryRoot = C:\Program Files\dotnet\sdk\10.0.102\Sdks\Microsoft.NET.Sdk\targets\..\tools\
                   MicrosoftNETBuildTasksTFM = net10.0
                   MicrosoftNETFrameworkReferenceAssembliesLatestPackageVersion = 1.0.3
                   MicrosoftNETWindowsWorkloadInstalled = true
                   MinimumMSBuildVersion = 17.14.0
                   MinimumVisualStudioVersionForUnsupportedTargetFrameworkVersion = 17.16
                   MsAppxPackageTargets = C:\Program Files\dotnet\sdk\10.0.102\Microsoft\VisualStudio\v18.0\AppxPackage\Microsoft.AppXPackage.Targets
                   MSBuildAllProjects = c:\Users\niaci\RiderProjects\moenybox_devicecontroller\KIOSK.Device.Contracts\KIOSK.Device.Contracts.csproj;;C:\Program Files\dotnet\sdk\10.0.102\Current\Microsoft.Common.targets\ImportAfter\Microsoft.TestPlatform.ImportAfter.targets
                   MSBuildAssemblyVersion = 18.0
                   MSBuildBinPath = C:\Program Files\dotnet\sdk\10.0.102
                   MSBuildCopyContentTransitively = true
                   MSBuildCopyMarkerName = KIOSK.De.83D95CAA.Up2Date
                   MSBuildDisableFeaturesFromVersion = 999.999
                   MSBuildEnableWorkloadResolver = true
                   MSBuildExtensionsPath = C:\Program Files\dotnet\sdk\10.0.102\
                   MSBuildExtensionsPath32 = C:\Program Files\dotnet\sdk\10.0.102
                   MSBuildExtensionsPath64 = C:\Program Files\dotnet\sdk\10.0.102
                   MSBUILDFAILONDRIVEENUMERATINGWILDCARD = 1
                   MSBuildFileVersion = 18.0.7.61305
                   MSBuildIsRestoring = True
                   MSBuildLoadMicrosoftTargetsReadOnly = true
                   MSBuildNodeCount = 24
                   MSBuildProgramFiles32 = C:\Program Files (x86)
                   MSBuildProjectDefaultTargets = Build
                   MSBuildProjectDirectory = c:\Users\niaci\RiderProjects\moenybox_devicecontroller\KIOSK.Device.Contracts
                   MSBuildProjectDirectoryNoRoot = Users\niaci\RiderProjects\moenybox_devicecontroller\KIOSK.Device.Contracts
                   MSBuildProjectExtension = .csproj
                   MSBuildProjectExtensionsPath = c:\Users\niaci\RiderProjects\moenybox_devicecontroller\KIOSK.Device.Contracts\obj\
                   MSBuildProjectFile = KIOSK.Device.Contracts.csproj
                   MSBuildProjectFullPath = c:\Users\niaci\RiderProjects\moenybox_devicecontroller\KIOSK.Device.Contracts\KIOSK.Device.Contracts.csproj
                   MSBuildProjectName = KIOSK.Device.Contracts
                   MSBuildRestoreSessionId = 4b294504-e1ed-46f4-b463-ba92570e4b2c
                   MSBuildRuntimeType = Core
                   MSBuildSDKsPath = C:\Program Files\dotnet\sdk\10.0.102\Sdks
                   MSBuildSemanticVersion = 18.0.7+445250245
                   MSBuildStartupDirectory = c:\Users\niaci\RiderProjects\moenybox_devicecontroller
                   MSBuildToolsPath = C:\Program Files\dotnet\sdk\10.0.102
                   MSBuildToolsVersion = Current
                   MSBuildUserExtensionsPath = C:\Users\niaci\AppData\Local\Microsoft\MSBuild
                   MSBUILDUSESERVER = 0
                   MSBuildUseVisualStudioDirectoryLayout = False
                   MSBuildVersion = 18.0.7
                   MSBuildWarningsAsErrors = ;NU1605
                   MSBuildWarningsAsMessages = 1701;1702
                   MSBuildWarningsNotAsErrors = 
                   MsTestToolsTargets = C:\Program Files\dotnet\sdk\10.0.102\Microsoft\VisualStudio\v18.0\TeamTest\Microsoft.TeamTest.targets
                   NETCoreAppMaximumVersion = 10.0
                   NetCoreRoot = C:\Program Files\dotnet\
                   NETCoreSdkBundledCliToolsProps = C:\Program Files\dotnet\sdk\10.0.102\Sdks\Microsoft.NET.Sdk\targets\..\..\..\Microsoft.NETCoreSdk.BundledCliTools.props
                   NETCoreSdkBundledMSBuildInformationProps = C:\Program Files\dotnet\sdk\10.0.102\Sdks\Microsoft.NET.Sdk\targets\..\..\..\Microsoft.NETCoreSdk.BundledMSBuildInformation.props
                   NETCoreSdkBundledVersionsProps = C:\Program Files\dotnet\sdk\10.0.102\Sdks\Microsoft.NET.Sdk\targets\..\..\..\Microsoft.NETCoreSdk.BundledVersions.props
                   NETCoreSdkPortableRuntimeIdentifier = win-x64
                   NETCoreSdkRuntimeIdentifier = win-x64
                   NETCoreSdkVersion = 10.0.102
                   NetCoreTargetingPackRoot = C:\Program Files\dotnet\packs
                   NoCompilerStandardLib = true
                   NoStdLib = true
                   NoWarn = 1701;1702
                   NuGetAudit = true
                   NuGetAuditLevel = low
                   NuGetAuditMode = direct
                   NuGetBuildTasksPackTargets = C:\Program Files\dotnet\sdk\10.0.102\Sdks\Microsoft.NET.Sdk\Sdk\..\..\..\NuGet.Build.Tasks.Pack.targets
                   NuGetInteractive = false
                   NuGetPackTaskAssemblyFile = NuGet.Build.Tasks.Pack.dll
                   NuGetPropsFile = C:\Program Files\dotnet\sdk\10.0.102\NuGet.props
                   NuGetRestoreTargets = C:\Program Files\dotnet\sdk\10.0.102\NuGet.targets
                   NuGetTargetMoniker = .NETCoreApp,Version=v9.0
                   Nullable = enable
                   NuspecOutputPath = obj\Debug\
                   Optimize = false
                   OutDir = bin\Debug\net9.0\
                   OutputPath = bin\Debug\net9.0\
                   OutputType = Library
                   OverwriteReadOnlyFiles = false
                   PackageDescription = Package Description
                   PackageDownloadSupported = true
                   PackageId = KIOSK.Device.Contracts
                   PackageOutputPath = bin\Debug\
                   PackageRequireLicenseAcceptance = false
                   PackageVersion = 1.0.0
                   PackDependsOn = ; _GetRestoreProjectStyle; _IntermediatePack; GenerateNuspec; 
                   PackRelease = true
                   Platform = AnyCPU
                   PlatformName = AnyCPU
                   Platforms = AnyCPU
                   PostBuildEventDependsOn = 
                   PreBuildEventDependsOn = 
                   Prefer32Bit = false
                   PreferNativeArm64 = false
                   PrepareForBuildDependsOn = ;GetFrameworkPaths;GetReferenceAssemblyPaths;AssignLinkMetadata
                   PrepareForRunDependsOn = 
                         CopyFilesToOutputDirectory
                       
                   PrepareProjectReferencesDependsOn = 
                         AssignProjectConfiguration;
                         _SplitProjectReferencesByFileExistence;
                         _GetProjectReferenceTargetFrameworkProperties;
                         _GetProjectReferencePlatformProperties
                       
                   PrepareResourceNamesDependsOn = 
                         AssignTargetPaths;
                         SplitResourcesByCulture;
                         CreateManifestResourceNames;
                         CreateCustomManifestResourceNames
                       
                   PrepareResourcesDependsOn = 
                         ResolvePackageDependenciesForBuild;
                         _HandlePackageFileConflicts;
                         
                         ;
                         PrepareResourceNames;
                         ResGen;
                         CompileLicxFiles
                       
                       
                   PreserveCompilationReferences = 
                   ProcessorArchitecture = msil
                   ProcessorArchitectureAsPlatform = AnyCPU
                   ProduceReferenceAssembly = true
                   Product = KIOSK.Device.Contracts
                   ProjectAssetsCacheFile = c:\Users\niaci\RiderProjects\moenybox_devicecontroller\KIOSK.Device.Contracts\obj\Debug\net9.0\KIOSK.Device.Contracts.assets.cache
                   ProjectAssetsFile = c:\Users\niaci\RiderProjects\moenybox_devicecontroller\KIOSK.Device.Contracts\obj\project.assets.json
                   ProjectDepsFileName = KIOSK.Device.Contracts.deps.json
                   ProjectDepsFilePath = c:\Users\niaci\RiderProjects\moenybox_devicecontroller\KIOSK.Device.Contracts\bin\Debug\net9.0\KIOSK.Device.Contracts.deps.json
                   ProjectDesignTimeAssemblyResolutionSearchPaths = 
                         {CandidateAssemblyFiles};
                         ;
                         {HintPathFromItem};
                         {TargetFrameworkDirectory};
                         {Registry:Software\Microsoft\.NETCoreApp,v9.0,AssemblyFoldersEx};
                         {RawFileName};
                         c:\Users\niaci\RiderProjects\moenybox_devicecontroller\KIOSK.Device.Contracts\bin\Debug\net9.0\
                       
                   ProjectDir = c:\Users\niaci\RiderProjects\moenybox_devicecontroller\KIOSK.Device.Contracts\
                   ProjectExt = .csproj
                   ProjectFileName = KIOSK.Device.Contracts.csproj
                   ProjectFlavor = Client
                   ProjectName = KIOSK.Device.Contracts
                   ProjectPath = c:\Users\niaci\RiderProjects\moenybox_devicecontroller\KIOSK.Device.Contracts\KIOSK.Device.Contracts.csproj
                   ProjectRuntimeConfigFileName = KIOSK.Device.Contracts.runtimeconfig.json
                   ProjectRuntimeConfigFilePath = c:\Users\niaci\RiderProjects\moenybox_devicecontroller\KIOSK.Device.Contracts\bin\Debug\net9.0\KIOSK.Device.Contracts.runtimeconfig.json
                   PrunePackageDataRoot = C:\Program Files\dotnet\sdk\10.0.102\PrunePackageData
                   PublishableProject = 
                   PublishBuildDependsOn = 
                         BuildOnlySettings;
                         PrepareForBuild;
                         ResolveReferences;
                         PrepareResources;
                         ResolveKeySource;
                         GenerateSerializationAssemblies;
                         CreateSatelliteAssemblies;
                       
                   PublishContainerDependsOn = 
                         _ContainerVerifySDKVersion;
                         ComputeContainerConfig;
                         _CheckContainersPackage;
                       
                   PublishDependsOn = 
                         _DeploymentUnpublishable
                       
                   PublishDir = bin\Debug\net9.0\publish\
                   PublishDirName = publish
                   PublishDocumentationFile = true
                   PublishDocumentationFiles = true
                   PublishItemsOutputGroupDependsOn = 
                         ;
                         ResolveReferences;
                         ComputeResolvedFilesToPublishList;
                         _ComputeFilesToBundle;
                       
                   PublishOnlyDependsOn = 
                         SetGenerateManifests;
                         PublishBuild;
                         BeforePublish;
                         GenerateManifests;
                         CopyFilesToOutputDirectory;
                         _CopyFilesToPublishFolder;
                         _DeploymentGenerateBootstrapper;
                         ResolveKeySource;
                         _DeploymentSignClickOnceDeployment;
                         AfterPublish
                       
                   PublishProfileImported = false
                   PublishReadyToRunComposite = false
                   PublishReadyToRunPerfmapFormatVersion = 1
                   PublishReadyToRunUseCrossgen2 = true
                   PublishReadyToRunUseRuntimePackOptimizationData = true
                   PublishReferencesDocumentationFiles = true
                   PublishRelease = true
                   RebuildDependsOn = 
                         _SdkBeforeRebuild;
                         
                         BeforeRebuild;
                         Clean;
                         Build;
                         AfterRebuild;
                       
                       
                   RefAssembliesFolderName = refs
                   ReferenceCopyLocalPathsOutputGroupDependsOn = 
                         ;
                         
                         ;
                         BuildOnlySettings;
                         PrepareForBuild;
                         AssignTargetPaths;
                         ResolveReferences
                       
                       
                   ReportingServicesTargets = C:\Program Files\dotnet\sdk\10.0.102\\Microsoft\VisualStudio\v18.0\ReportingServices\Microsoft.ReportingServices.targets
                   ResGenDependsOn = ResolveAssemblyReferences;SplitResourcesByCulture;BeforeResGen;CoreResGen;AfterResGen
                   ResGenExecuteAsTool = false
                   ResolveAssemblyReferenceOutputUnresolvedAssemblyConflicts = true
                   ResolveAssemblyReferencesDependsOn = 
                         
                         
                         ResolveProjectReferences;
                         FindInvalidProjectReferences;
                         GetFrameworkPaths;
                         GetReferenceAssemblyPaths;
                         PrepareForBuild;
                         ResolveSDKReferences;
                         ExpandSDKReferences;
                       ;
                         ResolvePackageDependenciesForBuild;
                         _HandlePackageFileConflicts;
                       ;
                         ResolveTargetingPackAssets;
                       
                   ResolveNuGetPackages = false
                   ResolvePackageDependenciesForBuildDependsOn = 
                         ResolveLockFileReferences;
                         ResolveLockFileAnalyzers;
                         ResolveLockFileCopyLocalFiles;
                         ResolveRuntimePackAssets;
                         RunProduceContentAssets;
                         IncludeTransitiveProjectReferences
                       
                   ResolveReferencesDependsOn = 
                         BeforeResolveReferences;
                         AssignProjectConfiguration;
                         ResolveProjectReferences;
                         FindInvalidProjectReferences;
                         ResolveNativeReferences;
                         ResolveAssemblyReferences;
                         GenerateBindingRedirects;
                         GenerateBindingRedirectsUpdateAppConfig;
                         ResolveComReferences;
                         AfterResolveReferences
                       
                   ResolveSDKReferencesDependsOn = 
                         GetInstalledSDKLocations
                       
                   RespectAlreadyAssignedItemCulture = true
                   RestoreAdditionalProjectSources = ;C:\Program Files\dotnet\library-packs
                   RestoreBuildInParallel = true
                   RestoreContinueOnError = WarnAndContinue
                   RestoreEnablePackagePruning = false
                   RestoreOutputPath = c:\Users\niaci\RiderProjects\moenybox_devicecontroller\KIOSK.Device.Contracts\obj\
                   RestorePackagePruningDefault = false
                   RestoreProjectStyle = PackageReference
                   RestoreRecursive = true
                   RestoreTaskAssemblyFile = NuGet.Build.Tasks.dll
                   RestoreUseSkipNonexistentTargets = true
                   RootNamespace = KIOSK.Device.Contracts
                   RoslynAssembliesPath = C:\Program Files\dotnet\sdk\10.0.102\Sdks\Microsoft.NET.Sdk\targets\..\..\..\Roslyn\bincore
                   RoslynCompilerType = Core
                   RoslynCoreAssembliesPath = C:\Program Files\dotnet\sdk\10.0.102\Sdks\Microsoft.NET.Sdk\targets\..\..\..\Roslyn\bincore
                   RoslynTargetsPath = C:\Program Files\dotnet\sdk\10.0.102\Sdks\Microsoft.NET.Sdk\targets\..\..\..\Roslyn
                   RoslynTasksAssembly = C:\Program Files\dotnet\sdk\10.0.102\Sdks\Microsoft.NET.Sdk\targets\..\..\..\Roslyn\Microsoft.Build.Tasks.CodeAnalysis.dll
                   RunDependsOn = 
                   RunPackageValidationDependsOn = CollectApiCompatInputs;_GetReferencePathFromInnerProjects;
                   RuntimeIdentifierGraphPath = C:\Program Files\dotnet\sdk\10.0.102/PortableRuntimeIdentifierGraph.json
                   RunWorkingDirectory = 
                   SatelliteDllsProjectOutputGroupDependenciesDependsOn = 
                         ;
                         
                         ;
                         BuildOnlySettings;
                         PrepareForBuild;
                         AssignTargetPaths;
                         ResolveReferences
                       
                       
                   SatelliteDllsProjectOutputGroupDependsOn = ;PrepareForBuild;PrepareResourceNames
                   SdkAnalysisLevel = 10.0.100
                   SDKContainerSupportEnabled = true
                   SDKRedistOutputGroupDependsOn = ResolveSDKReferences;ExpandSDKReferences
                   SDKReferenceDirectoryRoot = C:\Users\niaci\AppData\Local\Microsoft SDKs;C:\Program Files (x86)\Microsoft SDKs
                   SDKReferenceRegistryRoot = Software\Microsoft\Microsoft SDKs
                   SGenFilesOutputGroupDependenciesDependsOn = 
                         ;
                         
                         ;
                         BuildOnlySettings;
                         PrepareForBuild;
                         AssignTargetPaths;
                         ResolveReferences
                       
                       
                   SGenFilesOutputGroupDependsOn = 
                   SGenShouldGenerateSerializer = true
                   SGenUseKeep = false
                   SGenUseProxyTypes = true
                   ShouldMarkCertainSDKReferencesAsRuntimeOnly = true
                   SignAssembly = false
                   SkipCopyUnchangedFiles = true
                   SkipImportNuGetBuildTargets = true
                   SkipImportNuGetProps = true
                   SolutionDir = *Undefined*
                   SolutionExt = *Undefined*
                   SolutionFileName = *Undefined*
                   SolutionName = *Undefined*
                   SolutionPath = *Undefined*
                   SourceControlInformationFeatureSupported = true
                   SourceControlManagerUrlTranslationTargets = ;TranslateGitHubUrlsInSourceControlInformation;TranslateGitLabUrlsInSourceControlInformation;TranslateAzureReposGitUrlsInSourceControlInformation;TranslateBitbucketGitUrlsInSourceControlInformation
                   SourceFilesProjectOutputGroupDependsOn = PrepareForBuild;AssignTargetPaths
                   SourceLinkUrlInitializerTargets = ;_InitializeGitHubSourceLinkUrl;_InitializeGitLabSourceLinkUrl;_InitializeAzureReposGitSourceLinkUrl;_InitializeBitbucketGitSourceLinkUrl
                   SourceRootMappedPathsFeatureSupported = true
                   SupportedOSPlatformVersion = 
                   SupportsRoslynComponentVersioning = true
                   SuppressDependenciesWhenPacking = false
                   SymbolPackageFormat = symbols.nupkg
                   TargetCulture = *
                   TargetDeployManifestFileName = KIOSK.Device.Contracts.application
                   TargetDir = c:\Users\niaci\RiderProjects\moenybox_devicecontroller\KIOSK.Device.Contracts\bin\Debug\net9.0\
                   TargetedFrameworkDir = @(_TargetedFrameworkDirectoryItem)
                   TargetedSDKArchitecture = msil
                   TargetedSDKConfiguration = Debug
                   TargetExt = .dll
                   TargetFileName = KIOSK.Device.Contracts.dll
                   TargetFramework = net9.0
                   TargetFrameworkDirectory = 
                   TargetFrameworkIdentifier = .NETCoreApp
                   TargetFrameworkMoniker = .NETCoreApp,Version=v9.0
                   TargetFrameworkMonikerAssemblyAttributesPath = obj\Debug\net9.0\.NETCoreApp,Version=v9.0.AssemblyAttributes.cs
                   TargetFrameworkMonikerDisplayName = .NET 9.0
                   TargetFrameworkSDKToolsDirectory = 
                   TargetFrameworkVersion = v9.0
                   TargetLatestRuntimePatch = false
                   TargetName = KIOSK.Device.Contracts
                   TargetPath = c:\Users\niaci\RiderProjects\moenybox_devicecontroller\KIOSK.Device.Contracts\bin\Debug\net9.0\KIOSK.Device.Contracts.dll
                   TargetPlatformDisplayName =  
                   TargetPlatformIdentifier = 
                   TargetPlatformRegistryBase = Software\Microsoft\Microsoft SDKs\
                   TargetPlatformSdkPath = 
                   TargetPlatformVersion = 
                   TargetRefPath = c:\Users\niaci\RiderProjects\moenybox_devicecontroller\KIOSK.Device.Contracts\obj\Debug\net9.0\ref\KIOSK.Device.Contracts.dll
                   TargetRuntime = Managed
                   TargetsForTfmSpecificContentInPackage = ;_PackProjectToolValidation
                   TargetsNet9 = true
                   ToolDepsJsonGeneratorProject = C:\Program Files\dotnet\sdk\10.0.102\Sdks\Microsoft.NET.Sdk\targets\GenerateDeps\GenerateDeps.proj
                   TreatWarningsAsErrors = false
                   TrimDepsJsonLibrariesWithoutAssets = true
                   UnmanagedRegistrationDependsOn = 
                   UnmanagedUnregistrationDependsOn = 
                   UnsupportedTargetFrameworkVersion = 11.0
                   UseCommonOutputDirectory = false
                   UseDefaultPlatformLookupTables = true
                   UseHostCompilerIfAvailable = true
                   UseMSBuildTestInfrastructure = false
                   UseOSWinMdReferences = false
                   UseRidGraph = false
                   UserProfileRuntimeStorePath = C:\Users\niaci\.dotnet\store
                   UserRuntimeConfig = c:\Users\niaci\RiderProjects\moenybox_devicecontroller\KIOSK.Device.Contracts/runtimeconfig.template.json
                   UseSourcePath = true
                   UsingMicrosoftNETSdk = true
                   UsingNETSdkDefaults = true
                   Utf8Output = true
                   ValidateRuntimeIdentifierCompatibility = false
                   VerifyMatchingImplicitPackageVersion = true
                   Version = 1.0.0
                   VersionPrefix = 1.0.0
                   VisualBasicCoreTargetsPath = C:\Program Files\dotnet\sdk\10.0.102\Sdks\Microsoft.NET.Sdk\targets\..\..\..\Roslyn\Microsoft.VisualBasic.Core.targets
                   VisualStudioVersion = 18.0
                   VSTestConsolePath = C:\Program Files\dotnet\sdk\10.0.102\vstest.console.dll
                   VSTestNoBuild = False
                   VSTestTargets = C:\Program Files\dotnet\sdk\10.0.102\\Microsoft.TestPlatform.targets
                   VSTestTaskAssemblyFile = Microsoft.TestPlatform.Build.dll
                   VsTestUseMSBuildOutput = False
                   WarningLevel = 9
                   WarningsAsErrors = ;NU1605;SYSLIB0011
                   WarnOnPackingNonPackableProject = false
                   WebReference_EnableLegacyEventingModel = false
                   WebReference_EnableProperties = true
                   WebReference_EnableSQLTypes = true
                   WMSJSProject = WJProject
                   WMSJSProjectDirectory = JavaScript
                   YieldDuringToolExecution = true

10:37:46.490     0>Initial Items:
                   _AllDirectoriesAbove
                       c:\
                       c:\Users
                       c:\Users\niaci
                       c:\Users\niaci\RiderProjects
                       c:\Users\niaci\RiderProjects\moenybox_devicecontroller
                       c:\Users\niaci\RiderProjects\moenybox_devicecontroller\KIOSK
                       c:\Users\niaci\RiderProjects\moenybox_devicecontroller\KIOSK\Infrastructure
                       c:\Users\niaci\RiderProjects\moenybox_devicecontroller\KIOSK\Infrastructure\Devices
                       c:\Users\niaci\RiderProjects\moenybox_devicecontroller\KIOSK\Infrastructure\Devices\Abstractions
                   _ApplicationManifestFinal
                       bin\Debug\net9.0\Native.KIOSK.Device.Contracts.manifest
                           TargetPath = Native.KIOSK.Device.Contracts.manifest
                   _DebugSymbolsIntermediatePath
                       obj\Debug\net9.0\KIOSK.Device.Contracts.pdb
                   _DebugSymbolsOutputPath
                       bin\Debug\net9.0\KIOSK.Device.Contracts.pdb
                   _DeploymentManifestEntryPoint
                       obj\Debug\net9.0\KIOSK.Device.Contracts.dll
                           TargetPath = KIOSK.Device.Contracts.dll
                   _EolNetCoreTargetFrameworkVersions
                       1.0
                       1.1
                       2.0
                       2.1
                       2.2
                       3.0
                       3.1
                       5.0
                       6.0
                       7.0
                   _ExcludedKnownRuntimeIdentiferPlatforms
                       rhel.6
                       rhel.6
                       rhel.6
                       rhel.6
                       rhel.6
                       rhel.6
                       rhel.6
                       rhel.6
                       rhel.6
                       rhel.6
                       rhel.6
                       rhel.6
                       rhel.6
                       rhel.6
                       rhel.6
                       rhel.6
                       rhel.6
                       tizen.4.0.0
                       tizen.4.0.0
                       tizen.4.0.0
                       tizen.4.0.0
                       tizen.4.0.0
                       tizen.4.0.0
                       tizen.4.0.0
                       tizen.4.0.0
                       tizen.4.0.0
                       tizen.4.0.0
                       tizen.4.0.0
                       tizen.4.0.0
                       tizen.4.0.0
                       tizen.4.0.0
                       tizen.4.0.0
                       tizen.4.0.0
                       tizen.4.0.0
                       tizen.4.0.0
                       tizen.4.0.0
                       tizen.4.0.0
                       tizen.4.0.0
                       tizen.4.0.0
                       tizen.4.0.0
                       tizen.4.0.0
                       tizen.4.0.0
                       tizen.4.0.0
                       tizen.4.0.0
                       tizen.4.0.0
                       tizen.4.0.0
                       tizen.4.0.0
                       tizen.4.0.0
                       tizen.4.0.0
                       tizen.4.0.0
                       tizen.4.0.0
                       tizen.4.0.0
                       tizen.4.0.0
                       tizen.4.0.0
                       tizen.5.0.0
                       tizen.5.0.0
                       tizen.5.0.0
                       tizen.5.0.0
                       tizen.5.0.0
                       tizen.5.0.0
                       tizen.5.0.0
                       tizen.5.0.0
                       tizen.5.0.0
                       tizen.5.0.0
                       tizen.5.0.0
                       tizen.5.0.0
                       tizen.5.0.0
                       tizen.5.0.0
                       tizen.5.0.0
                       tizen.5.0.0
                       tizen.5.0.0
                       tizen.5.0.0
                       tizen.5.0.0
                       tizen.5.0.0
                       tizen.5.0.0
                       tizen.5.0.0
                       tizen.5.0.0
                       tizen.5.0.0
                       tizen.5.0.0
                       tizen.5.0.0
                       tizen.5.0.0
                       tizen.5.0.0
                       tizen.5.0.0
                       tizen.5.0.0
                       tizen.5.0.0
                       tizen.5.0.0
                       tizen.5.0.0
                       tizen.5.0.0
                       tizen.5.0.0
                       tizen.5.0.0
                       tizen.5.0.0
                   _GenerateRestoreProjectPathWalkOutputs
                       c:\Users\niaci\RiderProjects\moenybox_devicecontroller\KIOSK.Device.Contracts\KIOSK.Device.Contracts.csproj
                   _KnownRuntimeIdentiferPlatforms
                       any
                       any
                       any
                       any
                       any
                       any
                       any
                       any
                       any
                       any
                       any
                       any
                       any
                       any
                       any
                       any
                       any
                       any
                       any
                       any
                       any
                       any
                       any
                       any
                       any
                       any
                       any
                       any
                       any
                       any
                       any
                       any
                       any
                       any
                       any
                       any
                       aot
                       aot
                       aot
                       aot
                       aot
                       aot
                       aot
                       aot
                       aot
                       aot
                       aot
                       aot
                       aot
                       aot
                       aot
                       aot
                       aot
                       aot
                       aot
                       aot
                       aot
                       aot
                       aot
                       aot
                       aot
                       aot
                       aot
                       aot
                       aot
                       aot
                       aot
                       aot
                       aot
                       aot
                       aot
                       aot
                       freebsd
                       freebsd
                       freebsd
                       freebsd
                       freebsd
                       freebsd
                       freebsd
                       freebsd
                       freebsd
                       freebsd
                       freebsd
                       freebsd
                       freebsd
                       freebsd
                       freebsd
                       freebsd
                       freebsd
                       freebsd
                       freebsd
                       freebsd
                       freebsd
                       freebsd
                       freebsd
                       freebsd
                       freebsd
                       freebsd
                       freebsd
                       freebsd
                       freebsd
                       freebsd
                       freebsd
                       freebsd
                       freebsd
                       freebsd
                       freebsd
                       freebsd
                       illumos
                       illumos
                       illumos
                       illumos
                       illumos
                       illumos
                       illumos
                       illumos
                       illumos
                       illumos
                       illumos
                       illumos
                       illumos
                       illumos
                       illumos
                       illumos
                       illumos
                       illumos
                       illumos
                       illumos
                       illumos
                       illumos
                       illumos
                       illumos
                       illumos
                       illumos
                       illumos
                       illumos
                       illumos
                       illumos
                       illumos
                       illumos
                       illumos
                       illumos
                       illumos
                       illumos
                       solaris
                       solaris
                       solaris
                       solaris
                       solaris
                       solaris
                       solaris
                       solaris
                       solaris
                       solaris
                       solaris
                       solaris
                       solaris
                       solaris
                       solaris
                       solaris
                       solaris
                       solaris
                       solaris
                       solaris
                       solaris
                       solaris
                       solaris
                       solaris
                       solaris
                       solaris
                       solaris
                       solaris
                       solaris
                       solaris
                       solaris
                       solaris
                       solaris
                       solaris
                       solaris
                       solaris
                       unix
                       unix
                       unix
                       unix
                       unix
                       unix
                       unix
                       unix
                       unix
                       unix
                       unix
                       unix
                       unix
                       unix
                       unix
                       unix
                       unix
                       unix
                       unix
                       unix
                       unix
                       unix
                       unix
                       unix
                       unix
                       unix
                       unix
                       unix
                       unix
                       unix
                       unix
                       unix
                       unix
                       unix
                       unix
                       unix
                   _OutputPathItem
                       bin\Debug\net9.0\
                   _ResolveComReferenceCache
                       obj\Debug\net9.0\KIOSK.Device.Contracts.csproj.ResolveComReference.cache
                   _RestoreProjectPathItems
                       c:\Users\niaci\RiderProjects\moenybox_devicecontroller\KIOSK.Device.Contracts\KIOSK.Device.Contracts.csproj
                   _UnmanagedRegistrationCache
                       obj\KIOSK.Device.Contracts.csproj.UnmanagedRegistration.cache
                   AdditionalTargetFrameworkInfoProperty
                       _IsExecutable
                       _SelfContainedWasSpecified
                       IsRidAgnostic
                       SelfContained
                       ShouldBeValidatedAsExecutableReference
                   Analyzer
                       C:\Program Files\dotnet\sdk\10.0.102\Sdks\Microsoft.NET.Sdk\targets\..\analyzers\Microsoft.CodeAnalysis.CSharp.NetAnalyzers.dll
                           IsImplicitlyDefined = true
                       C:\Program Files\dotnet\sdk\10.0.102\Sdks\Microsoft.NET.Sdk\targets\..\analyzers\Microsoft.CodeAnalysis.NetAnalyzers.dll
                           IsImplicitlyDefined = true
                   AppConfigFileDestination
                       bin\Debug\net9.0\KIOSK.Device.Contracts.dll.config
                   ApplicationManifest
                       obj\Debug\net9.0\Native.KIOSK.Device.Contracts.manifest
                           TargetPath = Native.KIOSK.Device.Contracts.manifest
                   BuiltProjectOutputGroupKeyOutput
                       c:\Users\niaci\RiderProjects\moenybox_devicecontroller\KIOSK.Device.Contracts\obj\Debug\net9.0\KIOSK.Device.Contracts.dll
                           IsKeyOutput = true
                           FinalOutputPath = c:\Users\niaci\RiderProjects\moenybox_devicecontroller\KIOSK.Device.Contracts\bin\Debug\net9.0\KIOSK.Device.Contracts.dll
                           TargetPath = KIOSK.Device.Contracts.dll
                   ClsidMap
                       obj\Debug\net9.0\KIOSK.Device.Contracts.clsidmap
                   Compile
                       ..\KIOSK\Infrastructure\Devices\Abstractions\CommandResultFactory.cs
                           Link = Infrastructure\Devices\Abstractions\CommandResultFactory.cs
                       ..\KIOSK\Infrastructure\Devices\Abstractions\DeviceDescriptor.cs
                           Link = Infrastructure\Devices\Abstractions\DeviceDescriptor.cs
                       ..\KIOSK\Infrastructure\Devices\Abstractions\IDevice.cs
                           Link = Infrastructure\Devices\Abstractions\IDevice.cs
                       ..\KIOSK\Infrastructure\Devices\Abstractions\IDeviceCommandHandler.cs
                           Link = Infrastructure\Devices\Abstractions\IDeviceCommandHandler.cs
                       ..\KIOSK\Infrastructure\Devices\Abstractions\IFramer.cs
                           Link = Infrastructure\Devices\Abstractions\IFramer.cs
                       ..\KIOSK\Infrastructure\Devices\Abstractions\ITransport.cs
                           Link = Infrastructure\Devices\Abstractions\ITransport.cs
                       ..\KIOSK\Infrastructure\Devices\Abstractions\Models.cs
                           Link = Infrastructure\Devices\Abstractions\Models.cs
                   CompilerVisibleProperty
                       _SupportedPlatformList
                       EnableComHosting
                       EnableGeneratedComInterfaceComImportInterop
                       EnforceExtendedAnalyzerRules
                       InvariantGlobalization
                       PlatformNeutralAssembly
                       ProjectDir
                       ProjectTypeGuids
                       RootNamespace
                       TargetFramework
                       TargetFrameworkIdentifier
                       TargetFrameworkVersion
                       TargetPlatformMinVersion
                       UsingMicrosoftNETSdkWeb
                   CopyUpToDateMarker
                       c:\Users\niaci\RiderProjects\moenybox_devicecontroller\KIOSK.Device.Contracts\obj\Debug\net9.0\KIOSK.De.83D95CAA.Up2Date
                   CreateDirectory
                       c:\Users\niaci\RiderProjects\moenybox_devicecontroller\KIOSK.Device.Contracts\obj\Debug\net9.0\refint\
                       obj\Debug\net9.0\ref
                   DebugSymbolsProjectOutputGroupOutput
                       c:\Users\niaci\RiderProjects\moenybox_devicecontroller\KIOSK.Device.Contracts\obj\Debug\net9.0\KIOSK.Device.Contracts.pdb
                           FinalOutputPath = c:\Users\niaci\RiderProjects\moenybox_devicecontroller\KIOSK.Device.Contracts\bin\Debug\net9.0\KIOSK.Device.Contracts.pdb
                           TargetPath = KIOSK.Device.Contracts.pdb
                   DeployManifest
                       obj\Debug\net9.0\KIOSK.Device.Contracts.application
                           TargetPath = KIOSK.Device.Contracts.application
                   EmbedInBinlog
                       c:\Users\niaci\RiderProjects\moenybox_devicecontroller\KIOSK.Device.Contracts\obj\project.assets.json
                   FrameworkReference
                       Microsoft.NETCore.App
                           IsImplicitlyDefined = true
                           PrivateAssets = All
                           Pack = false
                   GenerateRuntimeConfigurationFilesInputs
                       c:\Users\niaci\RiderProjects\moenybox_devicecontroller\KIOSK.Device.Contracts\obj\Debug\net9.0\KIOSK.Device.Contracts.assets.cache
                       c:\Users\niaci\RiderProjects\moenybox_devicecontroller\KIOSK.Device.Contracts\obj\project.assets.json
                   GlobalAnalyzerConfigFiles
                       c:\.globalconfig
                       c:\Users\.globalconfig
                       c:\Users\niaci\.globalconfig
                       c:\Users\niaci\RiderProjects\.globalconfig
                       c:\Users\niaci\RiderProjects\moenybox_devicecontroller\.globalconfig
                       c:\Users\niaci\RiderProjects\moenybox_devicecontroller\KIOSK\.globalconfig
                       c:\Users\niaci\RiderProjects\moenybox_devicecontroller\KIOSK\Infrastructure\.globalconfig
                       c:\Users\niaci\RiderProjects\moenybox_devicecontroller\KIOSK\Infrastructure\Devices\.globalconfig
                       c:\Users\niaci\RiderProjects\moenybox_devicecontroller\KIOSK\Infrastructure\Devices\Abstractions\.globalconfig
                   ImplicitPackageReferenceVersion
                       Microsoft.AspNetCore.All
                           LatestVersion = 2.1.30
                           DefaultVersion = 2.1.1
                           TargetFrameworkVersion = 2.1
                       Microsoft.AspNetCore.All
                           LatestVersion = 2.2.8
                           DefaultVersion = 2.2.0
                           TargetFrameworkVersion = 2.2
                       Microsoft.AspNetCore.App
                           LatestVersion = 2.1.30
                           DefaultVersion = 2.1.1
                           TargetFrameworkVersion = 2.1
                       Microsoft.AspNetCore.App
                           LatestVersion = 2.2.8
                           DefaultVersion = 2.2.0
                           TargetFrameworkVersion = 2.2
                       Microsoft.NETCore.App
                           LatestVersion = 1.0.16
                           DefaultVersion = 1.0.5
                           TargetFrameworkVersion = 1.0
                       Microsoft.NETCore.App
                           LatestVersion = 1.1.13
                           DefaultVersion = 1.1.2
                           TargetFrameworkVersion = 1.1
                       Microsoft.NETCore.App
                           LatestVersion = 2.0.9
                           DefaultVersion = 2.0.0
                           TargetFrameworkVersion = 2.0
                       Microsoft.NETCore.App
                           LatestVersion = 2.1.30
                           DefaultVersion = 2.1.0
                           TargetFrameworkVersion = 2.1
                       Microsoft.NETCore.App
                           LatestVersion = 2.2.8
                           DefaultVersion = 2.2.0
                           TargetFrameworkVersion = 2.2
                   IntermediateAssembly
                       obj\Debug\net9.0\KIOSK.Device.Contracts.dll
                   IntermediateRefAssembly
                       obj\Debug\net9.0\refint\KIOSK.Device.Contracts.dll
                   KnownAppHostPack
                       Microsoft.NETCore.App
                           ExcludedRuntimeIdentifiers = android
                           AppHostRuntimeIdentifiers = linux-arm;linux-arm64;linux-musl-arm64;linux-musl-x64;linux-x64;osx-x64;tizen.4.0.0-armel;tizen.5.0.0-armel;win-arm64;win-x64;win-x86;linux-musl-arm;osx-arm64;linux-s390x;linux-loongarch64;linux-bionic-arm;linux-bionic-arm64;linux-bionic-x64;linux-bionic-x86;linux-ppc64le;freebsd-x64;freebsd-arm64;linux-riscv64;linux-musl-riscv64;linux-musl-loongarch64
                           TargetFramework = net10.0
                           AppHostPackNamePattern = Microsoft.NETCore.App.Host.**RID**
                           AppHostPackVersion = 10.0.2
                       Microsoft.NETCore.App
                           ExcludedRuntimeIdentifiers = android
                           AppHostRuntimeIdentifiers = linux-arm;linux-arm64;linux-musl-arm64;linux-musl-x64;linux-x64;osx-x64;tizen.4.0.0-armel;tizen.5.0.0-armel;win-arm64;win-x64;win-x86;linux-musl-arm;osx-arm64;linux-s390x;linux-loongarch64;linux-bionic-arm;linux-bionic-arm64;linux-bionic-x64;linux-bionic-x86;linux-ppc64le;freebsd-x64;freebsd-arm64;linux-riscv64;linux-musl-riscv64;linux-musl-loongarch64
                           TargetFramework = net9.0
                           AppHostPackNamePattern = Microsoft.NETCore.App.Host.**RID**
                           AppHostPackVersion = 9.0.12
                       Microsoft.NETCore.App
                           ExcludedRuntimeIdentifiers = android
                           AppHostRuntimeIdentifiers = linux-arm;linux-arm64;linux-musl-arm64;linux-musl-x64;linux-x64;osx-x64;tizen.4.0.0-armel;tizen.5.0.0-armel;win-arm64;win-x64;win-x86;linux-musl-arm;osx-arm64;linux-s390x;linux-loongarch64;linux-bionic-arm;linux-bionic-arm64;linux-bionic-x64;linux-bionic-x86;linux-ppc64le;freebsd-x64;freebsd-arm64
                           TargetFramework = net8.0
                           AppHostPackNamePattern = Microsoft.NETCore.App.Host.**RID**
                           AppHostPackVersion = 8.0.23
                       Microsoft.NETCore.App
                           ExcludedRuntimeIdentifiers = android
                           AppHostRuntimeIdentifiers = linux-arm;linux-arm64;linux-musl-arm64;linux-musl-x64;linux-x64;osx-x64;tizen.4.0.0-armel;tizen.5.0.0-armel;win-arm;win-arm64;win-x64;win-x86;linux-musl-arm;osx-arm64;linux-s390x;linux-loongarch64;linux-bionic-arm;linux-bionic-arm64;linux-bionic-x64;linux-bionic-x86;linux-ppc64le
                           TargetFramework = net7.0
                           AppHostPackNamePattern = Microsoft.NETCore.App.Host.**RID**
                           AppHostPackVersion = 7.0.20
                       Microsoft.NETCore.App
                           ExcludedRuntimeIdentifiers = android
                           AppHostRuntimeIdentifiers = linux-arm;linux-arm64;linux-musl-arm64;linux-musl-x64;linux-x64;osx-x64;tizen.4.0.0-armel;tizen.5.0.0-armel;win-arm;win-arm64;win-x64;win-x86;linux-musl-arm;osx-arm64;linux-s390x;linux-loongarch64
                           TargetFramework = net6.0
                           AppHostPackNamePattern = Microsoft.NETCore.App.Host.**RID**
                           AppHostPackVersion = 6.0.36
                       Microsoft.NETCore.App
                           AppHostRuntimeIdentifiers = linux-arm;linux-arm64;linux-musl-arm64;linux-musl-x64;linux-x64;osx-x64;tizen.4.0.0-armel;tizen.5.0.0-armel;win-arm;win-arm64;win-x64;win-x86;linux-musl-arm
                           TargetFramework = net5.0
                           AppHostPackNamePattern = Microsoft.NETCore.App.Host.**RID**
                           AppHostPackVersion = 5.0.17
                       Microsoft.NETCore.App
                           AppHostRuntimeIdentifiers = linux-arm;linux-arm64;linux-musl-arm64;linux-musl-x64;linux-x64;osx-x64;tizen.4.0.0-armel;tizen.5.0.0-armel;win-arm;win-arm64;win-x64;win-x86
                           TargetFramework = netcoreapp3.1
                           AppHostPackNamePattern = Microsoft.NETCore.App.Host.**RID**
                           AppHostPackVersion = 3.1.32
                       Microsoft.NETCore.App
                           AppHostRuntimeIdentifiers = linux-arm;linux-arm64;linux-musl-arm64;linux-musl-x64;linux-x64;osx-x64;tizen.4.0.0-armel;tizen.5.0.0-armel;win-arm;win-arm64;win-x64;win-x86
                           TargetFramework = netcoreapp3.0
                           AppHostPackNamePattern = Microsoft.NETCore.App.Host.**RID**
                           AppHostPackVersion = 3.0.3
                   KnownAspNetCorePack
                       Microsoft.AspNetCore.App.Internal.Assets
                           TargetFramework = net10.0
                           AspNetCorePackVersion = 10.0.2
                   KnownCrossgen2Pack
                       Microsoft.NETCore.App.Crossgen2
                           Crossgen2RuntimeIdentifiers = linux-musl-x64;linux-x64;win-x64;linux-arm;linux-arm64;linux-musl-arm;linux-musl-arm64;osx-arm64;osx-x64;win-arm64;win-x86;freebsd-x64;freebsd-arm64;linux-riscv64;linux-musl-riscv64;linux-loongarch64;linux-musl-loongarch64
                           TargetFramework = net10.0
                           Crossgen2PackNamePattern = Microsoft.NETCore.App.Crossgen2.**RID**
                           Crossgen2PackVersion = 10.0.2
                           Crossgen2PortableRuntimeIdentifiers = linux-musl-x64;linux-x64;win-x64;linux-arm;linux-arm64;linux-musl-arm;linux-musl-arm64;osx-arm64;osx-x64;win-arm64;win-x86;freebsd-x64;freebsd-arm64;linux-riscv64;linux-musl-riscv64;linux-loongarch64;linux-musl-loongarch64
                       Microsoft.NETCore.App.Crossgen2
                           Crossgen2RuntimeIdentifiers = linux-musl-x64;linux-x64;win-x64;linux-arm;linux-arm64;linux-musl-arm;linux-musl-arm64;osx-arm64;osx-x64;win-arm64;win-x86;freebsd-x64;freebsd-arm64;linux-riscv64;linux-musl-riscv64;linux-loongarch64;linux-musl-loongarch64
                           TargetFramework = net9.0
                           Crossgen2PackNamePattern = Microsoft.NETCore.App.Crossgen2.**RID**
                           Crossgen2PackVersion = 9.0.12
                       Microsoft.NETCore.App.Crossgen2
                           Crossgen2RuntimeIdentifiers = linux-musl-x64;linux-x64;win-x64;linux-arm;linux-arm64;linux-musl-arm;linux-musl-arm64;osx-arm64;osx-x64;win-arm64;win-x86;freebsd-x64;freebsd-arm64
                           TargetFramework = net8.0
                           Crossgen2PackNamePattern = Microsoft.NETCore.App.Crossgen2.**RID**
                           Crossgen2PackVersion = 8.0.23
                       Microsoft.NETCore.App.Crossgen2
                           Crossgen2RuntimeIdentifiers = linux-musl-x64;linux-x64;win-x64;linux-arm;linux-arm64;linux-musl-arm;linux-musl-arm64;osx-arm64;osx-x64;win-arm;win-arm64;win-x86
                           TargetFramework = net7.0
                           Crossgen2PackNamePattern = Microsoft.NETCore.App.Crossgen2.**RID**
                           Crossgen2PackVersion = 7.0.20
                       Microsoft.NETCore.App.Crossgen2
                           Crossgen2RuntimeIdentifiers = linux-musl-x64;linux-x64;win-x64;linux-arm;linux-arm64;linux-musl-arm;linux-musl-arm64;osx-arm64;osx-x64;win-arm;win-arm64;win-x86
                           TargetFramework = net6.0
                           Crossgen2PackNamePattern = Microsoft.NETCore.App.Crossgen2.**RID**
                           Crossgen2PackVersion = 6.0.36
                       Microsoft.NETCore.App.Crossgen2
                           Crossgen2RuntimeIdentifiers = linux-musl-x64;linux-x64;win-x64
                           TargetFramework = net5.0
                           Crossgen2PackNamePattern = Microsoft.NETCore.App.Crossgen2.**RID**
                           Crossgen2PackVersion = 5.0.17
                   KnownFrameworkReference
                       Microsoft.AspNetCore.App
                           TargetFramework = netcoreapp3.1
                           DefaultRuntimeFrameworkVersion = 3.1.0
                           TargetingPackName = Microsoft.AspNetCore.App.Ref
                           LatestRuntimeFrameworkVersion = 3.1.32
                           RuntimePackRuntimeIdentifiers = win-x64;win-x86;win-arm;osx-x64;linux-musl-x64;linux-musl-arm64;linux-x64;linux-arm;linux-arm64
                           RuntimePackNamePatterns = Microsoft.AspNetCore.App.Runtime.**RID**
                           TargetingPackVersion = 3.1.10
                           RuntimeFrameworkName = Microsoft.AspNetCore.App
                       Microsoft.AspNetCore.App
                           TargetFramework = net10.0
                           DefaultRuntimeFrameworkVersion = 10.0.0
                           TargetingPackName = Microsoft.AspNetCore.App.Ref
                           LatestRuntimeFrameworkVersion = 10.0.2
                           RuntimePackExcludedRuntimeIdentifiers = android;linux-bionic
                           RuntimePackRuntimeIdentifiers = win-x64;win-x86;osx-x64;linux-musl-x64;linux-musl-arm64;linux-x64;linux-arm;linux-arm64;linux-musl-arm;win-arm64;osx-arm64;linux-s390x;linux-loongarch64;linux-ppc64le;freebsd-x64;freebsd-arm64;linux-riscv64;linux-musl-riscv64;linux-loongarch64;linux-musl-loongarch64
                           RuntimePackNamePatterns = Microsoft.AspNetCore.App.Runtime.**RID**
                           TargetingPackVersion = 10.0.2
                           RuntimeFrameworkName = Microsoft.AspNetCore.App
                       Microsoft.AspNetCore.App
                           TargetFramework = net5.0
                           DefaultRuntimeFrameworkVersion = 5.0.0
                           TargetingPackName = Microsoft.AspNetCore.App.Ref
                           LatestRuntimeFrameworkVersion = 5.0.17
                           RuntimePackRuntimeIdentifiers = win-x64;win-x86;win-arm;osx-x64;linux-musl-x64;linux-musl-arm64;linux-x64;linux-arm;linux-arm64;linux-musl-arm;win-arm64
                           RuntimePackNamePatterns = Microsoft.AspNetCore.App.Runtime.**RID**
                           TargetingPackVersion = 5.0.0
                           RuntimeFrameworkName = Microsoft.AspNetCore.App
                       Microsoft.AspNetCore.App
                           TargetFramework = net6.0
                           DefaultRuntimeFrameworkVersion = 6.0.0
                           TargetingPackName = Microsoft.AspNetCore.App.Ref
                           LatestRuntimeFrameworkVersion = 6.0.36
                           RuntimePackRuntimeIdentifiers = win-x64;win-x86;win-arm;osx-x64;linux-musl-x64;linux-musl-arm64;linux-x64;linux-arm;linux-arm64;linux-musl-arm;win-arm64;osx-arm64;linux-s390x;linux-loongarch64
                           RuntimePackNamePatterns = Microsoft.AspNetCore.App.Runtime.**RID**
                           TargetingPackVersion = 6.0.36
                           RuntimeFrameworkName = Microsoft.AspNetCore.App
                       Microsoft.AspNetCore.App
                           TargetFramework = netcoreapp3.0
                           DefaultRuntimeFrameworkVersion = 3.0.0
                           TargetingPackName = Microsoft.AspNetCore.App.Ref
                           LatestRuntimeFrameworkVersion = 3.0.3
                           RuntimePackRuntimeIdentifiers = win-x64;win-x86;win-arm;osx-x64;linux-musl-x64;linux-musl-arm64;linux-x64;linux-arm;linux-arm64
                           RuntimePackNamePatterns = Microsoft.AspNetCore.App.Runtime.**RID**
                           TargetingPackVersion = 3.0.1
                           RuntimeFrameworkName = Microsoft.AspNetCore.App
                       Microsoft.AspNetCore.App
                           TargetFramework = net9.0
                           DefaultRuntimeFrameworkVersion = 9.0.0
                           TargetingPackName = Microsoft.AspNetCore.App.Ref
                           LatestRuntimeFrameworkVersion = 9.0.12
                           RuntimePackExcludedRuntimeIdentifiers = android;linux-bionic
                           RuntimePackRuntimeIdentifiers = win-x64;win-x86;osx-x64;linux-musl-x64;linux-musl-arm64;linux-x64;linux-arm;linux-arm64;linux-musl-arm;win-arm64;osx-arm64;linux-s390x;linux-loongarch64;linux-ppc64le;freebsd-x64;freebsd-arm64;linux-riscv64;linux-musl-riscv64;linux-loongarch64;linux-musl-loongarch64
                           RuntimePackNamePatterns = Microsoft.AspNetCore.App.Runtime.**RID**
                           TargetingPackVersion = 9.0.12
                           RuntimeFrameworkName = Microsoft.AspNetCore.App
                       Microsoft.AspNetCore.App
                           TargetFramework = net7.0
                           DefaultRuntimeFrameworkVersion = 7.0.0
                           TargetingPackName = Microsoft.AspNetCore.App.Ref
                           LatestRuntimeFrameworkVersion = 7.0.20
                           RuntimePackExcludedRuntimeIdentifiers = android
                           RuntimePackRuntimeIdentifiers = win-x64;win-x86;win-arm;osx-x64;linux-musl-x64;linux-musl-arm64;linux-x64;linux-arm;linux-arm64;linux-musl-arm;win-arm64;osx-arm64;linux-s390x;linux-loongarch64;linux-ppc64le
                           RuntimePackNamePatterns = Microsoft.AspNetCore.App.Runtime.**RID**
                           TargetingPackVersion = 7.0.20
                           RuntimeFrameworkName = Microsoft.AspNetCore.App
                       Microsoft.AspNetCore.App
                           TargetFramework = net8.0
                           DefaultRuntimeFrameworkVersion = 8.0.0
                           TargetingPackName = Microsoft.AspNetCore.App.Ref
                           LatestRuntimeFrameworkVersion = 8.0.23
                           RuntimePackExcludedRuntimeIdentifiers = android;linux-bionic
                           RuntimePackRuntimeIdentifiers = win-x64;win-x86;osx-x64;linux-musl-x64;linux-musl-arm64;linux-x64;linux-arm;linux-arm64;linux-musl-arm;win-arm64;osx-arm64;linux-s390x;linux-loongarch64;linux-ppc64le;freebsd-x64;freebsd-arm64
                           RuntimePackNamePatterns = Microsoft.AspNetCore.App.Runtime.**RID**
                           TargetingPackVersion = 8.0.23
                           RuntimeFrameworkName = Microsoft.AspNetCore.App
                       Microsoft.NETCore.App
                           TargetFramework = net10.0
                           DefaultRuntimeFrameworkVersion = 10.0.0
                           TargetingPackName = Microsoft.NETCore.App.Ref
                           LatestRuntimeFrameworkVersion = 10.0.2
                           RuntimePackRuntimeIdentifiers = linux-arm;linux-arm64;linux-musl-arm64;linux-musl-x64;linux-x64;osx-x64;tizen.4.0.0-armel;tizen.5.0.0-armel;win-arm64;win-x64;win-x86;linux-musl-arm;osx-arm64;linux-s390x;linux-loongarch64;linux-bionic-arm;linux-bionic-arm64;linux-bionic-x64;linux-bionic-x86;linux-ppc64le;freebsd-x64;freebsd-arm64;linux-riscv64;linux-musl-riscv64;linux-musl-loongarch64;android-arm64;android-x64
                           RuntimePackNamePatterns = Microsoft.NETCore.App.Runtime.**RID**
                           TargetingPackVersion = 10.0.2
                           RuntimeFrameworkName = Microsoft.NETCore.App
                       Microsoft.NETCore.App
                           TargetFramework = netcoreapp3.0
                           DefaultRuntimeFrameworkVersion = 3.0.0
                           TargetingPackName = Microsoft.NETCore.App.Ref
                           LatestRuntimeFrameworkVersion = 3.0.3
                           RuntimePackRuntimeIdentifiers = linux-arm;linux-arm64;linux-musl-arm64;linux-musl-x64;linux-x64;osx-x64;tizen.4.0.0-armel;tizen.5.0.0-armel;win-arm;win-arm64;win-x64;win-x86
                           RuntimePackNamePatterns = Microsoft.NETCore.App.Runtime.**RID**
                           TargetingPackVersion = 3.0.0
                           IsTrimmable = true
                           RuntimeFrameworkName = Microsoft.NETCore.App
                       Microsoft.NETCore.App
                           TargetFramework = netcoreapp3.1
                           DefaultRuntimeFrameworkVersion = 3.1.0
                           TargetingPackName = Microsoft.NETCore.App.Ref
                           LatestRuntimeFrameworkVersion = 3.1.32
                           RuntimePackRuntimeIdentifiers = linux-arm;linux-arm64;linux-musl-arm64;linux-musl-x64;linux-x64;osx-x64;tizen.4.0.0-armel;tizen.5.0.0-armel;win-arm;win-arm64;win-x64;win-x86
                           RuntimePackNamePatterns = Microsoft.NETCore.App.Runtime.**RID**
                           TargetingPackVersion = 3.1.0
                           IsTrimmable = true
                           RuntimeFrameworkName = Microsoft.NETCore.App
                       Microsoft.NETCore.App
                           TargetFramework = net5.0
                           DefaultRuntimeFrameworkVersion = 5.0.0
                           TargetingPackName = Microsoft.NETCore.App.Ref
                           LatestRuntimeFrameworkVersion = 5.0.17
                           RuntimePackRuntimeIdentifiers = linux-arm;linux-arm64;linux-musl-arm64;linux-musl-x64;linux-x64;osx-x64;tizen.4.0.0-armel;tizen.5.0.0-armel;win-arm;win-arm64;win-x64;win-x86;linux-musl-arm;browser-wasm
                           RuntimePackNamePatterns = Microsoft.NETCore.App.Runtime.**RID**
                           TargetingPackVersion = 5.0.0
                           IsTrimmable = true
                           RuntimeFrameworkName = Microsoft.NETCore.App
                       Microsoft.NETCore.App
                           TargetFramework = net7.0
                           DefaultRuntimeFrameworkVersion = 7.0.0
                           TargetingPackName = Microsoft.NETCore.App.Ref
                           LatestRuntimeFrameworkVersion = 7.0.20
                           RuntimePackRuntimeIdentifiers = linux-arm;linux-arm64;linux-musl-arm64;linux-musl-x64;linux-x64;osx-x64;tizen.4.0.0-armel;tizen.5.0.0-armel;win-arm;win-arm64;win-x64;win-x86;linux-musl-arm;osx-arm64;linux-s390x;linux-loongarch64;linux-bionic-arm;linux-bionic-arm64;linux-bionic-x64;linux-bionic-x86;linux-ppc64le
                           RuntimePackNamePatterns = Microsoft.NETCore.App.Runtime.**RID**
                           TargetingPackVersion = 7.0.20
                           RuntimeFrameworkName = Microsoft.NETCore.App
                       Microsoft.NETCore.App
                           TargetFramework = net6.0
                           DefaultRuntimeFrameworkVersion = 6.0.0
                           TargetingPackName = Microsoft.NETCore.App.Ref
                           LatestRuntimeFrameworkVersion = 6.0.36
                           RuntimePackRuntimeIdentifiers = linux-arm;linux-arm64;linux-musl-arm64;linux-musl-x64;linux-x64;osx-x64;tizen.4.0.0-armel;tizen.5.0.0-armel;win-arm;win-arm64;win-x64;win-x86;linux-musl-arm;osx-arm64;linux-s390x;linux-loongarch64
                           RuntimePackNamePatterns = Microsoft.NETCore.App.Runtime.**RID**
                           TargetingPackVersion = 6.0.36
                           RuntimeFrameworkName = Microsoft.NETCore.App
                       Microsoft.NETCore.App
                           TargetFramework = net8.0
                           DefaultRuntimeFrameworkVersion = 8.0.0
                           TargetingPackName = Microsoft.NETCore.App.Ref
                           LatestRuntimeFrameworkVersion = 8.0.23
                           RuntimePackRuntimeIdentifiers = linux-arm;linux-arm64;linux-musl-arm64;linux-musl-x64;linux-x64;osx-x64;tizen.4.0.0-armel;tizen.5.0.0-armel;win-arm64;win-x64;win-x86;linux-musl-arm;osx-arm64;linux-s390x;linux-loongarch64;linux-bionic-arm;linux-bionic-arm64;linux-bionic-x64;linux-bionic-x86;linux-ppc64le;freebsd-x64;freebsd-arm64
                           RuntimePackNamePatterns = Microsoft.NETCore.App.Runtime.**RID**
                           TargetingPackVersion = 8.0.23
                           RuntimeFrameworkName = Microsoft.NETCore.App
                       Microsoft.NETCore.App
                           TargetFramework = net9.0
                           DefaultRuntimeFrameworkVersion = 9.0.0
                           TargetingPackName = Microsoft.NETCore.App.Ref
                           LatestRuntimeFrameworkVersion = 9.0.12
                           RuntimePackRuntimeIdentifiers = linux-arm;linux-arm64;linux-musl-arm64;linux-musl-x64;linux-x64;osx-x64;tizen.4.0.0-armel;tizen.5.0.0-armel;win-arm64;win-x64;win-x86;linux-musl-arm;osx-arm64;linux-s390x;linux-loongarch64;linux-bionic-arm;linux-bionic-arm64;linux-bionic-x64;linux-bionic-x86;linux-ppc64le;freebsd-x64;freebsd-arm64;linux-riscv64;linux-musl-riscv64;linux-musl-loongarch64
                           RuntimePackNamePatterns = Microsoft.NETCore.App.Runtime.**RID**
                           TargetingPackVersion = 9.0.12
                           RuntimeFrameworkName = Microsoft.NETCore.App
                       Microsoft.WindowsDesktop.App
                           TargetFramework = net8.0
                           DefaultRuntimeFrameworkVersion = 8.0.0
                           TargetingPackName = Microsoft.WindowsDesktop.App.Ref
                           IsWindowsOnly = true
                           LatestRuntimeFrameworkVersion = 8.0.23
                           RuntimePackRuntimeIdentifiers = win-x64;win-x86;win-arm64
                           RuntimePackNamePatterns = Microsoft.WindowsDesktop.App.Runtime.**RID**
                           TargetingPackVersion = 8.0.23
                           RuntimeFrameworkName = Microsoft.WindowsDesktop.App
                       Microsoft.WindowsDesktop.App
                           TargetFramework = net7.0
                           DefaultRuntimeFrameworkVersion = 7.0.0
                           TargetingPackName = Microsoft.WindowsDesktop.App.Ref
                           IsWindowsOnly = true
                           LatestRuntimeFrameworkVersion = 7.0.20
                           RuntimePackRuntimeIdentifiers = win-x64;win-x86;win-arm64
                           RuntimePackNamePatterns = Microsoft.WindowsDesktop.App.Runtime.**RID**
                           TargetingPackVersion = 7.0.20
                           RuntimeFrameworkName = Microsoft.WindowsDesktop.App
                       Microsoft.WindowsDesktop.App
                           TargetFramework = netcoreapp3.1
                           DefaultRuntimeFrameworkVersion = 3.1.0
                           TargetingPackName = Microsoft.WindowsDesktop.App.Ref
                           IsWindowsOnly = true
                           LatestRuntimeFrameworkVersion = 3.1.32
                           RuntimePackRuntimeIdentifiers = win-x64;win-x86
                           RuntimePackNamePatterns = Microsoft.WindowsDesktop.App.Runtime.**RID**
                           TargetingPackVersion = 3.1.0
                           RuntimeFrameworkName = Microsoft.WindowsDesktop.App
                       Microsoft.WindowsDesktop.App
                           TargetFramework = net6.0
                           DefaultRuntimeFrameworkVersion = 6.0.0
                           TargetingPackName = Microsoft.WindowsDesktop.App.Ref
                           IsWindowsOnly = true
                           LatestRuntimeFrameworkVersion = 6.0.36
                           RuntimePackRuntimeIdentifiers = win-x64;win-x86;win-arm64
                           RuntimePackNamePatterns = Microsoft.WindowsDesktop.App.Runtime.**RID**
                           TargetingPackVersion = 6.0.36
                           RuntimeFrameworkName = Microsoft.WindowsDesktop.App
                       Microsoft.WindowsDesktop.App
                           TargetFramework = net10.0
                           DefaultRuntimeFrameworkVersion = 10.0.0
                           TargetingPackName = Microsoft.WindowsDesktop.App.Ref
                           IsWindowsOnly = true
                           LatestRuntimeFrameworkVersion = 10.0.2
                           RuntimePackRuntimeIdentifiers = win-x64;win-x86;win-arm64
                           RuntimePackNamePatterns = Microsoft.WindowsDesktop.App.Runtime.**RID**
                           TargetingPackVersion = 10.0.2
                           RuntimeFrameworkName = Microsoft.WindowsDesktop.App
                       Microsoft.WindowsDesktop.App
                           TargetFramework = netcoreapp3.0
                           DefaultRuntimeFrameworkVersion = 3.0.0
                           TargetingPackName = Microsoft.WindowsDesktop.App.Ref
                           IsWindowsOnly = true
                           LatestRuntimeFrameworkVersion = 3.0.3
                           RuntimePackRuntimeIdentifiers = win-x64;win-x86
                           RuntimePackNamePatterns = Microsoft.WindowsDesktop.App.Runtime.**RID**
                           TargetingPackVersion = 3.0.0
                           RuntimeFrameworkName = Microsoft.WindowsDesktop.App
                       Microsoft.WindowsDesktop.App
                           TargetFramework = net9.0
                           DefaultRuntimeFrameworkVersion = 9.0.0
                           TargetingPackName = Microsoft.WindowsDesktop.App.Ref
                           IsWindowsOnly = true
                           LatestRuntimeFrameworkVersion = 9.0.12
                           RuntimePackRuntimeIdentifiers = win-x64;win-x86;win-arm64
                           RuntimePackNamePatterns = Microsoft.WindowsDesktop.App.Runtime.**RID**
                           TargetingPackVersion = 9.0.12
                           RuntimeFrameworkName = Microsoft.WindowsDesktop.App
                       Microsoft.WindowsDesktop.App
                           TargetFramework = net5.0
                           DefaultRuntimeFrameworkVersion = 5.0.0
                           TargetingPackName = Microsoft.WindowsDesktop.App.Ref
                           IsWindowsOnly = true
                           LatestRuntimeFrameworkVersion = 5.0.17
                           RuntimePackRuntimeIdentifiers = win-x64;win-x86;win-arm64
                           RuntimePackNamePatterns = Microsoft.WindowsDesktop.App.Runtime.**RID**
                           TargetingPackVersion = 5.0.0
                           RuntimeFrameworkName = Microsoft.WindowsDesktop.App
                       Microsoft.WindowsDesktop.App.WindowsForms
                           TargetFramework = net6.0
                           DefaultRuntimeFrameworkVersion = 6.0.0
                           TargetingPackName = Microsoft.WindowsDesktop.App.Ref
                           IsWindowsOnly = true
                           LatestRuntimeFrameworkVersion = 6.0.36
                           RuntimePackRuntimeIdentifiers = win-x64;win-x86;win-arm64
                           RuntimePackNamePatterns = Microsoft.WindowsDesktop.App.Runtime.**RID**
                           TargetingPackVersion = 6.0.36
                           Profile = WindowsForms
                           RuntimeFrameworkName = Microsoft.WindowsDesktop.App
                       Microsoft.WindowsDesktop.App.WindowsForms
                           TargetFramework = net10.0
                           DefaultRuntimeFrameworkVersion = 10.0.0
                           TargetingPackName = Microsoft.WindowsDesktop.App.Ref
                           IsWindowsOnly = true
                           LatestRuntimeFrameworkVersion = 10.0.2
                           RuntimePackRuntimeIdentifiers = win-x64;win-x86;win-arm64
                           RuntimePackNamePatterns = Microsoft.WindowsDesktop.App.Runtime.**RID**
                           TargetingPackVersion = 10.0.2
                           Profile = WindowsForms
                           RuntimeFrameworkName = Microsoft.WindowsDesktop.App
                       Microsoft.WindowsDesktop.App.WindowsForms
                           TargetFramework = net5.0
                           DefaultRuntimeFrameworkVersion = 5.0.0
                           TargetingPackName = Microsoft.WindowsDesktop.App.Ref
                           IsWindowsOnly = true
                           LatestRuntimeFrameworkVersion = 5.0.17
                           RuntimePackRuntimeIdentifiers = win-x64;win-x86;win-arm64
                           RuntimePackNamePatterns = Microsoft.WindowsDesktop.App.Runtime.**RID**
                           TargetingPackVersion = 5.0.0
                           Profile = WindowsForms
                           RuntimeFrameworkName = Microsoft.WindowsDesktop.App
                       Microsoft.WindowsDesktop.App.WindowsForms
                           TargetFramework = netcoreapp3.1
                           DefaultRuntimeFrameworkVersion = 3.1.0
                           TargetingPackName = Microsoft.WindowsDesktop.App.Ref
                           IsWindowsOnly = true
                           LatestRuntimeFrameworkVersion = 3.1.32
                           RuntimePackRuntimeIdentifiers = win-x64;win-x86
                           RuntimePackNamePatterns = Microsoft.WindowsDesktop.App.Runtime.**RID**
                           TargetingPackVersion = 3.1.0
                           Profile = WindowsForms
                           RuntimeFrameworkName = Microsoft.WindowsDesktop.App
                       Microsoft.WindowsDesktop.App.WindowsForms
                           TargetFramework = net9.0
                           DefaultRuntimeFrameworkVersion = 9.0.0
                           TargetingPackName = Microsoft.WindowsDesktop.App.Ref
                           IsWindowsOnly = true
                           LatestRuntimeFrameworkVersion = 9.0.12
                           RuntimePackRuntimeIdentifiers = win-x64;win-x86;win-arm64
                           RuntimePackNamePatterns = Microsoft.WindowsDesktop.App.Runtime.**RID**
                           TargetingPackVersion = 9.0.12
                           Profile = WindowsForms
                           RuntimeFrameworkName = Microsoft.WindowsDesktop.App
                       Microsoft.WindowsDesktop.App.WindowsForms
                           TargetFramework = net7.0
                           DefaultRuntimeFrameworkVersion = 7.0.0
                           TargetingPackName = Microsoft.WindowsDesktop.App.Ref
                           IsWindowsOnly = true
                           LatestRuntimeFrameworkVersion = 7.0.20
                           RuntimePackRuntimeIdentifiers = win-x64;win-x86;win-arm64
                           RuntimePackNamePatterns = Microsoft.WindowsDesktop.App.Runtime.**RID**
                           TargetingPackVersion = 7.0.20
                           Profile = WindowsForms
                           RuntimeFrameworkName = Microsoft.WindowsDesktop.App
                       Microsoft.WindowsDesktop.App.WindowsForms
                           TargetFramework = netcoreapp3.0
                           DefaultRuntimeFrameworkVersion = 3.0.0
                           TargetingPackName = Microsoft.WindowsDesktop.App.Ref
                           IsWindowsOnly = true
                           LatestRuntimeFrameworkVersion = 3.0.3
                           RuntimePackRuntimeIdentifiers = win-x64;win-x86
                           RuntimePackNamePatterns = Microsoft.WindowsDesktop.App.Runtime.**RID**
                           TargetingPackVersion = 3.0.0
                           Profile = WindowsForms
                           RuntimeFrameworkName = Microsoft.WindowsDesktop.App
                       Microsoft.WindowsDesktop.App.WindowsForms
                           TargetFramework = net8.0
                           DefaultRuntimeFrameworkVersion = 8.0.0
                           TargetingPackName = Microsoft.WindowsDesktop.App.Ref
                           IsWindowsOnly = true
                           LatestRuntimeFrameworkVersion = 8.0.23
                           RuntimePackRuntimeIdentifiers = win-x64;win-x86;win-arm64
                           RuntimePackNamePatterns = Microsoft.WindowsDesktop.App.Runtime.**RID**
                           TargetingPackVersion = 8.0.23
                           Profile = WindowsForms
                           RuntimeFrameworkName = Microsoft.WindowsDesktop.App
                       Microsoft.WindowsDesktop.App.WPF
                           TargetFramework = netcoreapp3.0
                           DefaultRuntimeFrameworkVersion = 3.0.0
                           TargetingPackName = Microsoft.WindowsDesktop.App.Ref
                           IsWindowsOnly = true
                           LatestRuntimeFrameworkVersion = 3.0.3
                           RuntimePackRuntimeIdentifiers = win-x64;win-x86
                           RuntimePackNamePatterns = Microsoft.WindowsDesktop.App.Runtime.**RID**
                           TargetingPackVersion = 3.0.0
                           Profile = WPF
                           RuntimeFrameworkName = Microsoft.WindowsDesktop.App
                       Microsoft.WindowsDesktop.App.WPF
                           TargetFramework = net8.0
                           DefaultRuntimeFrameworkVersion = 8.0.0
                           TargetingPackName = Microsoft.WindowsDesktop.App.Ref
                           IsWindowsOnly = true
                           LatestRuntimeFrameworkVersion = 8.0.23
                           RuntimePackRuntimeIdentifiers = win-x64;win-x86;win-arm64
                           RuntimePackNamePatterns = Microsoft.WindowsDesktop.App.Runtime.**RID**
                           TargetingPackVersion = 8.0.23
                           Profile = WPF
                           RuntimeFrameworkName = Microsoft.WindowsDesktop.App
                       Microsoft.WindowsDesktop.App.WPF
                           TargetFramework = net5.0
                           DefaultRuntimeFrameworkVersion = 5.0.0
                           TargetingPackName = Microsoft.WindowsDesktop.App.Ref
                           IsWindowsOnly = true
                           LatestRuntimeFrameworkVersion = 5.0.17
                           RuntimePackRuntimeIdentifiers = win-x64;win-x86;win-arm64
                           RuntimePackNamePatterns = Microsoft.WindowsDesktop.App.Runtime.**RID**
                           TargetingPackVersion = 5.0.0
                           Profile = WPF
                           RuntimeFrameworkName = Microsoft.WindowsDesktop.App
                       Microsoft.WindowsDesktop.App.WPF
                           TargetFramework = netcoreapp3.1
                           DefaultRuntimeFrameworkVersion = 3.1.0
                           TargetingPackName = Microsoft.WindowsDesktop.App.Ref
                           IsWindowsOnly = true
                           LatestRuntimeFrameworkVersion = 3.1.32
                           RuntimePackRuntimeIdentifiers = win-x64;win-x86
                           RuntimePackNamePatterns = Microsoft.WindowsDesktop.App.Runtime.**RID**
                           TargetingPackVersion = 3.1.0
                           Profile = WPF
                           RuntimeFrameworkName = Microsoft.WindowsDesktop.App
                       Microsoft.WindowsDesktop.App.WPF
                           TargetFramework = net9.0
                           DefaultRuntimeFrameworkVersion = 9.0.0
                           TargetingPackName = Microsoft.WindowsDesktop.App.Ref
                           IsWindowsOnly = true
                           LatestRuntimeFrameworkVersion = 9.0.12
                           RuntimePackRuntimeIdentifiers = win-x64;win-x86;win-arm64
                           RuntimePackNamePatterns = Microsoft.WindowsDesktop.App.Runtime.**RID**
                           TargetingPackVersion = 9.0.12
                           Profile = WPF
                           RuntimeFrameworkName = Microsoft.WindowsDesktop.App
                       Microsoft.WindowsDesktop.App.WPF
                           TargetFramework = net6.0
                           DefaultRuntimeFrameworkVersion = 6.0.0
                           TargetingPackName = Microsoft.WindowsDesktop.App.Ref
                           IsWindowsOnly = true
                           LatestRuntimeFrameworkVersion = 6.0.36
                           RuntimePackRuntimeIdentifiers = win-x64;win-x86;win-arm64
                           RuntimePackNamePatterns = Microsoft.WindowsDesktop.App.Runtime.**RID**
                           TargetingPackVersion = 6.0.36
                           Profile = WPF
                           RuntimeFrameworkName = Microsoft.WindowsDesktop.App
                       Microsoft.WindowsDesktop.App.WPF
                           TargetFramework = net7.0
                           DefaultRuntimeFrameworkVersion = 7.0.0
                           TargetingPackName = Microsoft.WindowsDesktop.App.Ref
                           IsWindowsOnly = true
                           LatestRuntimeFrameworkVersion = 7.0.20
                           RuntimePackRuntimeIdentifiers = win-x64;win-x86;win-arm64
                           RuntimePackNamePatterns = Microsoft.WindowsDesktop.App.Runtime.**RID**
                           TargetingPackVersion = 7.0.20
                           Profile = WPF
                           RuntimeFrameworkName = Microsoft.WindowsDesktop.App
                       Microsoft.WindowsDesktop.App.WPF
                           TargetFramework = net10.0
                           DefaultRuntimeFrameworkVersion = 10.0.0
                           TargetingPackName = Microsoft.WindowsDesktop.App.Ref
                           IsWindowsOnly = true
                           LatestRuntimeFrameworkVersion = 10.0.2
                           RuntimePackRuntimeIdentifiers = win-x64;win-x86;win-arm64
                           RuntimePackNamePatterns = Microsoft.WindowsDesktop.App.Runtime.**RID**
                           TargetingPackVersion = 10.0.2
                           Profile = WPF
                           RuntimeFrameworkName = Microsoft.WindowsDesktop.App
                       NETStandard.Library
                           TargetFramework = netstandard2.1
                           TargetingPackName = NETStandard.Library.Ref
                           TargetingPackVersion = 2.1.0
                   KnownILCompilerPack
                       Microsoft.DotNet.ILCompiler
                           ILCompilerPackNamePattern = runtime.**RID**.Microsoft.DotNet.ILCompiler
                           ILCompilerRuntimePackNamePattern = Microsoft.NETCore.App.Runtime.NativeAOT.**RID**
                           TargetFramework = net10.0
                           ILCompilerPackVersion = 10.0.2
                           ILCompilerRuntimeIdentifiers = linux-arm64;linux-musl-arm64;linux-musl-x64;linux-x64;win-arm64;win-x64;osx-x64;osx-arm64;freebsd-x64;freebsd-arm64;linux-arm;linux-musl-arm;linux-loongarch64;linux-musl-loongarch64;win-x86;linux-riscv64;linux-musl-riscv64
                           ILCompilerPortableRuntimeIdentifiers = linux-arm64;linux-musl-arm64;linux-musl-x64;linux-x64;win-arm64;win-x64;osx-x64;osx-arm64;freebsd-x64;freebsd-arm64;linux-arm;linux-musl-arm;linux-loongarch64;linux-musl-loongarch64;win-x86;linux-riscv64;linux-musl-riscv64
                       Microsoft.DotNet.ILCompiler
                           ILCompilerPackNamePattern = runtime.**RID**.Microsoft.DotNet.ILCompiler
                           TargetFramework = net9.0
                           ILCompilerPackVersion = 9.0.12
                           ILCompilerRuntimeIdentifiers = linux-arm64;linux-musl-arm64;linux-musl-x64;linux-x64;win-arm64;win-x64;osx-x64;osx-arm64;freebsd-x64;freebsd-arm64;linux-arm;linux-musl-arm;linux-loongarch64;linux-musl-loongarch64;win-x86
                       Microsoft.DotNet.ILCompiler
                           ILCompilerPackNamePattern = runtime.**RID**.Microsoft.DotNet.ILCompiler
                           TargetFramework = net8.0
                           ILCompilerPackVersion = 8.0.23
                           ILCompilerRuntimeIdentifiers = linux-arm64;linux-musl-arm64;linux-musl-x64;linux-x64;win-arm64;win-x64;osx-x64;osx-arm64;freebsd-x64;freebsd-arm64
                       Microsoft.DotNet.ILCompiler
                           ILCompilerPackNamePattern = runtime.**RID**.Microsoft.DotNet.ILCompiler
                           TargetFramework = net7.0
                           ILCompilerPackVersion = 7.0.20
                           ILCompilerRuntimeIdentifiers = linux-arm64;linux-musl-arm64;linux-musl-x64;linux-x64;win-arm64;win-x64
                   KnownILLinkPack
                       Microsoft.NET.ILLink.Tasks
                           TargetFramework = net10.0
                           ILLinkPackVersion = 10.0.2
                       Microsoft.NET.ILLink.Tasks
                           TargetFramework = net9.0
                           ILLinkPackVersion = 9.0.12
                       Microsoft.NET.ILLink.Tasks
                           TargetFramework = net8.0
                           ILLinkPackVersion = 8.0.23
                       Microsoft.NET.ILLink.Tasks
                           TargetFramework = net7.0
                           ILLinkPackVersion = 7.0.100-1.23211.1
                       Microsoft.NET.ILLink.Tasks
                           TargetFramework = net6.0
                           ILLinkPackVersion = 7.0.100-1.23211.1
                       Microsoft.NET.ILLink.Tasks
                           TargetFramework = net5.0
                           ILLinkPackVersion = 7.0.100-1.23211.1
                       Microsoft.NET.ILLink.Tasks
                           TargetFramework = netcoreapp3.1
                           ILLinkPackVersion = 7.0.100-1.23211.1
                       Microsoft.NET.ILLink.Tasks
                           TargetFramework = netcoreapp3.0
                           ILLinkPackVersion = 7.0.100-1.23211.1
                   KnownRuntimePack
                       Microsoft.NETCore.App
                           TargetFramework = net10.0
                           LatestRuntimeFrameworkVersion = 10.0.2
                           RuntimePackRuntimeIdentifiers = ios-arm64;iossimulator-arm64;iossimulator-x64;tvos-arm64;tvossimulator-arm64;tvossimulator-x64;maccatalyst-arm64;maccatalyst-x64;linux-bionic-arm64;linux-bionic-x64;osx-arm64;osx-x64;freebsd-arm64;freebsd-x64;linux-x64;linux-arm;linux-arm64;linux-loongarch64;linux-bionic-arm;linux-musl-x64;linux-musl-arm;linux-musl-arm64;linux-musl-loongarch64;win-x64;win-x86;win-arm64;browser-wasm;wasi-wasm;linux-riscv64;linux-musl-riscv64;android-arm64;android-x64
                           RuntimePackNamePatterns = Microsoft.NETCore.App.Runtime.NativeAOT.**RID**
                           RuntimePackLabels = NativeAOT
                           RuntimeFrameworkName = Microsoft.NETCore.App
                       Microsoft.NETCore.App
                           TargetFramework = net10.0
                           LatestRuntimeFrameworkVersion = 10.0.2
                           RuntimePackRuntimeIdentifiers = linux-arm;linux-arm64;linux-musl-arm64;linux-musl-x64;linux-x64;osx-x64;win-arm64;win-x64;win-x86;linux-musl-arm;osx-arm64;linux-s390x;linux-loongarch64;browser-wasm;ios-arm64;ios-arm;iossimulator-arm64;iossimulator-x64;iossimulator-x86;tvos-arm64;tvossimulator-arm64;tvossimulator-x64;maccatalyst-x64;maccatalyst-arm64;android-arm64;android-arm;android-x64;android-x86;freebsd-x64;freebsd-arm64;wasi-wasm;linux-riscv64;linux-musl-riscv64;linux-loongarch64;linux-musl-loongarch64
                           RuntimePackNamePatterns = Microsoft.NETCore.App.Runtime.Mono.**RID**
                           RuntimePackLabels = Mono
                           RuntimeFrameworkName = Microsoft.NETCore.App
                       Microsoft.NETCore.App
                           TargetFramework = net9.0
                           LatestRuntimeFrameworkVersion = 9.0.12
                           RuntimePackRuntimeIdentifiers = ios-arm64;iossimulator-arm64;iossimulator-x64;tvos-arm64;tvossimulator-arm64;tvossimulator-x64;maccatalyst-arm64;maccatalyst-x64;linux-bionic-arm64;linux-bionic-x64;osx-arm64;osx-x64;freebsd-arm64;freebsd-x64;linux-x64;linux-arm;linux-arm64;linux-loongarch64;linux-bionic-arm;linux-musl-x64;linux-musl-arm;linux-musl-arm64;linux-musl-loongarch64;win-x64;win-x86;win-arm64;browser-wasm;wasi-wasm
                           RuntimePackNamePatterns = Microsoft.NETCore.App.Runtime.NativeAOT.**RID**
                           RuntimePackLabels = NativeAOT
                           RuntimeFrameworkName = Microsoft.NETCore.App
                       Microsoft.NETCore.App
                           TargetFramework = net9.0
                           LatestRuntimeFrameworkVersion = 9.0.12
                           RuntimePackRuntimeIdentifiers = linux-arm;linux-arm64;linux-musl-arm64;linux-musl-x64;linux-x64;osx-x64;win-arm64;win-x64;win-x86;linux-musl-arm;osx-arm64;linux-s390x;linux-loongarch64;browser-wasm;ios-arm64;ios-arm;iossimulator-arm64;iossimulator-x64;iossimulator-x86;tvos-arm64;tvossimulator-arm64;tvossimulator-x64;maccatalyst-x64;maccatalyst-arm64;android-arm64;android-arm;android-x64;android-x86;freebsd-x64;freebsd-arm64;wasi-wasm;linux-riscv64;linux-musl-riscv64;linux-loongarch64;linux-musl-loongarch64
                           RuntimePackNamePatterns = Microsoft.NETCore.App.Runtime.Mono.**RID**
                           RuntimePackLabels = Mono
                           RuntimeFrameworkName = Microsoft.NETCore.App
                       Microsoft.NETCore.App
                           TargetFramework = net8.0
                           LatestRuntimeFrameworkVersion = 8.0.23
                           RuntimePackRuntimeIdentifiers = ios-arm64;iossimulator-arm64;iossimulator-x64;tvos-arm64;tvossimulator-arm64;tvossimulator-x64;maccatalyst-arm64;maccatalyst-x64;linux-bionic-arm64;linux-bionic-x64;osx-arm64;osx-x64;freebsd-arm64;freebsd-x64
                           RuntimePackNamePatterns = Microsoft.NETCore.App.Runtime.NativeAOT.**RID**
                           RuntimePackLabels = NativeAOT
                           RuntimeFrameworkName = Microsoft.NETCore.App
                       Microsoft.NETCore.App
                           TargetFramework = net8.0
                           LatestRuntimeFrameworkVersion = 8.0.23
                           RuntimePackRuntimeIdentifiers = linux-arm;linux-arm64;linux-musl-arm64;linux-musl-x64;linux-x64;osx-x64;win-arm64;win-x64;win-x86;linux-musl-arm;osx-arm64;linux-s390x;linux-loongarch64;browser-wasm;ios-arm64;ios-arm;iossimulator-arm64;iossimulator-x64;iossimulator-x86;tvos-arm64;tvossimulator-arm64;tvossimulator-x64;maccatalyst-x64;maccatalyst-arm64;android-arm64;android-arm;android-x64;android-x86;freebsd-x64;freebsd-arm64;wasi-wasm
                           RuntimePackNamePatterns = Microsoft.NETCore.App.Runtime.Mono.**RID**
                           RuntimePackLabels = Mono
                           RuntimeFrameworkName = Microsoft.NETCore.App
                       Microsoft.NETCore.App
                           TargetFramework = net7.0
                           LatestRuntimeFrameworkVersion = 7.0.20
                           RuntimePackRuntimeIdentifiers = linux-arm;linux-arm64;linux-musl-arm64;linux-musl-x64;linux-x64;osx-x64;win-arm;win-arm64;win-x64;win-x86;linux-musl-arm;osx-arm64;linux-s390x;linux-loongarch64;browser-wasm;ios-arm64;ios-arm;iossimulator-arm64;iossimulator-x64;iossimulator-x86;tvos-arm64;tvossimulator-arm64;tvossimulator-x64;maccatalyst-x64;maccatalyst-arm64;android-arm64;android-arm;android-x64;android-x86
                           RuntimePackNamePatterns = Microsoft.NETCore.App.Runtime.Mono.**RID**
                           RuntimePackLabels = Mono
                           RuntimeFrameworkName = Microsoft.NETCore.App
                       Microsoft.NETCore.App
                           TargetFramework = net6.0
                           LatestRuntimeFrameworkVersion = 6.0.36
                           RuntimePackRuntimeIdentifiers = linux-arm;linux-arm64;linux-musl-arm64;linux-musl-x64;linux-x64;osx-x64;win-arm;win-arm64;win-x64;win-x86;linux-musl-arm;osx-arm64;linux-s390x;linux-loongarch64;browser-wasm;ios-arm64;ios-arm;iossimulator-arm64;iossimulator-x64;iossimulator-x86;tvos-arm64;tvossimulator-arm64;tvossimulator-x64;maccatalyst-x64;maccatalyst-arm64;android-arm64;android-arm;android-x64;android-x86
                           RuntimePackNamePatterns = Microsoft.NETCore.App.Runtime.Mono.**RID**
                           RuntimePackLabels = Mono
                           RuntimeFrameworkName = Microsoft.NETCore.App
                   KnownWebAssemblySdkPack
                       Microsoft.NET.Sdk.WebAssembly.Pack
                           TargetFramework = net10.0
                           WebAssemblySdkPackVersion = 10.0.2
                       Microsoft.NET.Sdk.WebAssembly.Pack
                           TargetFramework = net9.0
                           WebAssemblySdkPackVersion = 10.0.2
                       Microsoft.NET.Sdk.WebAssembly.Pack
                           TargetFramework = net8.0
                           WebAssemblySdkPackVersion = 10.0.2
                       Microsoft.NET.Sdk.WebAssembly.Pack
                           TargetFramework = net7.0
                           WebAssemblySdkPackVersion = 10.0.2
                       Microsoft.NET.Sdk.WebAssembly.Pack
                           TargetFramework = net6.0
                           WebAssemblySdkPackVersion = 10.0.2
                   PackageConflictOverrides
                       NETStandard.Library
                           OverriddenPackages = 
                           Microsoft.Win32.Primitives|4.3.0;
                           System.AppContext|4.3.0;
                           System.Collections|4.3.0;
                           System.Collections.Concurrent|4.3.0;
                           System.Collections.Immutable|1.4.0;
                           System.Collections.NonGeneric|4.3.0;
                           System.Collections.Specialized|4.3.0;
                           System.ComponentModel|4.3.0;
                           System.ComponentModel.EventBasedAsync|4.3.0;
                           System.ComponentModel.Primitives|4.3.0;
                           System.ComponentModel.TypeConverter|4.3.0;
                           System.Console|4.3.0;
                           System.Data.Common|4.3.0;
                           System.Diagnostics.Contracts|4.3.0;
                           System.Diagnostics.Debug|4.3.0;
                           System.Diagnostics.FileVersionInfo|4.3.0;
                           System.Diagnostics.Process|4.3.0;
                           System.Diagnostics.StackTrace|4.3.0;
                           System.Diagnostics.TextWriterTraceListener|4.3.0;
                           System.Diagnostics.Tools|4.3.0;
                           System.Diagnostics.TraceSource|4.3.0;
                           System.Diagnostics.Tracing|4.3.0;
                           System.Dynamic.Runtime|4.3.0;
                           System.Globalization|4.3.0;
                           System.Globalization.Calendars|4.3.0;
                           System.Globalization.Extensions|4.3.0;
                           System.IO|4.3.0;
                           System.IO.Compression|4.3.0;
                           System.IO.Compression.ZipFile|4.3.0;
                           System.IO.FileSystem|4.3.0;
                           System.IO.FileSystem.DriveInfo|4.3.0;
                           System.IO.FileSystem.Primitives|4.3.0;
                           System.IO.FileSystem.Watcher|4.3.0;
                           System.IO.IsolatedStorage|4.3.0;
                           System.IO.MemoryMappedFiles|4.3.0;
                           System.IO.Pipes|4.3.0;
                           System.IO.UnmanagedMemoryStream|4.3.0;
                           System.Linq|4.3.0;
                           System.Linq.Expressions|4.3.0;
                           System.Linq.Queryable|4.3.0;
                           System.Net.Http|4.3.0;
                           System.Net.NameResolution|4.3.0;
                           System.Net.Primitives|4.3.0;
                           System.Net.Requests|4.3.0;
                           System.Net.Security|4.3.0;
                           System.Net.Sockets|4.3.0;
                           System.Net.WebHeaderCollection|4.3.0;
                           System.ObjectModel|4.3.0;
                           System.Private.DataContractSerialization|4.3.0;
                           System.Reflection|4.3.0;
                           System.Reflection.Emit|4.3.0;
                           System.Reflection.Emit.ILGeneration|4.3.0;
                           System.Reflection.Emit.Lightweight|4.3.0;
                           System.Reflection.Extensions|4.3.0;
                           System.Reflection.Primitives|4.3.0;
                           System.Reflection.TypeExtensions|4.3.0;
                           System.Resources.ResourceManager|4.3.0;
                           System.Runtime|4.3.0;
                           System.Runtime.Extensions|4.3.0;
                           System.Runtime.Handles|4.3.0;
                           System.Runtime.InteropServices|4.3.0;
                           System.Runtime.InteropServices.RuntimeInformation|4.3.0;
                           System.Runtime.Loader|4.3.0;
                           System.Runtime.Numerics|4.3.0;
                           System.Runtime.Serialization.Formatters|4.3.0;
                           System.Runtime.Serialization.Json|4.3.0;
                           System.Runtime.Serialization.Primitives|4.3.0;
                           System.Security.AccessControl|4.4.0;
                           System.Security.Claims|4.3.0;
                           System.Security.Cryptography.Algorithms|4.3.0;
                           System.Security.Cryptography.Csp|4.3.0;
                           System.Security.Cryptography.Encoding|4.3.0;
                           System.Security.Cryptography.Primitives|4.3.0;
                           System.Security.Cryptography.X509Certificates|4.3.0;
                           System.Security.Cryptography.Xml|4.4.0;
                           System.Security.Principal|4.3.0;
                           System.Security.Principal.Windows|4.4.0;
                           System.Text.Encoding|4.3.0;
                           System.Text.Encoding.Extensions|4.3.0;
                           System.Text.RegularExpressions|4.3.0;
                           System.Threading|4.3.0;
                           System.Threading.Overlapped|4.3.0;
                           System.Threading.Tasks|4.3.0;
                           System.Threading.Tasks.Extensions|4.3.0;
                           System.Threading.Tasks.Parallel|4.3.0;
                           System.Threading.Thread|4.3.0;
                           System.Threading.ThreadPool|4.3.0;
                           System.Threading.Timer|4.3.0;
                           System.ValueTuple|4.3.0;
                           System.Xml.ReaderWriter|4.3.0;
                           System.Xml.XDocument|4.3.0;
                           System.Xml.XmlDocument|4.3.0;
                           System.Xml.XmlSerializer|4.3.0;
                           System.Xml.XPath|4.3.0;
                           System.Xml.XPath.XDocument|4.3.0;
                         
                   PotentialEditorConfigFiles
                       c:\.editorconfig
                       c:\Users\.editorconfig
                       c:\Users\niaci\.editorconfig
                       c:\Users\niaci\RiderProjects\.editorconfig
                       c:\Users\niaci\RiderProjects\moenybox_devicecontroller\.editorconfig
                       c:\Users\niaci\RiderProjects\moenybox_devicecontroller\KIOSK\.editorconfig
                       c:\Users\niaci\RiderProjects\moenybox_devicecontroller\KIOSK\Infrastructure\.editorconfig
                       c:\Users\niaci\RiderProjects\moenybox_devicecontroller\KIOSK\Infrastructure\Devices\.editorconfig
                       c:\Users\niaci\RiderProjects\moenybox_devicecontroller\KIOSK\Infrastructure\Devices\Abstractions\.editorconfig
                   PreprocessorValue
                       assemblyname
                           Value = KIOSK.Device.Contracts
                       filename
                           Value = KIOSK.Device.Contracts.csproj
                       fullpath
                           Value = c:\Users\niaci\RiderProjects\moenybox_devicecontroller\KIOSK.Device.Contracts
                       outputfilename
                           Value = KIOSK.Device.Contracts.dll
                       rootnamespace
                           Value = KIOSK.Device.Contracts
                   ProjectCapability
                       AllTargetOutputGroups
                       AssemblyReferences
                       COMReferences
                       CSharp
                       DeclaredSourceItems
                       GenerateDocumentationFile
                       LanguageService
                       Managed
                       NativeAOT
                       NetSdkOCIImageBuild
                       OutputGroups
                       Pack
                       ProjectReferences
                       ReferencesFolder
                       RelativePathDerivedDefaultNamespace
                       SharedProjectReferences
                       SingleFileGenerators
                       SupportsComputeRunCommand
                       SupportsHotReload
                       UserSourceItems
                       VisualStudioWellKnownOutputGroups
                   PropertyPageSchema
                       C:\Program Files\dotnet\sdk\10.0.102\\assemblyreference.xaml
                           Context = ;BrowseObject
                       C:\Program Files\dotnet\sdk\10.0.102\\COMReference.xaml
                           Context = ;BrowseObject
                       C:\Program Files\dotnet\sdk\10.0.102\\Content.xaml
                           Context = File;BrowseObject
                       C:\Program Files\dotnet\sdk\10.0.102\\CSharp.BrowseObject.xaml
                           Context = BrowseObject
                       C:\Program Files\dotnet\sdk\10.0.102\\CSharp.ProjectItemsSchema.xaml
                       C:\Program Files\dotnet\sdk\10.0.102\\CSharp.xaml
                           Context = File
                       C:\Program Files\dotnet\sdk\10.0.102\\Debugger_General.xaml
                           Context = Project
                       C:\Program Files\dotnet\sdk\10.0.102\\EmbeddedResource.xaml
                           Context = File;BrowseObject
                       C:\Program Files\dotnet\sdk\10.0.102\\Folder.xaml
                           Context = File;BrowseObject
                       C:\Program Files\dotnet\sdk\10.0.102\\General_File.xaml
                           Context = File
                       C:\Program Files\dotnet\sdk\10.0.102\\General.BrowseObject.xaml
                           Context = BrowseObject
                       C:\Program Files\dotnet\sdk\10.0.102\\General.xaml
                           Context = Project
                       C:\Program Files\dotnet\sdk\10.0.102\\None.xaml
                           Context = File;BrowseObject
                       C:\Program Files\dotnet\sdk\10.0.102\\ProjectItemsSchema.xaml
                       C:\Program Files\dotnet\sdk\10.0.102\\ProjectReference.xaml
                           Context = ;BrowseObject
                       C:\Program Files\dotnet\sdk\10.0.102\\ResolvedAssemblyReference.xaml
                           Context = ProjectSubscriptionService;BrowseObject
                       C:\Program Files\dotnet\sdk\10.0.102\\ResolvedCOMReference.xaml
                           Context = ProjectSubscriptionService;BrowseObject
                       C:\Program Files\dotnet\sdk\10.0.102\\ResolvedProjectReference.xaml
                           Context = ProjectSubscriptionService;BrowseObject
                       C:\Program Files\dotnet\sdk\10.0.102\\SCC.xaml
                           Context = Invisible
                       C:\Program Files\dotnet\sdk\10.0.102\\SpecialFolder.xaml
                           Context = File;ProjectSubscriptionService
                   RegFreeComManifest
                       obj\Debug\net9.0\KIOSK.Device.Contracts.X.manifest
                   RuntimeHostConfigurationOption
                       System.Runtime.Serialization.EnableUnsafeBinaryFormatterSerialization
                           Value = false
                           Trim = true
                   SdkSupportedTargetPlatformIdentifier
                       android
                           DisplayName = Android
                       ios
                           DisplayName = iOS
                       maccatalyst
                           DisplayName = MacCatalyst
                       macos
                           DisplayName = macOS
                       tvos
                           DisplayName = tvOS
                       windows
                           DisplayName = Windows
                   SourceLinkAzureReposGitHost
                       dev.azure.com
                       visualstudio.com
                       vsts.me
                   SourceLinkBitbucketGitHost
                       bitbucket.org
                           EnterpriseEdition = false
                   SourceLinkGitHubHost
                       github.com
                           ContentUrl = https://raw.githubusercontent.com
                   SourceLinkGitLabHost
                       gitlab.com
                   SupportedNETCoreAppTargetFramework
                       .NETCoreApp,Version=v1.0
                           DisplayName = .NET Core 1.0
                           Alias = netcoreapp1.0
                       .NETCoreApp,Version=v1.1
                           DisplayName = .NET Core 1.1
                           Alias = netcoreapp1.1
                       .NETCoreApp,Version=v10.0
                           DisplayName = .NET 10.0
                           Alias = net10.0
                       .NETCoreApp,Version=v2.0
                           DisplayName = .NET Core 2.0
                           Alias = netcoreapp2.0
                       .NETCoreApp,Version=v2.1
                           DisplayName = .NET Core 2.1
                           Alias = netcoreapp2.1
                       .NETCoreApp,Version=v2.2
                           DisplayName = .NET Core 2.2
                           Alias = netcoreapp2.2
                       .NETCoreApp,Version=v3.0
                           DisplayName = .NET Core 3.0
                           Alias = netcoreapp3.0
                       .NETCoreApp,Version=v3.1
                           DisplayName = .NET Core 3.1
                           Alias = netcoreapp3.1
                       .NETCoreApp,Version=v5.0
                           DisplayName = .NET 5.0
                           Alias = net5.0
                       .NETCoreApp,Version=v6.0
                           DisplayName = .NET 6.0
                           Alias = net6.0
                       .NETCoreApp,Version=v7.0
                           DisplayName = .NET 7.0
                           Alias = net7.0
                       .NETCoreApp,Version=v8.0
                           DisplayName = .NET 8.0
                           Alias = net8.0
                       .NETCoreApp,Version=v9.0
                           DisplayName = .NET 9.0
                           Alias = net9.0
                   SupportedNETFrameworkTargetFramework
                       .NETFramework,Version=v2.0
                           DisplayName = .NET Framework 2.0
                           Alias = net20
                       .NETFramework,Version=v3.0
                           DisplayName = .NET Framework 3.0
                           Alias = net30
                       .NETFramework,Version=v3.5
                           DisplayName = .NET Framework 3.5
                           Alias = net35
                       .NETFramework,Version=v4.0
                           DisplayName = .NET Framework 4.0
                           Alias = net40
                       .NETFramework,Version=v4.5
                           DisplayName = .NET Framework 4.5
                           Alias = net45
                       .NETFramework,Version=v4.5.1
                           DisplayName = .NET Framework 4.5.1
                           Alias = net451
                       .NETFramework,Version=v4.5.2
                           DisplayName = .NET Framework 4.5.2
                           Alias = net452
                       .NETFramework,Version=v4.6
                           DisplayName = .NET Framework 4.6
                           Alias = net46
                       .NETFramework,Version=v4.6.1
                           DisplayName = .NET Framework 4.6.1
                           Alias = net461
                       .NETFramework,Version=v4.6.2
                           DisplayName = .NET Framework 4.6.2
                           Alias = net462
                       .NETFramework,Version=v4.7
                           DisplayName = .NET Framework 4.7
                           Alias = net47
                       .NETFramework,Version=v4.7.1
                           DisplayName = .NET Framework 4.7.1
                           Alias = net471
                       .NETFramework,Version=v4.7.2
                           DisplayName = .NET Framework 4.7.2
                           Alias = net472
                       .NETFramework,Version=v4.8
                           DisplayName = .NET Framework 4.8
                           Alias = net48
                       .NETFramework,Version=v4.8.1
                           DisplayName = .NET Framework 4.8.1
                           Alias = net481
                   SupportedNETStandardTargetFramework
                       .NETStandard,Version=v1.0
                           DisplayName = .NET Standard 1.0
                           Alias = netstandard1.0
                       .NETStandard,Version=v1.1
                           DisplayName = .NET Standard 1.1
                           Alias = netstandard1.1
                       .NETStandard,Version=v1.2
                           DisplayName = .NET Standard 1.2
                           Alias = netstandard1.2
                       .NETStandard,Version=v1.3
                           DisplayName = .NET Standard 1.3
                           Alias = netstandard1.3
                       .NETStandard,Version=v1.4
                           DisplayName = .NET Standard 1.4
                           Alias = netstandard1.4
                       .NETStandard,Version=v1.5
                           DisplayName = .NET Standard 1.5
                           Alias = netstandard1.5
                       .NETStandard,Version=v1.6
                           DisplayName = .NET Standard 1.6
                           Alias = netstandard1.6
                       .NETStandard,Version=v2.0
                           DisplayName = .NET Standard 2.0
                           Alias = netstandard2.0
                       .NETStandard,Version=v2.1
                           DisplayName = .NET Standard 2.1
                           Alias = netstandard2.1
                   SupportedPlatform
                       Linux
                       macOS
                       Windows
                   SupportedTargetFramework
                       .NETCoreApp,Version=v1.0
                           DisplayName = .NET Core 1.0
                           Alias = netcoreapp1.0
                       .NETCoreApp,Version=v1.1
                           DisplayName = .NET Core 1.1
                           Alias = netcoreapp1.1
                       .NETCoreApp,Version=v10.0
                           DisplayName = .NET 10.0
                           Alias = net10.0
                       .NETCoreApp,Version=v2.0
                           DisplayName = .NET Core 2.0
                           Alias = netcoreapp2.0
                       .NETCoreApp,Version=v2.1
                           DisplayName = .NET Core 2.1
                           Alias = netcoreapp2.1
                       .NETCoreApp,Version=v2.2
                           DisplayName = .NET Core 2.2
                           Alias = netcoreapp2.2
                       .NETCoreApp,Version=v3.0
                           DisplayName = .NET Core 3.0
                           Alias = netcoreapp3.0
                       .NETCoreApp,Version=v3.1
                           DisplayName = .NET Core 3.1
                           Alias = netcoreapp3.1
                       .NETCoreApp,Version=v5.0
                           DisplayName = .NET 5.0
                           Alias = net5.0
                       .NETCoreApp,Version=v6.0
                           DisplayName = .NET 6.0
                           Alias = net6.0
                       .NETCoreApp,Version=v7.0
                           DisplayName = .NET 7.0
                           Alias = net7.0
                       .NETCoreApp,Version=v8.0
                           DisplayName = .NET 8.0
                           Alias = net8.0
                       .NETCoreApp,Version=v9.0
                           DisplayName = .NET 9.0
                           Alias = net9.0
                       .NETFramework,Version=v2.0
                           DisplayName = .NET Framework 2.0
                           Alias = net20
                       .NETFramework,Version=v3.0
                           DisplayName = .NET Framework 3.0
                           Alias = net30
                       .NETFramework,Version=v3.5
                           DisplayName = .NET Framework 3.5
                           Alias = net35
                       .NETFramework,Version=v4.0
                           DisplayName = .NET Framework 4.0
                           Alias = net40
                       .NETFramework,Version=v4.5
                           DisplayName = .NET Framework 4.5
                           Alias = net45
                       .NETFramework,Version=v4.5.1
                           DisplayName = .NET Framework 4.5.1
                           Alias = net451
                       .NETFramework,Version=v4.5.2
                           DisplayName = .NET Framework 4.5.2
                           Alias = net452
                       .NETFramework,Version=v4.6
                           DisplayName = .NET Framework 4.6
                           Alias = net46
                       .NETFramework,Version=v4.6.1
                           DisplayName = .NET Framework 4.6.1
                           Alias = net461
                       .NETFramework,Version=v4.6.2
                           DisplayName = .NET Framework 4.6.2
                           Alias = net462
                       .NETFramework,Version=v4.7
                           DisplayName = .NET Framework 4.7
                           Alias = net47
                       .NETFramework,Version=v4.7.1
                           DisplayName = .NET Framework 4.7.1
                           Alias = net471
                       .NETFramework,Version=v4.7.2
                           DisplayName = .NET Framework 4.7.2
                           Alias = net472
                       .NETFramework,Version=v4.8
                           DisplayName = .NET Framework 4.8
                           Alias = net48
                       .NETFramework,Version=v4.8.1
                           DisplayName = .NET Framework 4.8.1
                           Alias = net481
                       .NETStandard,Version=v1.0
                           DisplayName = .NET Standard 1.0
                           Alias = netstandard1.0
                       .NETStandard,Version=v1.1
                           DisplayName = .NET Standard 1.1
                           Alias = netstandard1.1
                       .NETStandard,Version=v1.2
                           DisplayName = .NET Standard 1.2
                           Alias = netstandard1.2
                       .NETStandard,Version=v1.3
                           DisplayName = .NET Standard 1.3
                           Alias = netstandard1.3
                       .NETStandard,Version=v1.4
                           DisplayName = .NET Standard 1.4
                           Alias = netstandard1.4
                       .NETStandard,Version=v1.5
                           DisplayName = .NET Standard 1.5
                           Alias = netstandard1.5
                       .NETStandard,Version=v1.6
                           DisplayName = .NET Standard 1.6
                           Alias = netstandard1.6
                       .NETStandard,Version=v2.0
                           DisplayName = .NET Standard 2.0
                           Alias = netstandard2.0
                       .NETStandard,Version=v2.1
                           DisplayName = .NET Standard 2.1
                           Alias = netstandard2.1
                   Using
                       System
                       System.Collections.Generic
                       System.IO
                       System.Linq
                       System.Net.Http
                       System.Threading
                       System.Threading.Tasks
                   WindowsSdkSupportedTargetPlatformVersion
                       10.0.17763.0
                           WindowsSdkPackageVersion = 10.0.17763.57
                           MinimumNETVersion = 8.0
                       10.0.17763.0
                           WindowsSdkPackageVersion = 10.0.17763.55
                           MinimumNETVersion = 6.0
                       10.0.17763.0
                           WindowsSdkPackageVersion = 10.0.17763.26
                           MinimumNETVersion = 5.0
                       10.0.17763.1
                           WindowsSdkPackageVersion = 10.0.17763.57
                           MinimumNETVersion = 10.0
                       10.0.18362.0
                           WindowsSdkPackageVersion = 10.0.18362.55
                           MinimumNETVersion = 6.0
                       10.0.18362.0
                           WindowsSdkPackageVersion = 10.0.18362.57
                           MinimumNETVersion = 8.0
                       10.0.18362.0
                           WindowsSdkPackageVersion = 10.0.18362.26
                           MinimumNETVersion = 5.0
                       10.0.18362.1
                           WindowsSdkPackageVersion = 10.0.18362.57
                           MinimumNETVersion = 10.0
                       10.0.19041.0
                           WindowsSdkPackageVersion = 10.0.19041.55
                           MinimumNETVersion = 6.0
                       10.0.19041.0
                           WindowsSdkPackageVersion = 10.0.19041.26
                           MinimumNETVersion = 5.0
                       10.0.19041.0
                           WindowsSdkPackageVersion = 10.0.19041.57
                           MinimumNETVersion = 8.0
                       10.0.19041.1
                           WindowsSdkPackageVersion = 10.0.19041.57
                           MinimumNETVersion = 10.0
                       10.0.20348.0
                           WindowsSdkPackageVersion = 10.0.20348.55
                           MinimumNETVersion = 6.0
                       10.0.20348.0
                           WindowsSdkPackageVersion = 10.0.20348.26
                           MinimumNETVersion = 5.0
                       10.0.20348.0
                           WindowsSdkPackageVersion = 10.0.20348.57
                           MinimumNETVersion = 8.0
                       10.0.20348.1
                           WindowsSdkPackageVersion = 10.0.20348.57
                           MinimumNETVersion = 10.0
                       10.0.22000.0
                           WindowsSdkPackageVersion = 10.0.22000.57
                           MinimumNETVersion = 8.0
                       10.0.22000.0
                           WindowsSdkPackageVersion = 10.0.22000.55
                           MinimumNETVersion = 6.0
                       10.0.22000.0
                           WindowsSdkPackageVersion = 10.0.22000.26
                           MinimumNETVersion = 5.0
                       10.0.22000.1
                           WindowsSdkPackageVersion = 10.0.22000.57
                           MinimumNETVersion = 10.0
                       10.0.22621.0
                           WindowsSdkPackageVersion = 10.0.22621.57
                           MinimumNETVersion = 8.0
                       10.0.22621.0
                           WindowsSdkPackageVersion = 10.0.22621.55
                           MinimumNETVersion = 6.0
                       10.0.22621.1
                           WindowsSdkPackageVersion = 10.0.22621.57
                           MinimumNETVersion = 10.0
                       10.0.26100.0
                           WindowsSdkPackageVersion = 10.0.26100.55
                           MinimumNETVersion = 6.0
                       10.0.26100.0
                           WindowsSdkPackageVersion = 10.0.26100.57
                           MinimumNETVersion = 8.0
                       10.0.26100.1
                           WindowsSdkPackageVersion = 10.0.26100.57
                           MinimumNETVersion = 10.0
                       7.0
                       8.0

10:37:46.475   1:3>Project "c:\Users\niaci\RiderProjects\moenybox_devicecontroller\KIOSK\KIOSK.csproj" (1:3) is building "c:\Users\niaci\RiderProjects\moenybox_devicecontroller\KIOSK.Device.Contracts\KIOSK.Device.Contracts.csproj" (2) on node 1 (_GenerateRestoreProjectPathWalk target(s)).
10:37:46.491     2>Target "_GenerateRestoreProjectPathItemsPerFramework: (TargetId:10)" in file "C:\Program Files\dotnet\sdk\10.0.102\NuGet.targets" from project "c:\Users\niaci\RiderProjects\moenybox_devicecontroller\KIOSK.Device.Contracts\KIOSK.Device.Contracts.csproj" (target "_GenerateRestoreProjectPathItemsCurrentProject" depends on it):
10:37:46.491     2>Task "ConvertToAbsolutePath" (TaskId:10)
                     Output Property: _RestoreGraphAbsoluteProjectPaths= (TaskId:10)
                   Done executing task "ConvertToAbsolutePath". (TaskId:10)
10:37:46.492     2>Done building target "_GenerateRestoreProjectPathItemsPerFramework" in project "KIOSK.Device.Contracts.csproj".: (TargetId:10)
10:37:46.492     2>Target "_GenerateRestoreProjectPathItemsCurrentProject: (TargetId:11)" in file "C:\Program Files\dotnet\sdk\10.0.102\NuGet.targets" from project "c:\Users\niaci\RiderProjects\moenybox_devicecontroller\KIOSK.Device.Contracts\KIOSK.Device.Contracts.csproj" (target "_GenerateRestoreProjectPathItems" depends on it):
10:37:46.492     2>Done building target "_GenerateRestoreProjectPathItemsCurrentProject" in project "KIOSK.Device.Contracts.csproj".: (TargetId:11)
10:37:46.492     2>Target "_GenerateRestoreProjectPathItems: (TargetId:12)" in file "C:\Program Files\dotnet\sdk\10.0.102\NuGet.targets" from project "c:\Users\niaci\RiderProjects\moenybox_devicecontroller\KIOSK.Device.Contracts\KIOSK.Device.Contracts.csproj" (target "_GenerateRestoreProjectPathWalk" depends on it):
                   Task "RemoveDuplicates" (TaskId:11)
                   Done executing task "RemoveDuplicates". (TaskId:11)
10:37:46.492     2>Done building target "_GenerateRestoreProjectPathItems" in project "KIOSK.Device.Contracts.csproj".: (TargetId:12)
10:37:46.492     2>Target "_GenerateRestoreProjectPathWalk: (TargetId:13)" in file "C:\Program Files\dotnet\sdk\10.0.102\NuGet.targets" from project "c:\Users\niaci\RiderProjects\moenybox_devicecontroller\KIOSK.Device.Contracts\KIOSK.Device.Contracts.csproj" (entry point):
                   Task "MSBuild" (TaskId:12)
                     Task Parameter:Targets=_GenerateRestoreProjectPathWalk (TaskId:12)
                     Task Parameter:SkipNonexistentProjects=true (TaskId:12)
                     Task Parameter:Properties=ExcludeRestorePackageImports=true (TaskId:12)
                     Task Parameter:SkipNonexistentTargets=True (TaskId:12)
                     Task Parameter:BuildInParallel=True (TaskId:12)
                   Done executing task "MSBuild". (TaskId:12)
                   Added Item(s): _GenerateRestoreProjectPathWalkOutputs=c:\Users\niaci\RiderProjects\moenybox_devicecontroller\KIOSK.Device.Contracts\KIOSK.Device.Contracts.csproj
                   Task "RemoveDuplicates" (TaskId:13)
                     Output Item(s): _RestoreProjectPathItems=c:\Users\niaci\RiderProjects\moenybox_devicecontroller\KIOSK.Device.Contracts\KIOSK.Device.Contracts.csproj (TaskId:13)
                   Done executing task "RemoveDuplicates". (TaskId:13)
10:37:46.492     2>Done building target "_GenerateRestoreProjectPathWalk" in project "KIOSK.Device.Contracts.csproj".: (TargetId:13)
10:37:46.492     2>Done Building Project "c:\Users\niaci\RiderProjects\moenybox_devicecontroller\KIOSK.Device.Contracts\KIOSK.Device.Contracts.csproj" (_GenerateRestoreProjectPathWalk target(s)).
10:37:47.622   1:3>Done executing task "MSBuild" -- FAILED. (TaskId:9)
10:37:47.622     1>Done executing task "MSBuild" -- FAILED. (TaskId:6)
10:37:47.622     1>Done building target "_GetAllRestoreProjectPathItems" in project "KIOSK.csproj" -- FAILED.: (TargetId:5)
10:37:47.623   1:3>Done building target "_GenerateRestoreProjectPathWalk" in project "KIOSK.csproj" -- FAILED.: (TargetId:9)
10:37:47.623   1:3>Done Building Project "c:\Users\niaci\RiderProjects\moenybox_devicecontroller\KIOSK\KIOSK.csproj" (_GenerateRestoreProjectPathWalk target(s)) -- FAILED.
10:37:47.623     1>Done Building Project "c:\Users\niaci\RiderProjects\moenybox_devicecontroller\KIOSK\KIOSK.csproj" (Restore target(s)) -- FAILED.

Project Evaluation Performance Summary:
       13 ms  c:\Users\niaci\RiderProjects\moenybox_devicecontroller\KIOSK.Device.Contracts\KIOSK.Device.Contracts.csproj   1 calls
      409 ms  c:\Users\niaci\RiderProjects\moenybox_devicecontroller\KIOSK\KIOSK.csproj   2 calls

Project Performance Summary:
        2 ms  c:\Users\niaci\RiderProjects\moenybox_devicecontroller\KIOSK.Device.Contracts\KIOSK.Device.Contracts.csproj   1 calls
                  2 ms  _GenerateRestoreProjectPathWalk            1 calls
     2418 ms  c:\Users\niaci\RiderProjects\moenybox_devicecontroller\KIOSK\KIOSK.csproj   3 calls
               1268 ms  Restore                                    1 calls
                  1 ms  _IsProjectRestoreSupported                 1 calls
               1149 ms  _GenerateRestoreProjectPathWalk            1 calls

Target Performance Summary:
        0 ms  _GenerateRestoreProjectPathItemsCurrentProject   2 calls
        0 ms  _IsProjectRestoreSupported                 1 calls
        0 ms  _GenerateRestoreProjectPathItems           2 calls
        1 ms  _GenerateRestoreProjectPathItemsPerFramework   2 calls
        4 ms  _LoadRestoreGraphEntryPoints               1 calls
      109 ms  _FilterRestoreGraphProjectInputItems       1 calls
     1148 ms  _GenerateRestoreProjectPathWalk            2 calls
     1150 ms  _GetAllRestoreProjectPathItems             1 calls

Task Performance Summary:
        1 ms  ConvertToAbsolutePath                      2 calls
        1 ms  NuGetMessageTask                           1 calls
        2 ms  RemoveDuplicates                           4 calls
        3 ms  WarnForInvalidProjectsTask                 1 calls
     2385 ms  MSBuild                                    4 calls

Build FAILED.
    0 Warning(s)
    0 Error(s)

Time Elapsed 00:00:01.64
